"Experiment","Run","F1","F2","F3","F4","Count_FP","Correlation","Correlation_FP","MAE","LMP","R2","Count_P","Time","First","Second","Third","FirstM","SecondM","ThirdM"
"P1",24,FALSE,FALSE,FALSE,FALSE,7,0.391852607979483,0.391852607979483,3.30056460052056e+241,669.208077059567,-Inf,7,NA,"troot(x4*x4)","x9*troot(x4*x4)","(x7*x9)*troot(x4*x4)",1,1,1
"P2",24,FALSE,FALSE,FALSE,FALSE,5,0.592525122582957,0.592525122582957,0.00155059496785082,700.057650136979,0.999999804189579,5,NA,"troot(x4*x4)","x7*troot(x4*x4)","x9*troot(x4*x4)",1,0.999999912043572,0.99999991204357
"P3",24,FALSE,FALSE,FALSE,FALSE,5,0.414563796041659,0.414563796041659,0.00144525344585634,661.441456355411,0.999999872840941,5,NA,"troot(1+(x4*x4))*x6","troot(1+(x4*x4))","x5",1,1,0.987701140439978
"P4",24,FALSE,TRUE,FALSE,FALSE,5,0.302001797132693,0.162402227067895,0.00241416167036554,677.640720962478,0.999998251585195,6,NA,"troot((x9*x4)*x4)","x6*(troot(x4)*troot(x9*x4))","p3(x5)",0.984517350013094,0.984517350012886,0.984517347157991
"P5",24,FALSE,FALSE,FALSE,FALSE,9,0.845253856034558,0.845253856034558,0.0179251209899722,623.533855065547,0.999521065514667,9,NA,"x4","x7","p0(x4)",1,0.99999999999974,0.999999999726699
"P6",24,TRUE,FALSE,FALSE,FALSE,4,0.223066601229348,0.0288332515366845,9.72961286131608e+158,704.761033072221,-Inf,5,NA,"troot((x4*x4)*x6)","troot(x4*x4)*x8","troot(x8)*troot(x4*x4)",1,1,0.999999999992315
