"Experiment","Run","F1","F2","F3","F4","Count_FP","Correlation","Correlation_FP","MAE","RMSE","LMP","R2","Count_P","Time","First","Second","Third","FirstM","SecondM","ThirdM"
"S1",4,FALSE,FALSE,FALSE,TRUE,1,0.45321301523198,-0.0935728909563669,0.0473953601960228,0.0819481988866083,-94.3406692127019,0.999773096883229,2,657.735,"troot((x7*x4)*x4)","x2","NA",1,0.259653441337075,"NA"
"S2",4,FALSE,FALSE,FALSE,FALSE,3,0.985488592981159,0.985488592981159,0.0930769883178549,0.341689118436729,-99.5125191073178,0.996055209601289,3,790.621,"x4","x4*x10","x4*troot(x4)",0.999999999999997,0.999999999999702,0.999999998541986
"S3",4,FALSE,FALSE,FALSE,FALSE,4,0.715723221996778,0.715723221996778,0.0955343426467692,0.344708367392117,-99.5125191073179,0.995985187321785,4,793.757,"x4","x4*troot(x4)","x4*x10",1,0.999999999784661,0.999992764891164
"S4",4,FALSE,FALSE,FALSE,FALSE,5,0.664069868948425,0.664069868948425,5.68796492020856e+288,Inf,-99.877214903911,-Inf,5,791.187,"troot(x4*x4)","x3*x4","x4",1,0.550855744195049,0.458364135019068
"S5",4,TRUE,FALSE,FALSE,FALSE,0,1,NA,0.0321163163250423,0.0329941770664381,-94.5244319535552,0.999963217924002,1,735.995,"troot(x4*(x4*x6))","NA","NA",1,"NA","NA"
"S6",4,FALSE,FALSE,FALSE,FALSE,4,0.747535016986013,0.747535016986013,0.044073470945433,0.0735717054657298,-100.717970320674,0.99981711281178,4,805.648,"troot(x4*x4)","x6*x4","x4",1,0.999999999988265,0.999991633646208
