"Experiment","Run","Correlation","MAE","RMSE","LMP","R2","Count_P","Time","First","Second","Third","FirstM","SecondM","ThirdM"
"S1",26,0.894919054609073,2.85744744181269,4.49524601791862,-965.340886928853,0.800553515013647,20,5059.98,"x6*x10","p0(x13)*x10","x1",1,1,0.999999592795244
"S2",26,0.889531059951761,2.94262280618978,4.60216551794486,-969.534873635678,0.790953006939439,11,4764.052,"x10*x6","x10*p0(x13)","x6",1,1,1
"S3",26,0.822500667697457,3.66208461464318,7.00335424019796,-973.201542811914,0.515903831704785,19,5544.977,"x6*x10","x1*exp_dbl(x13)","x9*x13",1,0.999999999999985,0.999999999865057
"S4",26,0.868422548886949,3.10089578689581,5.24942636676499,-969.599242055056,0.728016127241322,19,4518.04,"x9*sigmoid(x13)","(x13*x9)*x5","x6*x9",1,1,0.999999999999937
"S5",26,0.847488697265318,3.28800367683114,5.91163166189852,-978.547916030437,0.655067441482853,17,3892.153,"x10*(exp_dbl(x13)*x10)","x6","x11",1,0.999999999999998,0.999999999999785
"S6",26,0.826644798782323,3.4360109019839,7.02523921690835,-973.409802448699,0.512873573224423,18,3783.614,"sigmoid(x13)*x1","x9*p3(x6)","p3(x6)",1,1,1
