"Experiment","Run","F1","F2","F3","F4","Count_FP","Correlation","Correlation_FP","MAE","RMSE","LMP","R2","Count_P","Time","First","Second","Third","FirstM","SecondM","ThirdM"
"S1",26,TRUE,FALSE,FALSE,TRUE,0,0.999999460710163,NA,0.0365303954863468,0.045248780499048,-94.3406692127019,0.999930820822547,2,2600.626,"troot(x4*(x4*x7))","troot(x4*(x4*x6))","NA",0.546007444918931,0.453992566267588,"NA"
"S2",26,FALSE,FALSE,FALSE,TRUE,2,0.665759877520625,0.498640355570775,0.0456441385339156,0.0793427153686403,-94.3406692127019,0.999787295952233,3,2860.379,"troot((x4*x7)*x4)","x10","x4",1,0.226565874532323,0.147168659660047
"S3",26,FALSE,FALSE,FALSE,FALSE,4,0.465279411963006,0.465279411963006,0.0367070701634162,0.0535214051358304,-100.723720798733,0.99990321308454,4,2448.946,"troot(x4*x4)","x8*x4","x4",1,0.999999999053038,0.716295604614134
"S4",26,FALSE,FALSE,FALSE,FALSE,2,0.604544956779782,0.604544956779782,0.0388944342300054,0.0592930664535578,-96.7669448270558,0.999881212851149,2,2910.858,"troot(x4*x4)","x2*x4","NA",1,0.974173360855168,"NA"
"S5",26,FALSE,FALSE,FALSE,FALSE,4,0.58187243788255,0.58187243788255,0.0583299797103036,0.167031642351924,-99.877214903911,0.999057331188367,4,2840.9,"troot(x4*x4)","x4*x3","x4",1,0.665408584532736,0.344695527810344
"S6",26,FALSE,FALSE,FALSE,FALSE,5,0.672587776080866,0.672587776080866,0.0624022172460215,0.193408464516611,-99.877214903911,0.998736100360513,5,2535.696,"troot(x4*x4)","x3*x4","x4",0.980983027911304,0.759540653038487,0.356937458169023
