"Experiment","Run","F1","F2","F3","F4","Count_FP","Correlation","Correlation_FP","MAE","RMSE","LMP","R2","Count_P","Time","First","Second","Third","FirstM","SecondM","ThirdM"
"S1",25,TRUE,FALSE,FALSE,FALSE,1,0.462258623933997,-0.075482752132005,0.0312908880628549,0.0330248287213971,-94.5244319535552,0.999963149551017,2,914.786000000022,"troot(x6*(x4*x4))","x6","NA",1,0.13174912937365,"NA"
"S2",25,FALSE,FALSE,FALSE,FALSE,4,0.469801946669097,0.469801946669097,0.0355963504165265,0.0526985046345467,-100.723720798733,0.999906166434356,4,1068.44500000001,"troot(x4*x4)","x8*x4","x4",1,0.999998590099256,0.777634956120474
"S3",25,FALSE,FALSE,FALSE,FALSE,2,0.604544956779782,0.604544956779782,0.0389616911687559,0.0601913002892662,-96.7669448270558,0.999877586564487,2,909.848999999987,"troot(x4*x4)","x2*x4","NA",1,0.993562938532555,"NA"
"S4",25,TRUE,FALSE,FALSE,FALSE,1,0.996429648845025,0.992859297690051,0.0320639484617115,0.0329730674651054,-94.5244319535552,0.999963264975127,2,1035.97400000005,"troot((x4*x6)*x4)","x4","NA",1,0.100348968360144,"NA"
"S5",25,FALSE,FALSE,FALSE,FALSE,3,0.985488592981159,0.985488592981159,0.0930399671701927,0.341581798578473,-99.5125191073178,0.996057687221082,3,1029.84400000004,"x4","x10*x4","troot(x4)*x4",0.999999989599637,0.999996543953732,0.999996542363935
"S6",25,FALSE,FALSE,FALSE,FALSE,3,0.547637388260404,0.547637388260404,0.0380559742954662,0.0538242664001158,-106.809773752284,0.999902114610232,3,1038.70399999997,"x6*troot(x4*x4)","troot(x4*x4)","x3",0.99999999999748,0.999999749545243,0.10007195070113
