"Experiment","Run","F1","F2","F3","F4","Count_FP","Correlation","Correlation_FP","MAE","RMSE","LMP","R2","Count_P","Time","First","Second","Third","FirstM","SecondM","ThirdM"
"S1",10,TRUE,FALSE,FALSE,FALSE,4,0.618057677465833,0.522572096832292,0.000849064666522065,0.0018237291941603,687.881431327976,0.999999887621731,5,2175.884,"troot((x4*x6)*x4)","x4","x4*x8",1,0.999911477792571,0.599018378682378
"S2",10,FALSE,FALSE,FALSE,FALSE,4,0.742007616067627,0.742007616067627,0.00163543538761258,0.00240358159973667,692.585885264178,0.999999804800196,4,2502.432,"troot(x4*x4)","troot(x4*x4)*x9","x7*troot(x4*x4)",1,1,1
"S3",10,TRUE,FALSE,FALSE,FALSE,1,0.999999656085019,0.999999312170039,0.000806546662444351,0.0016235314565567,679.647472546039,0.999999910939926,2,2003.466,"troot(x4)*troot(x4)","troot(x4*(x4*x6))","NA",0.994491194351057,0.989691204697665,"NA"
"S4",10,FALSE,FALSE,FALSE,FALSE,6,0.517560521539111,0.517560521539111,0.00154808155452103,0.00240746225511209,700.057650136979,0.999999804169375,6,2006.242,"troot(x4*x4)","troot(x4*x4)*x9","x7*troot(x4*x4)",1,1,1
"S5",10,FALSE,FALSE,FALSE,FALSE,2,0.999997126066956,0.999997126066956,0.00165786802183484,0.00243506709087219,642.463347803474,0.999999799652698,2,2583.548,"troot(x4*x4)","troot(1+((x4*x4)+(x4*x10)))*x6","NA",1,1,"NA"
"S6",10,FALSE,FALSE,FALSE,FALSE,5,0.400519156341391,0.400519156341391,0.00210904670397081,0.00391218762958077,670.218564558886,0.999999482868507,5,2294.703,"troot(x4)*troot(x4)","x9*(troot(x6*x4)*troot(x6*x4))","x7",1,1,0.999999997474885
