"Experiment","Run","F1","F2","F3","F4","Count_FP","Correlation","Correlation_FP","MAE","LMP","R2","Count_P","Time","First","Second","Third","FirstM","SecondM","ThirdM"
"P1",32,FALSE,FALSE,FALSE,FALSE,11,0.691354040113969,0.691354040113969,6.34012101364131e+282,632.345748851668,-Inf,11,NA,"x4","(x10*(x6*x4))*x6","x4*sin_deg(x4)",0.915233758091589,0.914921640089118,0.914921640089118
"P2",32,FALSE,FALSE,FALSE,FALSE,3,0.668521412733855,0.668521412733855,0.00094930810157348,683.811225967151,0.999999910820159,3,NA,"x6*troot(x4*x4)","troot(x4*x4)","x9",1,1,0.234675581085969
"P3",32,FALSE,FALSE,FALSE,FALSE,9,0.652039186751479,0.652039186751479,1.5189738315908e+258,596.391651233593,-Inf,9,NA,"x4*x9","x7","x4",0.999999999990843,0.999999999990843,0.99999999883573
"P4",32,TRUE,FALSE,FALSE,TRUE,8,0.585294612977777,0.48161840104468,0.00264958395541161,689.525500274197,0.999996985838259,10,NA,"troot(x4*x4)","p3(x1*x4)","troot(x7*(x4*x4))",0.860214368886726,0.794594224385702,0.794594208821202
"P5",32,FALSE,FALSE,FALSE,FALSE,11,0.647754331412208,0.647754331412208,0.0207932316343128,557.650165649324,0.99935854162119,11,NA,"p3(x6)*x4","p3(p0(x4))","x10*(p3(x6)*x4)",0.999999999931162,0.999999999931162,0.999999999931162
"P6",32,FALSE,FALSE,FALSE,FALSE,6,0.334458418037592,0.334458418037592,0.00432725575780773,660.548379432447,0.999987162078452,6,NA,"troot(x4*(x9*x4))*x9","troot(x4)*troot(x4)","p3(x7)",0.990729046045727,0.990729046045727,0.990729046045138
