"Experiment","Run","F1","F2","F3","F4","Count_FP","Correlation","Correlation_FP","MAE","LMP","R2","Count_P","Time","First","Second","Third","FirstM","SecondM","ThirdM"
"P1",32,FALSE,FALSE,FALSE,FALSE,15,0.583837572724223,0.583837572724223,0.0715192296114082,624.362357811173,0.991314683527376,15,453.286,"x4*x2","x4*troot(x4)","x4",1,1,1
"P2",32,FALSE,FALSE,FALSE,FALSE,4,0.48252037151739,0.48252037151739,0.000922865266382112,673.551428537307,0.999999910782299,4,413.627999999997,"x6*(troot(x4)*troot(x4))","troot(x4)*troot(x4)","x9",1,1,0.55721069068167
"P3",32,FALSE,TRUE,FALSE,FALSE,7,0.753943282300548,0.718792372992529,0.0153360113594226,570.975115734708,0.999710280624047,8,434.827000000005,"troot((x4*x9)*x4)","(x4*x10)*x10","x7*(x4*x9)",1,1,1
"P4",32,FALSE,FALSE,FALSE,FALSE,13,0.468210792218151,0.468210792218151,0.394166821746869,582.686484703912,0.723912227233025,13,472.513000000006,"troot(x4)*(x4*x4)","(x2*x4)*(x4*x8)","x4",1,1,1
"P5",32,FALSE,FALSE,FALSE,FALSE,10,0.510683009453744,0.510683009453744,0.368607625793002,443.418025440514,0.789319542583517,10,513.038,"x4","x5*(((x6*x6)*(x4*(x4*x3)))*x4)","x4*x3",1,1,1
"P6",32,FALSE,FALSE,FALSE,FALSE,12,0.57263000098616,0.57263000098616,0.0406127174586188,617.190295440172,0.997623749319218,12,431.815999999992,"x4","troot(1+troot(x4*x6))*x4","troot(x4*x6)",1,1,1
