"Experiment","Run","F1","F2","F3","F4","Count_FP","Correlation","Correlation_FP","MAE","RMSE","LMP","R2","Count_P","Time","First","Second","Third","FirstM","SecondM","ThirdM"
"S1",13,FALSE,FALSE,FALSE,FALSE,3,0.404503775670354,0.404503775670354,0.0388699737325111,0.0605431276433104,-96.7669448270559,0.999876151331635,3,2129.41800000001,"troot(x4*x4)","x2*x4","x10",0.999999999999244,0.97329635584634,0.175769518095629
"S2",13,FALSE,FALSE,FALSE,FALSE,2,0.604544956779782,0.604544956779782,0.0389595830734814,0.0601835774087026,-96.7669448270558,0.999877617975129,2,2318.24299999996,"troot(x4*x4)","x2*x4","NA",1,0.999999999557716,"NA"
"S3",13,FALSE,FALSE,FALSE,FALSE,3,0.733983070416538,0.733983070416538,0.0387084352292684,0.0589101879040246,-96.7669448270559,0.999882742008249,3,2436.66599999997,"troot(x4*x4)","x4*x2","x4",1,0.947042253419082,0.119040438885928
"S4",13,FALSE,FALSE,FALSE,FALSE,2,0.604544956779782,0.604544956779782,0.0389617436351387,0.0601858086617021,-96.7669448270558,0.99987760890055,2,2329.049,"troot(x4*x4)","x2*x4","NA",0.99999999992918,0.99999999992918,"NA"
"S5",13,TRUE,FALSE,FALSE,FALSE,1,0.996429648845025,0.992859297690051,0.0318971437854009,0.0329525388860418,-94.5244319535552,0.999963310702332,2,2439.10200000001,"troot(x4*(x6*x4))","x4","NA",0.999938994968653,0.100067471209274,"NA"
"S6",13,TRUE,FALSE,FALSE,FALSE,1,0.50221070672575,0.00442141345149907,0.0313976268245661,0.0347950166935565,-94.5244319535552,0.999959093178637,2,2140.609,"troot(x4*(x6*x4))","x10","NA",0.99987910305421,0.329359172500181,"NA"
