"Experiment","Run","F1","F2","F3","F4","Count_FP","Correlation","Correlation_FP","MAE","LMP","R2","Count_P","Time","First","Second","Third","FirstM","SecondM","ThirdM"
"P1",26,FALSE,FALSE,FALSE,FALSE,4,0.73688753300508,0.73688753300508,0.0393974260454265,-100.720409257459,0.999889591878605,4,407.627,"troot(x4*x4)","x4","x8*x4",0.997365988669751,0.845794799958405,0.577704626307143
"P2",26,FALSE,FALSE,FALSE,FALSE,3,0.371839007534399,0.371839007534399,0.0402268408593745,-101.896843541979,0.999870175334681,3,379.928,"x4*x2","troot((x4*x4))","x2",0.99999999997276,0.994836137628085,0.194203659420093
"P4",26,FALSE,FALSE,FALSE,FALSE,4,0.262715586591847,0.262715586591847,0.040457525080688,-96.7669448270559,0.999868939059161,4,435.940000000002,"troot(x4*x4)","x2*x4","x2",1,0.999999994065709,0.20699441023286
