"Experiment","Run","F1","F2","F3","F4","Count_FP","Correlation","Correlation_FP","MAE","LMP","R2","Count_P","Time","First","Second","Third","FirstM","SecondM","ThirdM"
"P1",28,TRUE,FALSE,FALSE,FALSE,4,0.991293018222703,0.989116272778379,0.0629835926653104,-99.5125191073178,0.998439517755811,5,NA,"x4","x10*x4","x4*troot(x4)",0.695578742511298,0.610512107453474,0.591510291959674
"P2",28,TRUE,FALSE,FALSE,FALSE,0,1,NA,0.0317411855855251,-94.5244319535552,0.999965139477378,1,NA,"troot((x4*x6)*x4)","NA","NA",0.894658462502017,"NA","NA"
"P3",28,TRUE,FALSE,FALSE,FALSE,0,1,NA,0.0307212727916394,-94.5244319535552,0.999967793177874,1,NA,"troot(x4*(x6*x4))","NA","NA",0.903966005533691,"NA","NA"
"P4",28,FALSE,FALSE,FALSE,TRUE,3,0.480449220107468,0.307265986336515,0.0447995060882114,-94.3406692127019,0.999802928176504,4,NA,"troot((x4*x4)*x7)","x10","x4",0.990475087626898,0.220097412266995,0.142913740691306
"P5",28,FALSE,FALSE,FALSE,FALSE,5,0.865852860767065,0.865852860767065,0.0730664983227672,-99.5125191073178,0.997127893395303,5,NA,"x4","troot(x4)*x4","x4*x10",0.657275910143078,0.594218508194923,0.584355224571211
"P6",28,TRUE,FALSE,TRUE,FALSE,3,0.790938066101206,0.651563512936131,0.0333270704097798,-99.6543306684783,0.999953517831629,5,NA,"troot(x4)*troot(x6*x4)","troot(x4*x4)","troot((x4*x9)*(x4*x9))",0.593097713970912,0.204735624911948,0.202165663104877
