"Experiment","Run","F1","F2","F3","F4","Count_FP","Correlation","Correlation_FP","MAE","LMP","R2","Count_P","Time","First","Second","Third","FirstM","SecondM","ThirdM"
"P1",28,FALSE,FALSE,FALSE,FALSE,5,0.579246503231833,0.579246503231833,0.0942327522145167,-99.5125191073178,0.996088149768434,5,585.510000000009,"x4","x10*x4","x4*troot(x4)",0.999999983901275,0.999927702434991,0.94625995600674
"P2",28,FALSE,FALSE,FALSE,FALSE,2,0.604544956779782,0.604544956779782,0.0386668768037119,-96.7669448270558,0.99988328527044,2,594.75,"troot(x4*x4)","x4*x2","NA",0.999999114602794,0.99528204183232,"NA"
"P3",28,FALSE,FALSE,FALSE,FALSE,5,0.577080888052594,0.577080888052594,0.0947385211070691,-104.642417822241,0.996064821471299,5,575.660000000033,"x4","x10*x4","troot(x4)*x4",1,1,1
"P4",28,FALSE,FALSE,FALSE,TRUE,3,0.480449220107468,0.307265986336515,0.0454047932147768,-94.3406692127019,0.999786781013475,4,597.359999999986,"troot((x4*x4)*x7)","x10","x4",1,0.222212912245757,0.138614009246369
"P5",28,FALSE,FALSE,FALSE,FALSE,5,0.37509390717208,0.37509390717208,0.110551917756057,-103.594302692051,0.993933073364653,5,579.559999999823,"x4","troot(x4)*x4","x10*(x8*x4)",1,1,0.999625346606605
"P6",28,FALSE,FALSE,TRUE,FALSE,1,0.453213450370635,-0.0935728909563669,0.0392782797833437,-100.73060235727,0.999878280855262,2,608.830000000075,"troot((x4*x9)*(x4*x9))","x2","NA",1,0.414203121349941,"NA"
