"Experiment","Run","F1","F2","F3","F4","Count_FP","Correlation","Correlation_FP","MAE","LMP","R2","Count_P","Time","First","Second","Third","FirstM","SecondM","ThirdM"
"P1",28,FALSE,FALSE,FALSE,FALSE,5,0.989865027149196,0.989865027149196,0.0722378796329119,-99.5125191073178,0.997668019661233,5,516.909999999916,"x4","x10*x4","troot(x4)*x4",0.994770121548159,0.750889649489515,0.750064277962445
"P2",28,FALSE,FALSE,FALSE,FALSE,4,0.575250786586522,0.575250786586522,0.0693692879221246,-99.877214903911,0.998008942769276,4,549.729999999981,"troot(x4*x4)","x4*x3","x7",1,0.999999977325843,0.135914344043802
"P3",28,FALSE,FALSE,FALSE,FALSE,3,0.381478412441251,0.381478412441251,0.0389742002183985,-96.7669448270558,0.999872748598586,3,518.560000000056,"troot(x4*x4)","x2*x4","x7",0.999999999999998,0.999999999860304,0.180729634231099
"P4",28,FALSE,FALSE,FALSE,FALSE,3,0.985488592981159,0.985488592981159,0.0930763397128701,-99.5125191073178,0.99605531346714,3,541.569999999949,"x4","troot(x4)*x4","x10*x4",1,0.999997780804708,0.999992269540331
"P5",28,FALSE,FALSE,FALSE,FALSE,3,0.997602325876635,0.997602325876635,0.0420512457712969,-127.375137538662,0.999870597510065,3,513.800000000047,"troot(1+(x4*x4))","x7*troot(1+(x4*x4))","x4",0.99999427987124,0.99791919486354,0.150353850296959
"P6",28,FALSE,FALSE,FALSE,FALSE,5,0.576579181441009,0.576579181441009,0.0399515931898454,-100.717970320674,0.999881237330259,5,520.869999999879,"troot(x4*x4)","x4","x8*x4",1,0.841592035613637,0.554527350460221
