"Experiment","Run","F1","F2","F3","F4","Count_FP","Correlation","Correlation_FP","MAE","LMP","R2","Count_P","Time","First","Second","Third","FirstM","SecondM","ThirdM"
"P1",28,TRUE,FALSE,FALSE,FALSE,0,1,NA,0.0323222297637727,-99.6543306684783,0.999962683059413,1,576.979999999981,"troot((x4*(x4*x6)))","NA","NA",0.999999999991898,"NA","NA"
"P2",28,FALSE,FALSE,FALSE,FALSE,3,0.985488592981159,0.985488592981159,0.0930604033975654,-99.5125191073178,0.996054624914075,3,570.609999999986,"x4","x4*x10","troot(x4)*x4",1,1,1
"P3",28,TRUE,FALSE,FALSE,FALSE,0,1,NA,0.03188733525578,-94.5244319535552,0.999963357815021,1,549.869999999995,"troot(x4*(x6*x4))","NA","NA",1,"NA","NA"
"P4",28,FALSE,FALSE,FALSE,FALSE,1,0.999999778957162,0.999999778957162,0.063580518294771,-107.309298143176,0.999006615319462,1,577.630000000005,"(troot(x4)*troot(x4))*sigmoid(x7)","NA","NA",1,"NA","NA"
"P5",28,FALSE,FALSE,FALSE,FALSE,3,0.985488592981159,0.985488592981159,0.0930754626925922,-99.5125191073178,0.99605590211523,3,540.790000000037,"x4","troot(x4)*x4","x4*x10",1,1,0.999998445376584
"P6",28,TRUE,FALSE,FALSE,FALSE,0,1,NA,0.032280478106425,-99.6543306684783,0.999962685588856,1,602.269999999786,"troot(x4)*troot(x6*x4)","NA","NA",1,"NA","NA"
