"Experiment","Run","Correlation","MAE","RMSE","LMP","R2","Count_P","Time","First","Second","Third","FirstM","SecondM","ThirdM"
"S1",29,0.834163210207445,3.6080545456088,5.57595431150574,-2838.29530761361,0.693127571712945,15,3281.332,"x1","x2","x1*x13",1,1,1
"S2",29,0.869623204557463,3.51153090786991,5.05407380301571,-3279.32132591549,0.747882718407107,15,7826.173,"x1","x2","exp_dbl(x8)",1,1,1
"S3",29,0.844053627540687,3.64158199911069,5.44047358393134,-3358.38823062879,0.707858759757019,15,3382.296,"x1","p3(x8)","x4",1,1,1
"S4",29,0.881606433355108,3.03738561442284,4.76835382633671,-2285.30932939199,0.775582663005988,15,3375.917,"troot(x13*x6)","exp_dbl(x8)","x13*troot(x13)",1,1,1
"S5",29,0.717868929913692,4.13668820380883,9.34859868902599,-1931.93556351,0.137393967688374,15,7845.737,"x1","p0(p0(x1))","(x6*exp_dbl(x13))*exp_dbl(x13)",1,1,1
"S6",29,0.856941012834058,3.24036500285893,5.39436868869115,-1984.08462182176,0.712789238489728,15,7956.149,"x10*x5","x13*x1","exp_dbl(x13)",1,1,1
