"Experiment","Run","Correlation","MAE","RMSE","LMP","R2","Count_P","Time","First","Second","Third","FirstM","SecondM","ThirdM"
"S1",10,0.895016644369983,2.84938799525201,4.49334901847529,-965.340886928853,0.800721812827571,18,4525.852,"p0(x13)*x10","x10*x6","x1",1,1,0.999999927279812
"S2",10,0.823774658221566,3.64664265291935,6.58765453303255,-973.154475957251,0.571667440038088,10,4782.341,"exp_dbl(x13)*x1","(x5*x11)*x6","x8",1,1,1
"S3",10,0.803207374211732,3.75651799851039,7.42590615135153,-970.461811972113,0.455725021382691,21,6383.195,"sigmoid(x13)*x1","x6*x10","x10",1,0.999999999999995,0.999999999999428
"S4",10,0.832328727159221,3.48622973371381,6.65246734152138,-964.477964002881,0.563197657100856,18,4396.644,"exp_dbl(x13)*x1","x6*x10","x13*x10",1,1,1
"S5",10,0.894882308754174,2.85281036556816,4.49603890527364,-965.340886928853,0.80048315065902,13,3485.091,"p0(x13)*x10","x10","x11",1,0.999999999999991,0.999999999999405
"S6",10,0.865886940179685,2.96058393323686,5.06474891497759,-983.137520205548,0.746816559639814,11,3981.759,"x9","p3(x6)*x9","(exp_dbl(x13)*x9)*x13",1,1,1
