"Experiment","Run","F1","F2","F3","F4","Count_FP","Correlation","Correlation_FP","MAE","RMSE","LMP","R2","Count_P","Time","First","Second","Third","FirstM","SecondM","ThirdM"
"S1",6,FALSE,FALSE,FALSE,FALSE,2,0.604544956779782,0.604544956779782,0.0387111470822091,0.0610249790850815,-96.7669448270558,0.999874172109898,2,2570.349,"troot(x4*x4)","x4*x2","NA",1,1,"NA"
"S2",6,FALSE,FALSE,FALSE,TRUE,1,0.45321301523198,-0.0935728909563669,0.0473735999491141,0.081926518615608,-94.3406692127019,0.999773216926632,2,2531.705,"troot(x7*(x4*x4))","x2","NA",1,0.260353304713686,"NA"
"S3",6,FALSE,FALSE,FALSE,TRUE,1,0.996429109555188,0.992859297690051,0.0438022833568539,0.0766022858283264,-94.3406692127019,0.999801735438241,2,2683.366,"troot((x7*x4)*x4)","x4","NA",0.998159666722723,0.14939673640617,"NA"
"S4",6,FALSE,FALSE,FALSE,FALSE,3,0.377869053809186,0.377869053809186,0.0367663223468128,0.0590237579237523,-96.7669448270558,0.999882289460753,3,2877.252,"troot(x4*x4)","x4*x2","x6",0.999999775589496,0.999999775589482,0.214174008628707
"S6",6,FALSE,FALSE,FALSE,FALSE,3,0.371839007534399,0.371839007534399,0.0402315506150449,0.0620015005482563,-96.7669448270559,0.999870112895167,3,2210.032,"troot(x4*x4)","x4*x2","x2",1,0.993560590849681,0.207008966767558
