"Experiment","Run","F1","F2","F3","F4","Count_FP","Correlation","Correlation_FP","MAE","RMSE","LMP","R2","Count_P","Time","First","Second","Third","FirstM","SecondM","ThirdM"
"S1",2,FALSE,FALSE,FALSE,FALSE,14,0.613984972879755,0.613984972879755,0.086449938060107,0.595773504614689,590.778481174598,0.98800710568995,14,2101.995,"p3(x6)","x9*(x4*x2)","(x10*x4)*x6",1,1,1
"S2",2,FALSE,FALSE,FALSE,FALSE,5,0.213510647017688,0.213510647017688,0.00178277041195002,0.00327026250168552,701.410762933293,0.999999638650994,5,2117.353,"troot(x4*((x4*troot(x9))*x6))","p3(x5)","troot((x4*(x4*x8)))",1,1,1
"S3",2,FALSE,FALSE,FALSE,FALSE,8,0.410588489021402,0.410588489021402,0.00179325638048106,0.00365356565622566,687.661132439271,0.999999548980345,8,2012.735,"troot(x4*x4)*x7","x9*troot(x4*x4)","(x9*troot(x4*x4))*x7",1,1,1
"S4",2,FALSE,FALSE,FALSE,FALSE,4,0.537075438630361,0.537075438630361,0.000919405799273897,0.00158929469901345,683.955183587772,0.999999914656489,4,2310.609,"x6*troot(x4*x4)","troot(x4*x4)","x9",1,1,0.540005355616029
"S5",2,FALSE,FALSE,FALSE,FALSE,5,0.592525122582957,0.592525122582957,0.00154856532720433,0.00240439548518613,700.057650136979,0.999999804667979,5,2046.314,"x7*troot(x4*x4)","troot(x4*x4)","troot(x4*x4)*x9",1,1,1
"S6",2,FALSE,FALSE,FALSE,FALSE,5,0.592525122582957,0.592525122582957,0.00156300437876824,0.00242973316069976,700.057650136979,0.999999800529444,5,2704.715,"troot(x4*x4)","x9*troot(x4*x4)","x7*troot(x4*x4)",1,1,0.999999999652302
