"Experiment","Run","F1","F2","F3","F4","Count_FP","Correlation","Correlation_FP","MAE","LMP","R2","Count_P","Time","First","Second","Third","FirstM","SecondM","ThirdM"
"P1",30,FALSE,FALSE,FALSE,FALSE,4,0.527094080073312,0.527094080073312,0.0366312413369496,-96.7669448270558,0.999913498132754,4,NA,"troot(x4*x4)","x2*x4","x2",0.968287785903103,0.956177948051824,0.171183982564662
"P2",30,FALSE,FALSE,FALSE,FALSE,3,0.371839007534399,0.371839007534399,0.0372910711551664,-96.7669448270558,0.99991927182498,3,NA,"troot(x4*x4)","x2*x4","x2",0.969550737352686,0.948406527851351,0.190462371257675
"P3",30,TRUE,FALSE,FALSE,FALSE,1,0.996429648845025,0.992859297690051,0.0324268822152179,-94.5244319535552,0.99996120298153,2,NA,"troot(x4*(x6*x4))","x4","NA",0.991220860508828,0.101196351576864,"NA"
"P4",30,FALSE,FALSE,FALSE,FALSE,4,0.260008567617798,0.260008567617798,0.037383022649135,-96.7669448270558,0.999896330280016,4,NA,"troot(x4*x4)","x4*x2","x6",0.999812396358644,0.96090986917974,0.114106698546767
"P5",30,FALSE,FALSE,FALSE,FALSE,7,0.728974486080121,0.728974486080121,0.054061287346773,-102.146901329513,0.99929044923326,7,NA,"x4","p0(x4)*x4","x7*x4",0.999998791324246,0.788725132862119,0.604513952034472
