"Experiment","Run","F1","F2","F3","F4","Count_FP","Correlation","Correlation_FP","MAE","LMP","R2","Count_P","Time","First","Second","Third","FirstM","SecondM","ThirdM"
"P1",30,FALSE,FALSE,FALSE,FALSE,3,0.371839007534399,0.371839007534399,0.0400090802776016,-96.7669448270558,0.99987075857642,3,379.697,"troot(x4*x4)","x2*x4","x2",0.999999986339581,0.988869192628397,0.193845613203454
"P2",30,FALSE,FALSE,FALSE,FALSE,3,0.371839007534399,0.371839007534399,0.0402408221112957,-96.7669448270558,0.999866187297972,3,373.699999999997,"troot(x4*x4)","x2*x4","x2",1,0.999999999972686,0.193862029393156
"P3",30,FALSE,FALSE,FALSE,FALSE,3,0.985488592981159,0.985488592981159,0.0924966703453643,-99.5125191073178,0.996049013369549,3,462.700000000004,"x4","x10*x4","troot(x4)*x4",1,0.997408787435076,0.984016758058159
"P4",30,FALSE,FALSE,FALSE,FALSE,4,0.260008567617798,0.260008567617798,0.0379873022971843,-96.7669448270558,0.99987261975596,4,369.455999999998,"troot(x4*x4)","x4*x2","x6",1,0.999999999999999,0.215764288944947
"P5",30,FALSE,FALSE,FALSE,FALSE,5,0.831995580321238,0.831995580321238,0.0425515862278932,-102.146901329513,0.999636560300771,5,358.955000000002,"x4","p0(x4)*x4","x4*x7",0.999999986612052,0.999999966950512,0.76638612509971
