"Experiment","Run","F1","F2","F3","F4","Count_FP","Correlation","Correlation_FP","MAE","RMSE","LMP","R2","Count_P","Time","First","Second","Third","FirstM","SecondM","ThirdM"
"S1",25,TRUE,FALSE,FALSE,FALSE,0,1,NA,0.0321164864776198,0.032994592281457,-94.5244319535552,0.999963216998229,1,719.589,"troot(x4*(x4*x6))","NA","NA",1,"NA","NA"
"S2",25,FALSE,FALSE,TRUE,FALSE,0,0.999999791697638,NA,0.0367307163617372,0.0555931121813882,-100.73060235727,0.999895575210099,1,731.12,"troot((x4*x9)*(x4*x9))","NA","NA",0.999999999407894,"NA","NA"
"S3",25,FALSE,TRUE,FALSE,FALSE,1,0.996429472573367,0.992859297690051,0.0755526109903985,0.30130211197374,-103.291084626166,0.996932631257896,2,718.069,"troot(x9*(x4*x4))","x4","NA",0.999999974460735,0.90335350789964,"NA"
"S4",25,TRUE,FALSE,FALSE,FALSE,0,1,NA,0.0321162686878518,0.0329940485994226,-94.5244319535552,0.999963218210433,1,731.034,"troot(x4*(x6*x4))","NA","NA",1,"NA","NA"
"S5",25,FALSE,FALSE,FALSE,TRUE,2,0.639125155659457,0.458688272779023,0.0427114733995229,0.0756428435608712,-94.3406692127019,0.999806670855671,3,697.328,"troot(x4*(x4*x7))","x4","x6",1,0.155052201921469,0.133655866777572
"S6",25,FALSE,FALSE,FALSE,FALSE,4,0.260008567617798,0.260008567617798,0.0387789110915666,0.0589978259575698,-96.7669448270558,0.999882392869796,4,743.126,"troot(x4*x4)","x4*x2","x6",1,0.97334895606981,0.177954422375898
