"Experiment","Run","F1","F2","F3","F4","Count_FP","Correlation","Correlation_FP","MAE","RMSE","LMP","R2","Count_P","Time","First","Second","Third","FirstM","SecondM","ThirdM"
"S1",24,FALSE,FALSE,FALSE,FALSE,3,0.971004060181433,0.971004060181433,0.0460467465030562,0.123617638006923,-100.740462289754,0.999483675755556,3,2693.179,"x4*p0(x4)","x4","x4*p0(x10)",1,1,0.99944079217721
"S2",24,FALSE,FALSE,FALSE,TRUE,1,0.502210167435913,0.00442141345149907,0.0452989171850422,0.0794622284629664,-94.3406692127019,0.999786654681905,2,2820.544,"troot(x4*(x4*x7))","x10","NA",1,0.218849037135071,"NA"
"S3",24,FALSE,FALSE,FALSE,FALSE,3,0.371839007534399,0.371839007534399,0.040163362310964,0.0627268622422761,-101.896843541979,0.999867055993459,3,2686.355,"x4*x2","troot(x4)*troot(x4)","x2",0.99999999993382,0.999991460524473,0.181509714590773
"S4",24,FALSE,FALSE,FALSE,FALSE,3,0.733983070416538,0.733983070416538,0.0389895897458578,0.0602191777214022,-96.7669448270558,0.999877473147349,3,2817.202,"troot(x4*x4)","x2*x4","x4",0.986171128667256,0.981867874075162,0.106087337931093
"S6",24,TRUE,FALSE,FALSE,FALSE,0,1,NA,0.0322756718711139,0.0332626636945358,-94.5244319535552,0.999962616867886,1,2487.901,"troot(x4*(x4*x6))","NA","NA",1,"NA","NA"
