"Experiment","Run","F1","F2","F3","F4","Count_FP","Correlation","Correlation_FP","MAE","LMP","R2","Count_P","Time","First","Second","Third","FirstM","SecondM","ThirdM"
"P1",19,FALSE,FALSE,FALSE,FALSE,5,0.414563744256955,0.414563744256955,14.3732439979778,647.801093670881,-375.86937133382,5,NA,"troot(x4)*troot(x4)","(troot(1+x4)*troot(1+x4))*x6","x5",0.968755212812426,0.968755212812425,0.958415092345749
"P2",19,FALSE,TRUE,FALSE,FALSE,4,0.37804850859831,0.222560723883716,0.0020970521581349,684.554214315403,0.999999589783634,5,NA,"troot((x9*x4)*x4)","x7*(x9*troot((x9*x4)*x4))","x9*(p3(x8)*x5)",0.999999494243988,0.999999494243988,0.999999494243715
"P4",19,FALSE,FALSE,FALSE,FALSE,5,0.414563800477888,0.414563800477888,0.000911339676674542,673.695386157928,0.999999914968847,5,NA,"(troot(x4)*troot(x4))*x6","troot(x4)*troot(x4)","x9",0.999999999995958,0.999999999995822,0.616168868463799
"P5",19,FALSE,FALSE,FALSE,FALSE,13,0.686826049523649,0.686826049523649,0.0587785489118289,572.60768173196,0.994054686847694,13,NA,"x4","troot(x4*x6)*troot(troot(x4*x6))","troot(x4*x6)*(x4*x6)",1,0.999999999999974,0.999999999999974
"P6",19,FALSE,FALSE,FALSE,FALSE,4,0.748419530681168,0.748419530681168,0.001675165834136,683.620642387815,0.999999790810521,4,NA,"troot(x4)*troot(x4)","x9*(troot(x4)*troot(x4))","x7*(troot(x4)*troot(x4))",1,0.999951079065857,0.999951079065857
