"Experiment","Run","F1","F2","F3","F4","Count_FP","Correlation","Correlation_FP","MAE","LMP","R2","Count_P","Time","First","Second","Third","FirstM","SecondM","ThirdM"
"P5",14,TRUE,FALSE,FALSE,FALSE,3,0.986354889276177,0.981806519034903,0.000741351296201482,668.578402807655,0.999999934303186,4,549.429999999993,"troot((x6*x4)*x4)","(x6*x4)*x10","x4*(x4*x10)",1,0.999503320574172,0.99950306746183
"P1",14,FALSE,FALSE,FALSE,FALSE,15,0.41892834460619,0.41892834460619,0.0831283070292034,367.097724804705,0.991386835233585,15,691.27999999997,"troot(x4*x10)","x4","x10*(x4*(x4*x10))",1,1,1
"P2",14,FALSE,FALSE,FALSE,FALSE,4,0.537075438630361,0.537075438630361,0.000920171661190688,683.955183587773,0.999999915187968,4,578.509999999951,"troot(x4*x4)","troot(x4*x4)*x6","x9",1,1,0.598361713571908
"P3",14,FALSE,FALSE,FALSE,FALSE,11,0.636760049048423,0.636760049048423,0.00482949695094977,571.319098998757,0.999990893264062,11,542.020000000019,"troot(x4*x6)","x4","x4*troot(x4*x6)",1,1,1
"P4",14,FALSE,FALSE,FALSE,FALSE,4,0.537075438630361,0.537075438630361,0.00091346747656115,673.695386157929,0.999999915391914,4,595.969999999972,"troot(x4)*troot(x4)","x6*(troot(x4)*troot(x4))","x9",1,1,0.579753376325722
"P6",14,FALSE,FALSE,FALSE,FALSE,4,0.537075438630361,0.537075438630361,0.000914402591563583,683.955183587772,0.999999914941073,4,602.739999999991,"troot(x4*x4)","x6*troot(x4*x4)","x9",1,1,0.54975472358088
