"Experiment","Run","F1","F2","F3","F4","Count_FP","Correlation","Correlation_FP","MAE","LMP","R2","Count_P","Time","First","Second","Third","FirstM","SecondM","ThirdM"
"P5",14,FALSE,FALSE,FALSE,FALSE,12,0.42073802325613,0.42073802325613,0.0588554989831868,595.06821282526,0.995099123199857,12,560.690000000002,"exp_dbl(troot(troot(x4)))*x4","x4","troot(x4)*troot(x6)",1,1,1
"P1",14,FALSE,FALSE,FALSE,FALSE,10,0.697448551246777,0.697448551246777,0.00399899472553998,642.708892997522,0.999996093179735,10,556.140000000014,"x4*x10","x4","(x4*x7)*x9",1,1,1
"P2",14,FALSE,FALSE,FALSE,FALSE,3,0.714243895257237,0.714243895257237,0.00178141789447041,625.321684359659,0.999999830401101,3,618.25,"troot(1+(x5+((x4*x4)+x6)))","troot(1+((x4*troot(x6))*x4))*x6","x5",1,0.999999998377042,0.995181635720245
"P3",14,FALSE,FALSE,FALSE,FALSE,15,0.232584406595062,0.232584406595062,2.14610086393831,312.184775662554,-7.06993434429348,15,707.5,"troot(x3*x4)","x3*(x10*(x8*(x3*x4)))","x3",1,1,1
"P4",14,TRUE,FALSE,FALSE,FALSE,1,0.999999656085019,0.999999312170039,0.00080891127765879,684.777371260963,0.999999909840022,2,606.329999999958,"troot(x4*x4)","troot((x4*x4)*x6)","NA",1,1,"NA"
"P6",14,FALSE,FALSE,FALSE,FALSE,12,0.547593436782612,0.547593436782612,0.080245712582918,569.069297618869,0.988989598568662,12,624.050000000047,"troot(x4)","((x4*x6)*x2)*x7","x4",1,1,1
