"Experiment","Run","F1","F2","F3","F4","Count_FP","Correlation","Correlation_FP","MAE","RMSE","LMP","R2","Count_P","Time","First","Second","Third","FirstM","SecondM","ThirdM"
"S1",5,FALSE,FALSE,FALSE,FALSE,15,0.421761500508118,0.421761500508118,1.33191312974643,9.72096372623283,512.8298811721,-2.19286297685042,15,1896.206,"troot(x4)*(x5*x4)","troot((x4*x3)*x4)","x4",1,1,1
"S2",5,FALSE,FALSE,FALSE,FALSE,5,0.592525122582957,0.592525122582957,0.0015524110111304,0.00241083954556671,684.66795399221,0.999999803619551,5,1909.651,"troot((x4*x4))","troot((x4*x4))*x9","p3(x5)",1,1,0.999999997524688
"S3",5,TRUE,FALSE,FALSE,FALSE,2,0.995239647353662,0.992859471030492,0.000829684449810543,0.00180510826274922,687.881431327976,0.999999889904861,3,2370.245,"troot((x6*x4)*x4)","x4","x7*x4",1,0.999998836995134,0.999998723397732
"S4",5,FALSE,FALSE,FALSE,FALSE,3,0.714245288772719,0.714245288772719,0.00122621103761227,0.00173922780389366,663.001318236872,0.999999897794428,3,1908.686,"troot(((x4*x6)*x6)*x4)","troot(1+((x4*x4)+x4))","x5",1,1,0.961106542679647
"S5",5,FALSE,FALSE,FALSE,FALSE,5,0.592525122582957,0.592525122582957,0.00155052914557548,0.00240725701772135,684.66795399221,0.999999804202763,5,2397.021,"(troot(x4)*troot(x4))*x7","(troot(x4)*troot(x4))*x9","troot(x4)*troot(x4)",1,1,1
"S6",5,FALSE,FALSE,FALSE,FALSE,5,0.592525122582957,0.592525122582957,0.00155012446101566,0.00240571196566817,700.057650136979,0.99999980445402,5,2330.414,"troot(x4*x4)","x9*troot(x4*x4)","x7*troot(x4*x4)",1,1,1
