"Experiment","Run","F1","F2","F3","F4","Count_FP","Correlation","Correlation_FP","MAE","LMP","R2","Count_P","Time","First","Second","Third","FirstM","SecondM","ThirdM"
"P1",17,FALSE,FALSE,FALSE,FALSE,4,0.979900603253894,0.979900603253894,0.0896803808454891,-31.5762099246959,0.999127053583464,4,414.926999999996,"x4","troot(x4)","x4*x4",0.99999999999589,0.642605403164102,0.361985380158444
