"Experiment","Run","F1","F2","F3","F4","Count_FP","Correlation","Correlation_FP","MAE","RMSE","LMP","R2","Count_P","Time","First","Second","Third","FirstM","SecondM","ThirdM"
"S1",14,FALSE,FALSE,FALSE,FALSE,2,0.604544956779782,0.604544956779782,0.0384486193311477,0.0584106859468023,-96.7669448270558,0.999884722048958,2,965.366000000038,"troot(x4*x4)","x4*x2","NA",0.999996860482956,0.976893760878461,"NA"
"S2",14,FALSE,FALSE,FALSE,FALSE,4,0.24868597546694,0.24868597546694,0.0383022687129375,0.0596899808603513,-101.896843541979,0.999879617179289,4,1083.02400000003,"troot((x4*x4))","x4*x2","x3",1,1,0.125079011592692
"S3",14,FALSE,FALSE,FALSE,TRUE,0,0.999998921420326,NA,0.0446219777057746,0.0763175287432522,-94.3406692127019,0.999803206733844,1,982.75,"troot(x4*(x4*x7))","NA","NA",0.999999999260963,"NA","NA"
"S4",14,FALSE,FALSE,FALSE,FALSE,3,0.371839007534399,0.371839007534399,0.0402321016419381,0.0619986327727743,-96.7669448270558,0.999870124910309,3,1060.80800000002,"troot(x4*x4)","x2*x4","x2",1,0.997120410098789,0.194648560523205
"S5",14,FALSE,FALSE,FALSE,FALSE,3,0.788552607527299,0.788552607527299,0.0693925156187934,0.242787438529628,-105.007113618834,0.998008345222904,3,924.407000000007,"troot(x4)*troot(x4)","x4*x3","x4",1,1,0.155139418283246
"S6",14,FALSE,FALSE,FALSE,TRUE,1,0.996429109555188,0.992859297690051,0.0438013265691752,0.0768866096393217,-94.3406692127019,0.9998002609143,2,997.212,"troot((x7*x4)*x4)","x4","NA",1,0.160765572005525,"NA"
