"Experiment","Run","F1","F2","F3","F4","Count_FP","Correlation","Correlation_FP","MAE","RMSE","LMP","R2","Count_P","Time","First","Second","Third","FirstM","SecondM","ThirdM"
"S1",12,FALSE,TRUE,FALSE,FALSE,2,0.651563624698346,0.477345613319177,0.0457800170276192,0.108285596760749,-101.747721285537,0.999603810442596,3,722.294,"troot((x9*x4)*x4)","x4*x8","x4",0.999999975822435,0.743553354243529,0.267671970607527
"S2",12,FALSE,FALSE,FALSE,FALSE,3,0.404503775670354,0.404503775670354,0.0386379159414998,0.0602823740658351,-96.7669448270558,0.999877215843529,3,774.937,"troot(x4*x4)","x2*x4","x10",1,0.981669542522368,0.187716264925205
"S3",12,FALSE,FALSE,FALSE,FALSE,3,0.985488592981159,0.985488592981159,0.0920571567660872,0.340790122793399,-99.5125191073179,0.996075940048403,3,759.687,"x4","x4*x10","troot(x4)*x4",1,0.999998354023719,0.988718617839778
"S4",12,FALSE,FALSE,FALSE,FALSE,2,0.604544956779782,0.604544956779782,0.0389785165165482,0.0612426244613099,-96.7669448270559,0.999873272979913,2,787.566,"x2*x4","troot(x4*x4)","NA",0.999922601954765,0.999922597482986,"NA"
"S5",12,FALSE,FALSE,FALSE,FALSE,5,0.195075918847076,0.195075918847076,0.0366117284897907,0.0520189969389581,-101.896843541979,0.999908570660345,5,693.997,"troot(x4)*troot(x4)","x4*x2","x6",1,0.958158640192637,0.175839882369949
"S6",12,FALSE,FALSE,FALSE,FALSE,3,0.645234266214903,0.645234266214903,0.106168843858325,0.422150413579441,-103.594302692051,0.993978619468773,3,736.528,"x4","troot(x4)*x4","x4*(x10*x8)",1,1,0.999995470064179
