"Experiment","Run","F1","F2","F3","F4","Count_FP","Correlation","Correlation_FP","MAE","LMP","R2","Count_P","Time","First","Second","Third","FirstM","SecondM","ThirdM"
"P1",29,FALSE,FALSE,FALSE,FALSE,10,0.793610078681733,0.793610078681733,366.702412714402,616.652469569593,-245344.195764633,10,474.105,"p0(x6*x4)*troot(x6*x4)","p0(x7+x4)*x4","x4",1,1,1
"P2",29,FALSE,FALSE,FALSE,FALSE,5,0.275337449259794,0.275337449259794,0.00141483555375331,566.275216575287,0.999999842526332,5,379.605,"x6*(troot(1+x4)*troot(1+x4))","troot(1+(x4+(x6+1)))*troot(1+(x4+(x6+1)))","exp_dbl(troot(troot(1)*troot(x4)))",1,1,0.999999999966405
"P3",29,FALSE,FALSE,FALSE,FALSE,10,0.472213628745995,0.472213628745995,0.00366505319898199,540.082022956675,0.999998012897866,10,412.561000000002,"(x4*x10)*x4","x4","x4*x10",1,1,1
"P4",29,TRUE,FALSE,FALSE,FALSE,3,0.782114210964102,0.709485619547464,0.00159531929897572,671.716965893096,0.999999812676929,4,392.456999999995,"troot(1+((x4*x4)*x6))","x6*x4","x4",1,0.999999999999999,0.999999999999344
"P5",29,FALSE,FALSE,FALSE,FALSE,12,0.457662225266632,0.457662225266632,0.0108734910649302,270.091872919819,0.999959535645495,12,369.486000000004,"x4","sigmoid(troot(1+(x6+(x4+(x3+x10)))))","p0(troot(1+(x6+(x4+(x3+x10)))))",1,1,1
"P6",29,FALSE,TRUE,FALSE,FALSE,2,0.655915039991468,0.483872736258861,0.00142595647672302,685.279185782357,0.999999854927721,3,372.542999999991,"troot((x9*x4)*x4)","((troot((x9*x4)*x4)*x7)*x6)*x6","x8*x5",1,0.999999836535346,0.999998676311318
