"Experiment","Run","Correlation","RMSE","MAE","LMP","R2","Count_P","Time","First","Second","Third","FirstM","SecondM","ThirdM"
"P1",10,0.894895330176034,4.49570998258582,2.85998181095941,-965.340886928853,0.80051234222929,11,NA,"x6","x9","x5",3.07516824288429,1.97530641251175,1.59985277783262
"P2",10,0.89769550724109,4.44152297754737,2.69255610572209,-966.962984222984,0.805292229817684,14,NA,"x8","x12","x11",1.95072103814573,1.9342589871211,1.29857052917601
"P3",10,0.830773999802625,6.77740256170668,3.51956284313332,-965.657014838634,0.546637053993494,13,NA,"x11","x10","x9",1.84594855604141,1.30780254666592,1.30751211734064
"P4",10,0.837352340564437,6.56791783336364,3.42059467351096,-963.60505068379,0.57423017525668,14,NA,"x9","x8","x10",1.77025491437455,1.62349409755529,1.44885030894835
"P5",10,0.824822211054677,6.60870106738945,3.56702075380909,-970.142048072579,0.568926155860796,11,NA,"x1","x13","x8",1.28754177134348,1.20820373277596,1.1358326396234
"P6",10,0.894854959870741,4.49657998152953,2.85238344431348,-965.340886928853,0.800435126018682,11,NA,"x1","x11","x12",1.46079624474964,1.42767843666835,1.30710672568727
