"Experiment","Run","F1","F2","F3","F4","Count_FP","Correlation","Correlation_FP","MAE","LMP","R2","Count_P","Time","First","Second","Third","FirstM","SecondM","ThirdM"
"P2",11,TRUE,FALSE,FALSE,FALSE,2,0.995239780774171,0.992859671161257,0.000830870701237479,687.684548542454,0.999999890068744,3,380.440000000002,"troot((x6*x4)*x4)","x4","x6*x4",1,1,1
"P3",11,FALSE,FALSE,FALSE,FALSE,6,0.305729050003978,0.305729050003978,0.00092493460965725,673.551428537304,0.999999913507256,6,415.207999999999,"troot((x4*x4))","x6*troot((x4*x4))","x9",1,1,0.603209550088712
"P4",11,FALSE,TRUE,FALSE,FALSE,3,0.491023623084247,0.321364948293435,0.00303214897312897,689.758049957918,0.999994163310224,4,377.82,"troot((x9*x4)*x4)","troot((x9*x4)*x4)*x6","p3(x5)",1,1,0.999999999999848
"P5",11,FALSE,FALSE,FALSE,FALSE,11,0.553641958662201,0.553641958662201,0.314811089305771,493.505136721227,0.825776237907222,11,382.922999999995,"(x4*(x4*x3))*x8","x4","x4*sin_deg(p0(x4))",1,1,1
