"Experiment","Run","F1","F2","F3","F4","Count_FP","Correlation","Correlation_FP","MAE","RMSE","LMP","R2","Count_P","Time","First","Second","Third","FirstM","SecondM","ThirdM"
"S1",9,FALSE,TRUE,FALSE,FALSE,9,0.485498371929385,0.428331563537463,0.00186278639806059,0.00340314930805755,694.65102094608,0.99999960868757,10,2299.69399999996,"troot(x4)*troot(x4)","x4","troot(x4*x9)*troot(x4)",1,1,1
"S2",9,TRUE,FALSE,FALSE,FALSE,10,0.344769801035191,0.279246785097684,0.00281680916489688,0.0088199077055742,687.71202471209,0.99999737161054,11,2299.734,"troot((x4*x6)*x4)*sigmoid(x4*x6)","x4*x9","x4",1,1,1
"S3",9,TRUE,FALSE,FALSE,FALSE,2,0.995239780774171,0.992859671161257,0.000824677437110477,0.00176556425828223,687.684548542455,0.999999894675673,3,2189.14599999995,"troot((x6*x4)*x4)","x4","x6*x4",1,0.979292966746595,0.973157836223661
"S4",9,FALSE,FALSE,FALSE,FALSE,12,0.630703777316959,0.630703777316959,0.0074147387525594,0.0307702151558948,541.76736894727,0.999968009376702,12,2395.98300000001,"troot(1+((troot(x4)*x6)+troot(1+x4)))","x6","x4",1,1,1
"S5",9,FALSE,TRUE,FALSE,FALSE,4,0.391400254820314,0.239250406661222,0.00235597354688087,0.00447705332497731,676.879986014459,0.999999322754434,5,2414.77399999998,"troot(x4*(x9*x4))*x6","troot(x4*(x9*x4))","x7",1,1,0.999999999945943
"S6",9,FALSE,FALSE,FALSE,FALSE,5,0.581165036346332,0.581165036346332,0.00149452498246552,0.0025109861920109,681.824040843006,0.999999786965331,5,2402.435,"x9*(troot(x4)*troot(x4))","x7*(troot(x4)*troot(x4))","troot(x4)*troot(x4)",1,1,1
