"Experiment","Run","F1","F2","F3","F4","Count_FP","Correlation","Correlation_FP","MAE","RMSE","LMP","R2","Count_P","Time","First","Second","Third","FirstM","SecondM","ThirdM"
"S1",9,FALSE,TRUE,FALSE,FALSE,0,0.999999647456683,NA,0.0608126679351706,0.303860094089653,-22.889285690445,0.996880327735559,1,2504.336,"troot((x9*x4)*x4)","NA","NA",0.999996856691338,"NA","NA"
"S2",9,FALSE,FALSE,FALSE,TRUE,0,0.999998921420326,NA,0.0223739536682646,0.0950554840523285,-20.678976752487,0.99969470760117,1,2537.244,"troot((x4*x4)*x7)","NA","NA",0.901174591941405,"NA","NA"
"S3",9,FALSE,FALSE,FALSE,TRUE,0,0.999998921420326,NA,0.0184565721699774,0.0723314135613603,-20.678976752487,0.999823227159327,1,2400.042,"troot(x7*(x4*x4))","NA","NA",1,"NA","NA"
"S4",9,FALSE,FALSE,FALSE,FALSE,2,0.982068314829844,0.982068314829844,0.161208884417057,0.255085883445399,-28.2364995747419,0.997801459418725,2,2544.73,"x4","x9*troot(x4)","NA",0.999998211523064,0.999984347433845,"NA"
"S5",9,FALSE,FALSE,FALSE,FALSE,1,0.99999974420151,0.99999974420151,0.0630080877961379,0.309744062423096,-24.0166299391974,0.996758338852339,1,2436.856,"troot(x4*x4)*x9","NA","NA",0.93213616493918,"NA","NA"
"S6",9,TRUE,FALSE,FALSE,FALSE,0,1,NA,0.00185160370453649,0.00888733507443336,-20.5220457792714,0.999997331269342,1,2602.206,"troot(x4*(x6*x4))","NA","NA",1,"NA","NA"
