"Experiment","Run","F1","F2","F3","F4","Count_FP","Correlation","Correlation_FP","MAE","RMSE","LMP","R2","Count_P","Time","First","Second","Third","FirstM","SecondM","ThirdM"
"S1",22,TRUE,FALSE,FALSE,FALSE,0,1,NA,0.0322774997107097,0.0332364473985922,-94.5244319535552,0.999962675772431,1,662.032,"troot((x6*x4)*x4)","NA","NA",0.997959651442916,"NA","NA"
"S2",22,TRUE,FALSE,FALSE,FALSE,1,0.996429648845025,0.992859297690051,0.032116000038375,0.0329935890264396,-94.5244319535552,0.999963219235091,2,762.733,"troot(x4*(x4*x6))","x4","NA",0.999999999999983,0.107596073497325,"NA"
"S3",22,TRUE,FALSE,FALSE,FALSE,0,1,NA,6.3396575327304e+283,Inf,-94.5244319535552,-Inf,1,693.951,"troot(x4*(x6*x4))","NA","NA",0.999999999493997,"NA","NA"
"S4",22,FALSE,FALSE,FALSE,FALSE,3,0.733983070416538,0.733983070416538,0.0388819708833172,0.0601183277594146,-101.896843541979,0.999877883198825,3,803.054,"troot(x4)*troot(x4)","x2*x4","x4",1,0.982711895250914,0.100753578377049
"S5",22,FALSE,FALSE,FALSE,FALSE,3,0.377869053809186,0.377869053809186,0.036804395900537,0.05992352350011,-101.896843541979,0.999878673318303,3,686.015,"troot(x4)*troot(x4)","x2*x4","x6",1,0.99999935581127,0.211721205670481
"S6",22,FALSE,FALSE,FALSE,FALSE,3,0.985488592981159,0.985488592981159,1.37416440404008e+253,Inf,-99.5125191073178,-Inf,3,789.133,"x4","troot(x4)*x4","x4*x10",0.999999999981416,0.999999999848862,0.999999999794269
