"Experiment","Run","Correlation","MAE","RMSE","LMP","R2","Count_P","Time","First","Second","Third","FirstM","SecondM","ThirdM"
"S1",13,0.898414928648077,2.71685726161238,4.63176331482266,-1250.46049284919,0.788255482641648,24,5223.23,"x5*p0(x8)","x6*(((x6*x10)*x6)*x6)","x7*p0(x9)",1,1,1
"S2",13,0.878631696297612,2.92228014062797,5.13052465856142,-1245.14983411493,0.740197685741489,26,5262.984,"troot(x10)","((((x7*x11)*x6)*sigmoid(exp_dbl(x6)))*x11)*x5","x12*x13",1,1,1
"S3",13,0.236561425308924,4.71176445386178,14.8548199941383,-1321.484886845,-1.17798178769338,26,5390.353,"p3(x9)","sigmoid(x13)*p3(x9)","p3(p0(1+((x12*x13)*p3(x1)))*x11)*x6",1,1,1
"S4",13,0.900198693203484,2.80603795214937,4.45445072736396,-1300.31628516512,0.804157125211063,18,4567.994,"x6","(x10*x7)*(x10*(x13*x12))","x8",1,1,1
"S5",13,0.847272279239757,2.92796828543334,5.53887823188748,-1330.58830557089,0.697194965181317,18,4708.292,"(x11*(x12*x7))*x13","x9*x10","x10*exp_dbl(x3)",1,1,1
"S6",13,0.799768528903839,3.63578701750565,8.18852528001709,-1306.39477945478,0.338193779233071,15,4476.197,"x1","p3(x6)","x6",1,1,1
