"Experiment","Run","F1","F2","F3","F4","Count_FP","Correlation","Correlation_FP","MAE","RMSE","LMP","R2","Count_P","Time","First","Second","Third","FirstM","SecondM","ThirdM"
"S1",10,FALSE,FALSE,FALSE,FALSE,4,0.742007616067627,0.742007616067627,0.00163543538761258,0.00240358159973667,692.585885264178,0.999999804800196,4,704.813,"troot(x4*x4)","troot(x4*x4)*x9","x7*troot(x4*x4)",1,1,1
"S2",10,TRUE,FALSE,FALSE,FALSE,4,0.603448798842964,0.504311013000215,0.00145855343253337,0.00234723262148522,658.583315702545,0.999999813845345,5,829.522,"x4","troot(1+(((x4*x6)*x4)+x3))","x4*x9",1,1,0.999999999646611
"S3",10,FALSE,FALSE,FALSE,FALSE,5,0.592525122582957,0.592525122582957,0.0015518953571459,0.0024084791299874,700.057650136978,0.999999804003909,5,691.238,"troot(x4*x4)*x7","troot(x4*x4)","troot(x4*x4)*x9",1,1,1
"S4",10,FALSE,FALSE,FALSE,FALSE,9,0.689939959134013,0.689939959134013,0.0122035070827484,0.0757639060926197,642.509793769986,0.999806051533505,9,808.436,"x6*troot(x4*(x8*x4))","troot(x4*(x8*x4))","troot(x4*(p0(troot(x4))*x4))",1,1,1
"S5",10,FALSE,FALSE,FALSE,FALSE,5,0.400519156341391,0.400519156341391,0.00210904670397081,0.00391218762958077,670.218564558886,0.999999482868507,5,759.584,"troot(x4)*troot(x4)","x9*(troot(x6*x4)*troot(x6*x4))","x7",1,1,0.999999997474885
"S6",10,FALSE,FALSE,FALSE,FALSE,4,0.537075438630361,0.537075438630361,0.000917709889618648,0.00158984407387892,673.695386157928,0.999999914597477,4,821.772,"troot(x4)*troot(x4)","(troot(x4)*troot(x4))*x6","x9",1,0.999971371164227,0.581596919554452
