"Experiment","Run","F1","F2","F3","F4","Count_FP","Correlation","Correlation_FP","MAE","RMSE","LMP","R2","Count_P","Time","First","Second","Third","FirstM","SecondM","ThirdM"
"S1",1,FALSE,FALSE,FALSE,FALSE,1,0.99999974420151,0.99999974420151,0.0764925191986113,0.379556098747415,-24.0166299391974,0.995132414551949,1,2561.248,"troot(x4*x4)*x9","NA","NA",1,"NA","NA"
"S2",1,FALSE,TRUE,FALSE,FALSE,0,0.999999647456683,NA,0.0608555234530857,0.303914081799304,-22.889285690445,0.996879219074528,1,2530.615,"troot(x9*(x4*x4))","NA","NA",0.999999999993816,"NA","NA"
"S3",1,FALSE,FALSE,FALSE,FALSE,1,0.99999974420151,0.99999974420151,0.0626486149495205,0.307984754141287,-24.0166299391974,0.99679505874849,1,2448.772,"troot(x4*x4)*x9","NA","NA",0.92996650795938,"NA","NA"
"S4",1,FALSE,TRUE,FALSE,FALSE,0,0.999999647456683,NA,0.0569381835333888,0.284161554962684,-22.889285690445,0.997271699032075,1,2420.438,"troot((x4*x9)*x4)","NA","NA",0.943079146241396,"NA","NA"
"S5",1,FALSE,FALSE,FALSE,FALSE,3,0.736363219253691,0.736363219253691,0.0574938206918005,0.283384764971501,-24.0166299391974,0.99728659492593,3,2562.174,"troot(x4*x4)*x9","troot(x4*x4)","x2*x4",0.843721319486299,0.156284428938446,0.103873042220811
"S6",1,FALSE,FALSE,FALSE,FALSE,1,0.99999974420151,0.99999974420151,0.0764963888762242,0.379559098065086,-29.1465286541205,0.995132337622648,1,2440.303,"(troot(x4)*troot(x4))*x9","NA","NA",1,"NA","NA"
