"Experiment","Run","Correlation","MAE","RMSE","LMP","R2","Count_P","Time","First","Second","Third","FirstM","SecondM","ThirdM"
"S1",6,0.871186215237488,3.03046534950507,5.15032337150638,-968.462137395551,0.738188660675635,21,4992.877,"sigmoid(x13)*x9","p3(x6)","x1",1,1,0.999997047925438
"S2",6,0.798287806468395,3.60996906489987,8.30627889261619,-972.867122609121,0.319022951680635,17,4933.47,"x11","x13*x6","sigmoid(x13*x8)*(x13*x6)",1,1,0.999999999999984
"S3",6,0.843205016519393,3.42465666422188,6.2444946932442,-967.218920839472,0.615130001176486,24,6034.943,"x1*exp_dbl(x13)","x6*x13","x1",1,0.999999998292916,0.999999958590925
"S4",6,0.824076233853664,3.50022435899158,6.7386844054743,-970.592116362538,0.551802229729737,16,4287.68,"x10*x6","x6*x6","x1*sigmoid(x13)",1,1,1
"S5",6,0.885505371316939,2.95437586710597,4.74177647432175,-982.088640115898,0.778077359018016,17,3848.905,"x9*troot(p0(x13*x6))","x9","x6*x6",1,1,1
"S6",6,0.794812845203585,3.8744340625393,7.52711688502575,-969.926092995957,0.440787620647955,11,3756.115,"sigmoid(x13)*x1","x6*x10","x11",1,1,1
