"Experiment","Run","F1","F2","F3","F4","Count_FP","Correlation","Correlation_FP","MAE","RMSE","LMP","R2","Count_P","Time","First","Second","Third","FirstM","SecondM","ThirdM"
"S1",12,FALSE,FALSE,FALSE,FALSE,4,0.484579364876817,0.484579364876817,0.000915584198674213,0.00162135734160378,673.551428537306,0.999999911178292,4,783.233,"troot(x4)*troot(x4)","(troot(x4)*troot(x4))*x6","x9",1,1,0.518670033378803
"S2",12,FALSE,FALSE,FALSE,FALSE,5,0.414563703137251,0.414563703137251,0.00178499380676844,0.00256369242596347,628.193689916157,0.999999777928167,5,749.134,"x6*(troot(1+x4)*troot(1+x4))","troot(x4+1)*troot(x4+1)","x5",1,1,0.978661342656516
"S3",12,FALSE,FALSE,FALSE,FALSE,4,0.994101444326154,0.994101444326154,0.000769700994706307,0.00150014635243843,631.372246844339,0.999999923962313,4,1020.682,"x6*(x4*troot(x9))","troot(x4*x4)","p3(1+troot(x6*(x4*troot(x9))))",1,1,1
"S4",12,FALSE,FALSE,FALSE,FALSE,5,0.989527441685404,0.989527441685404,0.00171769012866112,0.00700725819177696,638.632737626853,0.999998340956109,5,939.147,"troot(x4)","troot((x4*p0(x4*x9))*(x4*x6))","x4*x6",1,1,0.999999999380882
"S5",12,FALSE,FALSE,FALSE,FALSE,12,NA,NA,9.80505137218576e+296,Inf,604.136678918506,-Inf,12,755.225,"x4*troot(troot(x4))","x4","p3(x8)*x4",1,1,1
"S6",12,FALSE,FALSE,FALSE,FALSE,4,0.748419530681168,0.748419530681168,0.00167796514618349,0.00248808157880306,699.010338532581,0.999999790834108,4,798.947999999999,"troot(x4*x4)","x9*troot(x4*x4)","troot(x4*x4)*x7",1,1,1
