"Experiment","Run","F1","F2","F3","F4","Count_FP","Correlation","Correlation_FP","MAE","LMP","R2","Count_P","Time","First","Second","Third","FirstM","SecondM","ThirdM"
"P1",9,TRUE,FALSE,FALSE,FALSE,5,0.675678278860004,0.610813934632005,0.00111363820693896,690.240715647425,0.999999868254405,6,NA,"troot((x6*x4)*x4)","x4","x6*x4",1,0.999471561061035,0.915948682501966
"P2",9,TRUE,FALSE,FALSE,FALSE,6,0.700073527572467,0.650085782167878,0.00152765820149441,715.899530942529,0.999999755865605,7,NA,"troot(x4*(x6*x4))","x4","x6*x4",0.999999999999907,0.999999999999904,0.999999999999423
"P5",9,FALSE,FALSE,FALSE,FALSE,5,0.414563800477888,0.414563800477888,0.000912932934105891,683.955183587773,0.999999914505544,5,NA,"troot(x4*x4)","x6*troot(x4*x4)","x9",1,1,0.586372488649345
