"Experiment","Run","F1","F2","F3","F4","Count_FP","Correlation","Correlation_FP","MAE","LMP","R2","Count_P","Time","First","Second","Third","FirstM","SecondM","ThirdM"
"P1",16,TRUE,FALSE,FALSE,FALSE,4,0.57079567606289,0.463494595078613,0.000829420821686729,687.684548542456,0.999999889616783,5,NA,"troot(x6*(x4*x4))","x4","x6*x4",1,0.997351872555454,0.522671228303201
"P2",16,TRUE,TRUE,FALSE,FALSE,8,0.401528669536174,0.251910880988132,0.0027401550175107,688.367063870027,0.999995697300915,10,NA,"x9","troot((x9*x4)*x4)","x8*troot((x9*x4)*x4)",0.673968601854526,0.658988728845028,0.658988728845028
"P4",16,FALSE,FALSE,FALSE,FALSE,10,0.43114322899107,0.43114322899107,0.00198310344890913,624.99614453936,0.999999472888583,10,NA,"troot(1+x4)*troot(1+x4)","(troot(1+x4)*troot(1+x4))*x9","x7*p0(x4)",0.999999999995435,0.999999999995435,0.999999999995435
"P5",16,FALSE,FALSE,FALSE,FALSE,2,0.999997836278902,0.999997836278902,0.00153217180665251,623.430775402822,0.999999855197137,2,NA,"troot(1+((x4*x4)+(x8*x4)))","x6*troot(1+((x4*x4)+(x8*x4)))",NA,1,1,NA
"P6",16,FALSE,FALSE,FALSE,FALSE,4,0.537075439052054,0.537075439052054,0.000917737925218536,678.825313212839,0.999999914601541,4,NA,"sin_deg(x6)*troot(x4*x4)","troot(x4*x4)","x9",1,0.999970918371825,0.581749455079227
