"Experiment","Run","Correlation","MAE","RMSE","LMP","R2","Count_P","Time","First","Second","Third","FirstM","SecondM","ThirdM"
"S1",27,0.835747992682561,3.4568934826997,6.78646659695755,-962.42315204939,0.545423596314122,26,5103.98,"x6*x10","exp_dbl(x13)*x1","x1",1,0.999999999999973,0.999999783615886
"S2",27,0.818880014007974,3.60055130299507,6.98899040293172,-967.840512560445,0.517887551954558,16,5073.726,"x1","x6*x10","x6*x6",1,1,1
"S3",27,0.808326867040449,3.85884905891553,6.96364917500108,-976.376551519195,0.521377375654785,15,5759.7,"x6*p0(x13)","x6","x10",0.999999999976914,0.999999999810934,0.999999999765597
"S4",27,0.894910002491386,2.86017511719011,4.49540756200029,-965.340886928853,0.800539179879126,17,4219.308,"p0(x13)*x10","x6*x10","x13",1,1,0.999999998692818
"S5",27,0.857672120402231,3.15972580784535,5.66839761379484,-963.421982261434,0.682867997493873,17,4363.671,"exp_dbl(x13)*x1","x1","x6*x6",0.999999999940626,0.999999442487741,0.999999023157355
"S6",27,0.898639891680849,2.71999627425475,4.41722347259246,-981.372778616552,0.807416888412581,11,3846.193,"x10*p0(x13*x10)","x10","p3(x6)",1,1,1
