"Experiment","Run","Correlation","MAE","RMSE","LMP","R2","Count_P","Time","First","Second","Third","FirstM","SecondM","ThirdM"
"S1",21,0.877392658480278,2.76035422213481,5.4197828219225,-1260.92138279879,0.71007662942277,28,5750.305,"p3(x6)*x11","p0(x9)","x8",1,1,1
"S2",21,0.815131239545454,3.51034315315513,7.48472499159577,-1225.07683577852,0.44706872853001,21,5313.75,"x7*x7","(x13*x5)*x7","x10*((x6*((exp_dbl(x13)*sigmoid(x13))*x1))*x3)",1,1,1
"S3",21,0.880665364440909,2.59499224284572,4.89461431094247,-1234.3428639989,0.763540695355918,27,5657.72,"x9","(x7*x12)*x6","troot(x13)",1,1,1
"S4",21,0.860299000791833,3.07601819155103,5.54645859449666,-1289.10544437355,0.696365576066625,22,5145.382,"x10","x13*x5","x1",1,1,1
"S5",21,0.835175236173372,3.24609055354584,6.94280468884184,-1311.07222309804,0.524238436209768,29,4607.575,"(x10*x9)*x6","x6*x11","p3(x3*(exp_dbl(p0(x13*(x8*x6)))*x6))*p0(p3(x6))",1,1,1
"S6",21,0.894929446749207,2.75771160842324,4.53022458665641,-1324.02975814267,0.797437558788543,17,4691.077,"p3(x6)","troot(x8)","x7",1,1,1
