"Experiment","Run","F1","F2","F3","F4","Count_FP","Correlation","Correlation_FP","MAE","LMP","R2","Count_P","Time","First","Second","Third","FirstM","SecondM","ThirdM"
"P1",4,FALSE,FALSE,FALSE,FALSE,4,NA,NA,3.60644132487693e+294,-110.117349488011,-Inf,4,2.261,"x4","x4*sigmoid(x8)","x3",1,0.999999988809116,0.999999986647612
"P2",4,FALSE,FALSE,FALSE,FALSE,2,0.983340278963784,0.983340278963784,0.207786492955858,-61.1184717508153,0.990366295977939,2,1.555,"x4","troot(1+(x3+(x4+x8)))","NA",1,1,"NA"
"P3",4,FALSE,FALSE,FALSE,FALSE,3,0.646542181581732,0.646542181581732,2.05643634269269,-117.370752789218,-5.06025786583241,3,2.379,"x4","x4*x5","x8",1,0.999975728153591,0.770780853114094
"P4",4,FALSE,FALSE,FALSE,FALSE,3,0.312892683341442,0.312892683341442,0.503925062948058,-125.663849642124,0.972301537272932,3,1.76300000000001,"x4","x8","x8*x6",1,1,1
"P5",4,FALSE,FALSE,FALSE,FALSE,7,0.225666339499378,0.225666339499378,0.301486828708622,-46.0447515714114,0.950724343759122,7,2.40000000000001,"p3(x4)","x4","x6",1,1,0.773726353153107
"P6",4,FALSE,FALSE,FALSE,FALSE,5,NA,NA,9.24789982746787e+298,-127.019839910658,-Inf,5,1.78299999999999,"x4","x5","x8",1,1,1
