"Experiment","Run","F1","F2","F3","F4","Count_FP","Correlation","Correlation_FP","MAE","LMP","R2","Count_P","Time","First","Second","Third","FirstM","SecondM","ThirdM"
"P1",3,FALSE,FALSE,FALSE,TRUE,1,0.996429109555188,0.992859297690051,0.043276752685404,-94.3406692127019,0.999820546168125,2,NA,"troot((x4*x7)*x4)","x4",NA,0.988415667621682,0.170959980148457,NA
"P2",3,TRUE,FALSE,FALSE,FALSE,3,0.536108809330938,0.381478412441251,0.0300975214142449,-94.5244319535552,0.999968588246116,4,NA,"troot(x6*(x4*x4))","troot(x4*x4)","x4*x2",0.82439480207879,0.175609439549926,0.174257400902384
"P3",3,FALSE,FALSE,FALSE,FALSE,5,0.836963858753437,0.836963858753437,0.0375565908836453,-101.896843541979,0.999828791746296,5,NA,"troot(x4)*troot(x4)","x2*x4","x4",0.562131917122861,0.537662433756669,0.479382712924427
"P5",3,FALSE,FALSE,FALSE,FALSE,4,0.461216420809483,0.461216420809483,0.0380551821666054,-96.7669448270558,0.999884253632359,4,NA,"troot(x4*x4)","x4*x2","x4",0.990867677014353,0.958614537091687,0.113945334110335
"P6",3,FALSE,FALSE,FALSE,FALSE,4,0.989116272778379,0.989116272778379,0.0737782430605369,-99.5125191073179,0.997662839999141,4,NA,"x4","x10*x4","x4*troot(x4)",0.847800479253509,0.784898074460869,0.774772518027065
