"Experiment","Run","F1","F2","F3","F4","Count_FP","Correlation","Correlation_FP","MAE","LMP","R2","Count_P","Time","First","Second","Third","FirstM","SecondM","ThirdM"
"P5",1,FALSE,FALSE,FALSE,FALSE,7,0.508116033048222,0.508116033048222,0.00802029823630734,578.177912958627,0.999967658129311,7,NA,"x9","troot(x4)*troot(x4)","x4*x2",1,1,0.999999999766723
"P1",1,FALSE,FALSE,FALSE,FALSE,6,0.542395629426602,0.542395629426602,0.00153018129746381,697.901528862955,0.99999980243552,6,NA,"troot(x4*x4)","troot(x4*x4)*x7","troot(x4*x4)*x9",0.99996345685221,0.99996345685221,0.99996345685221
"P2",1,FALSE,TRUE,FALSE,FALSE,4,0.635461045897646,0.544326395507887,0.00177259242563623,687.145819452168,0.999999780111144,5,NA,"troot(x4*x4)","troot(x9*(x4*x4))","x5*x5",1,0.967633596369641,0.967633596368785
"P3",1,FALSE,FALSE,FALSE,FALSE,7,0.429736519222462,0.429736519222462,0.000990453216307377,683.955183587773,0.9999999155019,7,NA,"troot(x4*x4)","troot(x4*x4)*x6","x5",1,0.863811896282125,0.60979672043304
"P4",1,FALSE,FALSE,FALSE,FALSE,5,0.658160380878026,0.658160380878026,0.00165843635498264,696.334701605583,0.999999788905965,5,NA,"troot(x4*x4)","x9*troot(x4*x4)","troot(x4*x4)*x7",0.999999999999914,0.999996359826655,0.999996359826655
"P6",1,FALSE,FALSE,FALSE,FALSE,7,0.41388647000692,0.41388647000692,0.00145184561991222,692.161877265374,0.999999829991702,7,NA,"troot(x4*x4)","troot(x4*x4)*x9","x7*(troot(x4*x4)*x6)",0.999999999999807,0.999999978264163,0.999999961734751
