"Experiment","Run","F1","F2","F3","F4","Count_FP","Correlation","Correlation_FP","MAE","LMP","R2","Count_P","Time","First","Second","Third","FirstM","SecondM","ThirdM"
"P5",1,FALSE,FALSE,FALSE,FALSE,15,0.388317897836852,0.388317897836852,0.801139529883418,523.443257866435,-0.118510058834111,15,294.549999999988,"((x4*x2)*sin_deg(x4*x3))*(x4*x3)","x5","x4",1,1,1
"P1",1,FALSE,FALSE,FALSE,FALSE,10,0.57796209486153,0.57796209486153,0.0154944984411934,590.2569931197,0.999667070821876,10,634.760000000009,"troot(x4*x4)","x4*x4","x4",1,0.999999999999976,0.999999999997952
"P2",1,FALSE,FALSE,FALSE,FALSE,4,0.457735012426131,0.457735012426131,0.000981279169490608,683.748086912524,0.999999909042663,4,640.619999999995,"troot(x4*x4)","x6*troot(x4*x4)","x2",1,1,0.131077220623991
"P3",1,FALSE,FALSE,FALSE,FALSE,13,0.618662046343032,0.618662046343032,0.0260703719452697,574.021432495673,0.998956725312991,13,612.140000000014,"troot(x4)*troot((x4*x9)*troot(x4))","troot(x6*x4)","x4",1,1,1
"P4",1,FALSE,FALSE,FALSE,FALSE,11,0.586158786160618,0.586158786160618,10.795411376026,579.731076460468,-211.52175831356,11,671.169999999925,"x4*x9","x4*exp_dbl(troot(troot(x4)))","x4",1,1,1
"P6",1,FALSE,FALSE,FALSE,FALSE,11,0.328942051327216,0.328942051327216,0.325967975373375,530.25469679623,0.812634151935797,11,652.829999999958,"troot(x4)*troot(x4)","x4*((x10*x4)*x7)","x8*(x4*(x4*x3))",1,1,1
