"Experiment","Run","F1","F2","F3","F4","Count_FP","Correlation","Correlation_FP","MAE","RMSE","LMP","R2","Count_P","Time","First","Second","Third","FirstM","SecondM","ThirdM"
"S1",19,FALSE,FALSE,FALSE,FALSE,2,0.604544956779782,0.604544956779782,0.0373838688861879,0.0501494594116305,-96.7669448270558,0.999915024418024,2,740.434,"troot(x4*x4)","x2*x4","NA",0.999999197756813,0.937436735526584,"NA"
"S2",19,TRUE,FALSE,FALSE,FALSE,3,0.208841442590782,-0.0548780765456243,0.0332064270413516,0.0434549786922575,-94.5244319535552,0.999936197055992,4,746.815,"troot((x4*x6)*x4)","x2","x10",0.999999999998777,0.322603715494849,0.197786408982386
"S3",19,FALSE,FALSE,FALSE,FALSE,6,0.48946321045089,0.48946321045089,0.0616912169601522,0.184401032560573,-99.877214903911,0.998851083853242,6,717.907,"troot(x4*x4)","x4*x3","x4",1,0.6880297840443,0.331457195423825
"S4",19,FALSE,FALSE,FALSE,FALSE,3,0.991909793402541,0.991909793402541,0.0511020863663045,0.144874637882503,-102.146901329513,0.999290836519604,3,834.737,"p0(x4)*x4","x4","x4*x7",0.99998574473912,0.999942280529981,0.999766752950707
"S5",19,FALSE,FALSE,TRUE,FALSE,1,0.502210602574568,0.00442141345149907,0.0348285810772708,0.0538522176122677,-100.73060235727,0.999902012919084,2,697.04,"troot((x9*x4)*(x9*x4))","x10","NA",1,0.294595336251866,"NA"
"S6",19,TRUE,FALSE,FALSE,FALSE,1,0.996429648845025,0.992859297690051,0.0321303634291066,0.0330081009308592,-94.5244319535552,0.999963186872662,2,776.826,"troot((x6*x4)*x4)","x4","NA",1,0.112479017488741,"NA"
