"Experiment","Run","F1","F2","F3","F4","Count_FP","Correlation","Correlation_FP","MAE","RMSE","LMP","R2","Count_P","Time","First","Second","Third","FirstM","SecondM","ThirdM"
"S1",3,TRUE,FALSE,FALSE,FALSE,2,0.276981452303876,-0.0845278215441859,0.0332241316155076,0.0416359125454243,-94.5244319535552,0.999941426953765,3,2646.915,"troot(x4*(x6*x4))","x2","x6",1,0.356382104039146,0.145823730090275
"S2",3,FALSE,FALSE,FALSE,TRUE,2,0.639125155659457,0.458688272779023,0.0427549043260756,0.0757618072331751,-94.3406692127019,0.999806062279121,3,2631.77,"troot((x7*x4)*x4)","x4","x6",1,0.164378806781486,0.141689366918397
"S3",3,FALSE,FALSE,FALSE,FALSE,3,0.985488592981159,0.985488592981159,0.0930781212486545,0.341935914573338,-99.5125191073178,0.996049509035658,3,2908.886,"x4","troot(x4)*x4","x10*x4",1,0.999999999873347,0.998589017285581
"S4",3,FALSE,FALSE,FALSE,FALSE,4,0.715723221996778,0.715723221996778,0.097181298189298,0.345771400781938,-99.5125191073178,0.9959603868753,4,2931.947,"x4","x4*troot(x4)","x10*x4",1,0.999999999584868,0.99994454010983
"S5",3,FALSE,FALSE,FALSE,FALSE,5,0.211056751963777,0.211056751963777,0.0396519338486961,0.062514221467986,-96.7669448270558,0.999867955812124,5,2681.15,"troot(x4*x4)","x2*x4","x10",1,0.995328640580355,0.146379981676613
"S6",3,FALSE,FALSE,FALSE,FALSE,2,0.604544956779782,0.604544956779782,0.0376101798258305,0.0509984753961124,-96.7669448270558,0.9999121228382,2,2127.355,"troot(x4*x4)","x4*x2","NA",1,0.957732349911035,"NA"
