"Experiment","Run","F1","F2","F3","F4","Count_FP","Correlation","Correlation_FP","MAE","LMP","R2","Count_P","Time","First","Second","Third","FirstM","SecondM","ThirdM"
"P1",2,FALSE,FALSE,FALSE,FALSE,3,0.999982575791203,0.999982575791203,3.16336200574444e+291,602.295155491231,-Inf,3,NA,"troot(1+((x4*x4)+x5))","x9*troot(1+((x4*x4)+x5))","x7*troot((x4*x4)+x5)",0.999998393860793,0.999998393860793,0.993441868109446
"P2",2,TRUE,TRUE,FALSE,FALSE,9,0.722587104364402,0.660939833394638,0.00105796518049337,687.684548542455,0.999999894502207,11,NA,"x4","troot((x6*x4)*x4)","x6*x4",0.752977720725719,0.733433840438823,0.733433840438822
"P3",2,FALSE,FALSE,FALSE,FALSE,5,0.414563800477888,0.414563800477888,2.1716644909033e+276,673.695386157928,-Inf,5,NA,"x6*(troot(x4)*troot(x4))","troot(x4)*troot(x4)","x9",0.999999999999903,0.999999999983221,0.686621895658741
"P4",2,FALSE,FALSE,TRUE,FALSE,6,0.322522870506913,0.209610050308459,0.00190410794966033,692.930307846024,0.999999564441237,7,NA,"x7*troot(x4*x4)","troot(x9*x4)*troot(x9*x4)","x5*x5",0.999971493440851,0.999971493440851,0.999968204157608
"P5",2,FALSE,FALSE,TRUE,FALSE,7,0.729852182894504,0.6912596673512,2.09121164808964e+280,657.517890754876,-Inf,8,NA,"x4*x9","troot((x4*x9)*(x4*x9))","x4",1,1,1
"P6",2,FALSE,FALSE,FALSE,FALSE,11,0.799810278613786,0.799810278613786,1.24217354155348e+273,640.910664380327,-Inf,11,NA,"x4*p0(x4)","x9","x4",0.999999999999998,0.999999998763684,0.999999906750096
