"Experiment","Run","F1","F2","F3","F4","Count_FP","Correlation","Correlation_FP","MAE","LMP","R2","Count_P","Time","First","Second","Third","FirstM","SecondM","ThirdM"
"P1",2,FALSE,FALSE,FALSE,FALSE,3,0.999982575791203,0.999982575791203,3.16336708655234e+291,602.295155491231,-Inf,3,412.214,"troot(1+((x4*x4)+x5))","x9*troot(1+((x4*x4)+x5))","x7*troot((x4*x4)+x5)",1,1,0.993442558960245
"P2",2,FALSE,FALSE,FALSE,FALSE,12,0.517620358828592,0.517620358828592,0.00280314172750958,626.181193946717,0.999998759213323,12,386.735000000001,"x4*x7","troot(x4*(x9*troot(x4)))","x4",1,1,1
"P3",2,FALSE,FALSE,FALSE,FALSE,9,0.684764732360414,0.684764732360414,1.89735758167603e+289,555.652327647281,-Inf,9,596.097999999998,"x4","p3(x3*x4)","x4*x10",1,1,1
"P4",2,FALSE,FALSE,FALSE,FALSE,7,0.579348093006581,0.579348093006581,0.00148181225765512,640.224733471081,0.999999843866277,7,388.052000000003,"troot((troot(x4)*x4)*(x4*(x6*p0(x4))))","troot((troot(x4)*x4)*(x4*x6))","x4",1,1,1
"P5",2,FALSE,FALSE,FALSE,FALSE,9,0.723122671737941,0.723122671737941,36.8759459829388,579.643008996364,-2477.40603358624,9,383.270999999993,"troot(x4)","x7","x4",1,1,1
"P6",2,FALSE,FALSE,FALSE,FALSE,4,0.504767663122663,0.504767663122663,0.00123273684242988,606.76448414035,0.999999884391727,4,379.259000000005,"troot(1+(troot((x4*x3)*x3)+(x4*x4)))","x6*troot(1+(troot((x4*x3)*x3)+(x4*x4)))","exp_dbl(x4)",1,1,0.999678753121387
