"Experiment","Run","F1","F2","F3","F4","Count_FP","Correlation","Correlation_FP","MAE","RMSE","LMP","R2","Count_P","Time","First","Second","Third","FirstM","SecondM","ThirdM"
"S1",9,FALSE,FALSE,FALSE,FALSE,5,0.358243645301953,0.358243645301953,0.000909449209860316,0.00157614024982666,683.955183587772,0.999999916063403,5,751.081,"troot(x4*x4)*x6","troot(x4*x4)","x9",1,1,0.538813821878444
"S2",9,TRUE,FALSE,FALSE,FALSE,3,0.747535088878121,0.663380118504161,0.000828715432789232,0.00178236645543218,687.881431327976,0.999999892661472,4,744.326,"troot(x4*(x4*x6))","x4","x7*x4",1,0.981960854803019,0.977299194157147
"S3",9,FALSE,FALSE,TRUE,FALSE,6,0.322522870506913,0.209610050308459,0.00190415030825527,0.00359049876480862,692.930307846024,0.999999564416722,7,742.433,"x7*troot(x4*x4)","troot(x9*x4)*troot(x9*x4)","x5*x5",1,1,0.999996710622988
"S4",9,FALSE,FALSE,FALSE,FALSE,7,0.282444329860309,0.282444329860309,0.00186638868566552,0.00282738635434004,639.070550782826,0.999999729895418,7,836.162,"x6*troot(1+((x4*(x4*x9))+(x6*x6)))","troot(1+((x4*x4)+x4))","x5",1,1,0.998823201754161
"S5",9,FALSE,FALSE,FALSE,FALSE,6,0.517560521539111,0.517560521539111,0.00155053777189846,0.00240726253604628,684.66795399221,0.999999804201865,6,757.286,"(troot(x4)*troot(x4))*x7","troot(x4)*troot(x4)","x9*(troot(x4)*troot(x4))",1,1,1
"S6",9,FALSE,FALSE,FALSE,FALSE,4,0.412120177547471,0.412120177547471,0.00092647731746863,0.00161549117360473,673.551428537306,0.999999911819854,4,779.817,"troot(x4)*troot(x4)","x6*(troot(x4)*troot(x4))","x9",1,1,0.457012597513066
