"Experiment","Run","F1","F2","F3","F4","Count_FP","Correlation","Correlation_FP","MAE","LMP","R2","Count_P","Time","First","Second","Third","FirstM","SecondM","ThirdM"
"P4",40,FALSE,FALSE,FALSE,FALSE,3,0.371839007534399,0.371839007534399,0.0402408288692825,-96.7669448270558,0.999866187244593,3,349.467000000004,"troot(x4*x4)","x2*x4","x2",1,0.999999999999862,0.193703018732276
"P5",40,FALSE,FALSE,FALSE,FALSE,4,0.643113584428506,0.643113584428506,0.0638575655250458,-105.007113618834,0.99854948353224,4,351.005000000005,"troot(x4)*troot(x4)","x4*x3","x4",1,0.875609701602219,0.145983600834078
