"Experiment","Run","Correlation","MAE","RMSE","LMP","R2","Count_P","Time","First","Second","Third","FirstM","SecondM","ThirdM"
"S1",5,0.877200713549779,3.66886523751986,4.89817949243371,-3109.00525191172,0.763196101356882,15,3216.342,"x1","sigmoid(1+(x8+exp_dbl(x8)))","x5",1,1,1
"S2",5,0.868068940551883,3.19007521164093,5.04234373850653,-2384.57130950275,0.74905164478772,15,5775.303,"x1","x5","x6",1,1,1
"S3",5,0.836680953140034,3.56366510054049,5.88215960519797,-2446.3184858264,0.658498146186556,15,7498.552,"x1","troot(x8)","x5",1,1,1
"S4",5,0.868103345526833,3.54276723850981,5.10034194808672,-3211.72745411987,0.74324551137144,15,3195.803,"x1","exp_dbl(x9)","exp_dbl(x8)",1,1,1
"S5",5,0.839378996193721,3.59372537691599,5.81361571547989,-2473.24927850721,0.666410709892195,14,7504.868,"troot(x8)","x5","x6",1,1,1
"S6",5,0.840749272665809,3.3327657731839,5.508831356512,-2100.81532168946,0.700471320705746,15,3327.202,"x1","exp_dbl(x6*x9)","x4",1,1,1
