"Experiment","Run","F1","F2","F3","F4","Count_FP","Correlation","Correlation_FP","MAE","RMSE","LMP","R2","Count_P","Time","First","Second","Third","FirstM","SecondM","ThirdM"
"S1",27,TRUE,FALSE,FALSE,FALSE,3,0.457735917270417,0.276981223027222,0.000815299325950319,0.00163115425625487,679.64747254604,0.999999910101654,4,2436.29300000001,"troot((x4*x4))","troot(x6*(x4*x4))","x6",0.999999999999895,0.997856753055908,0.140204233065933
"S2",27,FALSE,FALSE,FALSE,FALSE,7,0.456442102620634,0.456442102620634,0.00154051514730564,0.00243274472427409,697.519928711661,0.999999800034665,7,2425.51799999998,"troot(x4*x4)","x9*troot(x4*x4)","troot(x4*x4)*x7",1,1,1
"S3",27,TRUE,FALSE,FALSE,FALSE,3,0.715514235248809,0.620685651927074,0.000938392309424831,0.001894987490162,670.08668022129,0.999999878668287,4,2234.33799999999,"troot(1+(x4*(x6*x4)))","x6*x4","x4",1,1,0.999999999592058
"S4",27,FALSE,FALSE,FALSE,FALSE,6,0.489809613026158,0.489809613026158,0.00164065217597689,0.00240112052826285,679.922939543462,0.999999805199729,6,2299.31800000003,"(troot(x4)*troot(x4))*x7","x9*(troot(x4)*troot(x4))","troot(x4)*troot(x4)",1,1,1
"S5",27,FALSE,FALSE,FALSE,FALSE,4,0.519519633219241,0.519519633219241,0.000967015029537034,0.00160702990000586,673.488289482678,0.999999912741137,4,2149.57800000004,"troot(x4)*troot(x4)","(troot(x4)*troot(x4))*x6","x5",1,0.971420020475038,0.347085992911221
"S6",27,FALSE,FALSE,FALSE,FALSE,6,0.48460127558553,0.48460127558553,0.00180233830036727,0.00337239802532986,658.016198099666,0.999999615727515,6,2431.94200000004,"(troot(x4)*x9)*troot(x4)","(((troot(x4)*x9)*troot(x4))*sin_deg(x7))*x7","((troot(x4)*x9)*troot(x4))*x9",1,1,1
