"Experiment","Run","F1","F2","F3","F4","Count_FP","Correlation","Correlation_FP","MAE","LMP","R2","Count_P","Time","First","Second","Third","FirstM","SecondM","ThirdM"
"P1",14,FALSE,FALSE,FALSE,FALSE,3,0.993633566952249,0.993633566952249,0.0961923798069578,-28.6998877840257,0.998557394474127,3,577.642999999996,"x4*pm05(x4)","x7*x4","x4",0.98783949724076,0.69565367599082,0.308675255092758
