"Experiment","Run","F1","F2","F3","F4","Count_FP","Correlation","Correlation_FP","MAE","RMSE","LMP","R2","Count_P","Time","First","Second","Third","FirstM","SecondM","ThirdM"
"S1",20,FALSE,FALSE,FALSE,FALSE,6,0.407967291263944,0.407967291263944,0.00255747215748897,0.00832417976619486,639.717228568978,0.999997658767539,6,2560.139,"troot(x4)*troot(x4)","x9*(troot(1+x4)*troot(1+x4))","p3(x5)",1,1,0.999999999993892
"S2",20,FALSE,FALSE,FALSE,FALSE,7,0.429215437492522,0.429215437492522,0.00147407412229885,0.00246183829761425,681.824040843006,0.999999795223233,7,2064.223,"x9*(troot(x4)*troot(x4))","x7*(troot(x4)*troot(x4))","troot(x4)*troot(x4)",1,1,1
"S3",20,TRUE,FALSE,FALSE,FALSE,9,0.272794167783405,0.191993519759338,0.00237967297254849,0.00595042476088413,739.229770720452,0.999998803651878,10,1934.469,"x8*x4","p3(p3(x5))","troot(x4)*troot(x4*x6)",1,1,1
"S4",20,FALSE,FALSE,TRUE,FALSE,4,0.592525132082183,0.490656467178319,0.00156854773627682,0.00247030329641962,679.73914858325,0.999999793812567,5,1993.875,"p3(x5)","x7*(troot(x4)*troot(x4))","troot(x4)*troot(x4)",0.999999999998659,0.999999348196896,0.999987886518759
"S5",20,FALSE,FALSE,FALSE,FALSE,8,0.700726029732474,0.700726029732474,0.00121995529212202,0.00196055119558777,623.693207410824,0.999999870127258,8,2035.167,"troot((x6*(p0(x4)*x4))*x4)","p0(x4)*troot((x6*(p0(x4)*x4))*x4)","x4*x7",1,0.999999999999942,0.999999999624086
"S6",20,FALSE,FALSE,FALSE,FALSE,4,0.537075438630361,0.537075438630361,0.000916696937202697,0.00158733238516974,683.955183587771,0.999999914867107,4,2156.09,"troot(x4*x4)","x6*troot(x4*x4)","x9",1,1,0.56675426939591
