"Experiment","Run","F1","F2","F3","F4","Count_FP","Correlation","Correlation_FP","MAE","RMSE","LMP","R2","Count_P","Time","First","Second","Third","FirstM","SecondM","ThirdM"
"S1",28,FALSE,FALSE,FALSE,FALSE,1,0.99999974420151,0.99999974420151,0.0764922535108119,0.379557152076445,-24.0166299391974,0.995132387535251,1,2507.738,"x9*troot(x4*x4)","NA","NA",1,"NA","NA"
"S2",28,TRUE,FALSE,FALSE,FALSE,0,1,NA,1.96605919081125e+292,Inf,-20.5220457792714,-Inf,1,2522.078,"troot((x4*x4)*x6)","NA","NA",1,"NA","NA"
"S3",28,FALSE,FALSE,FALSE,FALSE,2,0.982068314829844,0.982068314829844,0.163011523850674,0.259547001663961,-28.2364995747419,0.997723887791422,2,2461.522,"x4","troot(x4)*x9","NA",1,0.964026141146936,"NA"
"S4",28,FALSE,TRUE,FALSE,FALSE,0,0.999999647456683,NA,0.0605942710451111,0.302601207628216,-22.889285690445,0.996906123671669,1,2590.461,"troot(x4*(x4*x9))","NA","NA",0.998075676870873,"NA","NA"
"S5",28,FALSE,TRUE,FALSE,FALSE,0,0.999999647456683,NA,1.90636557778914e+288,Inf,-22.889285690445,-Inf,1,2480.586,"troot((x9*x4)*x4)","NA","NA",1,"NA","NA"
"S6",28,FALSE,FALSE,FALSE,FALSE,2,0.982068314829844,0.982068314829844,0.163273377387693,0.259627716754035,-28.2364995747419,0.99772247190014,2,2617.644,"x4","troot(x4)*x9","NA",1,0.962039155422201,"NA"
