"Experiment","Run","F1","F2","F3","F4","Count_FP","Correlation","Correlation_FP","MAE","LMP","R2","Count_P","Time","First","Second","Third","FirstM","SecondM","ThirdM"
"P1",9,TRUE,FALSE,FALSE,FALSE,5,0.675678278860004,0.610813934632005,0.00111363820693896,690.240715647425,0.999999868254405,6,NA,"troot((x6*x4)*x4)","x4","x6*x4",1,0.999471561061035,0.915948682501966
"P2",9,TRUE,FALSE,FALSE,FALSE,6,0.700073527572467,0.650085782167878,0.00152765820149441,715.899530942529,0.999999755865605,7,NA,"troot(x4*(x6*x4))","x4","x6*x4",0.999999999999907,0.999999999999904,0.999999999999423
"P3",9,FALSE,FALSE,FALSE,FALSE,10,0.595466854135177,0.595466854135177,2.86677723852329e+144,661.067257021771,-1.49948902328706e+289,10,NA,"x6","p3(1+troot(x6*x4))","troot(x4*x4)",0.763669469528359,0.757524172348012,0.757524172348012
"P4",9,TRUE,FALSE,FALSE,FALSE,2,0.995239647353662,0.992859471030492,8.59305446286666e+262,687.881431327976,-Inf,3,NA,"troot((x4*x6)*x4)","x4","x7*x4",0.999999365971667,0.999522198584995,0.999429877017139
"P5",9,FALSE,FALSE,FALSE,FALSE,5,0.414563800477888,0.414563800477888,0.000912932934105891,683.955183587773,0.999999914505544,5,NA,"troot(x4*x4)","x6*troot(x4*x4)","x9",1,1,0.586372488649345
"P6",9,FALSE,FALSE,FALSE,FALSE,9,0.983561294094508,0.983561294094508,9.96113030023656e+279,628.552232222393,-Inf,9,NA,"x4","x4*x6","p0(x4)*x4",1,0.999999999999989,0.999999999999989
