"Experiment","Run","F1","F2","F3","F4","Count_FP","Correlation","Correlation_FP","MAE","LMP","R2","Count_P","Time","First","Second","Third","FirstM","SecondM","ThirdM"
"P1",18,FALSE,FALSE,FALSE,FALSE,5,0.833111138500608,0.833111138500608,0.0309188528052252,-96.7669448270558,0.999963176034521,5,NA,"troot(x4*x4)","x4*x2","x4",0.885081262433043,0.865909372819449,0.133965802364799
"P2",18,FALSE,FALSE,FALSE,FALSE,3,0.733983070416538,0.733983070416538,0.0371426483624231,-96.7669448270558,0.999910905620233,3,NA,"troot(x4*x4)","x2*x4","x4",0.968896980063399,0.961154573116254,0.114333219737885
"P4",18,FALSE,FALSE,FALSE,FALSE,2,0.604544956779782,0.604544956779782,0.0347365515840886,-96.7669448270558,0.999940315638895,2,NA,"troot(x4*x4)","x4*x2",NA,0.939021626912799,0.921300443901337,NA
"P5",18,FALSE,FALSE,TRUE,FALSE,1,0.453213450370635,-0.0935728909563669,0.0397492352711839,-100.73060235727,0.999865667625982,2,NA,"troot((x4*x9)*(x4*x9))","x2",NA,0.970247183483419,0.367803809664184,NA
"P6",18,TRUE,FALSE,FALSE,FALSE,5,0.991554114054241,0.989864936865089,0.0556703827122752,-99.5125191073178,0.999041551692929,6,NA,"x4","x4*troot(x4)","x4*x10",0.599256681054537,0.461405876962209,0.461405876962209
