"Experiment","Run","F1","F2","F3","F4","Count_FP","Correlation","Correlation_FP","MAE","LMP","R2","Count_P","Time","First","Second","Third","FirstM","SecondM","ThirdM"
"P5",9,FALSE,FALSE,FALSE,FALSE,9,0.489213853903468,0.489213853903468,0.004007289231767,599.970180930169,0.999988995358034,9,623.059999999998,"troot(x4)","x4","troot(troot(x4))",1,1,1
"P1",9,FALSE,FALSE,FALSE,FALSE,3,0.547638320953985,0.547638320953985,0.000874236265851083,675.186902062726,0.999999911369334,3,720.660000000033,"troot(x6*x4)*troot(x6*x4)","troot(x4*x4)","x3",1,1,0.114047697677728
"P2",9,FALSE,TRUE,FALSE,FALSE,3,0.739611941029551,0.652816038887173,0.00161693558166552,694.307341122744,0.99999979080251,4,651.5,"troot(x4*(x9*x4))","x7*troot(x4*(x9*x4))","troot(x4*x4)",1,1,1
"P3",9,FALSE,FALSE,FALSE,FALSE,8,0.368643108711627,0.368643108711627,0.0189274435852549,618.930968611803,0.999612673622624,8,626.52999999997,"troot(x4*x4)","x4","((x4*x3)*x2)*(x4*x3)",1,1,1
"P4",9,FALSE,FALSE,FALSE,FALSE,7,0.455674157189114,0.455674157189114,0.00153509316763998,697.901528862988,0.999999801277024,7,640.470000000088,"troot(x4*x4)","x9*troot(x4*x4)","troot(x4*x4)*x7",1,1,1
"P6",9,TRUE,FALSE,FALSE,FALSE,3,0.482521276361676,0.310028368482235,0.000837513411937839,669.387675116193,0.999999909442267,4,705.970000000088,"troot(x4)*troot(x4)","(troot(x4)*troot(x4))*troot(x6)","x6",1,1,0.235948867557337
