"Experiment","Run","F1","F2","F3","F4","Count_FP","Correlation","Correlation_FP","MAE","LMP","R2","Count_P","Time","First","Second","Third","FirstM","SecondM","ThirdM"
"P5",9,FALSE,FALSE,FALSE,FALSE,12,0.57523258338049,0.57523258338049,0.103215664552137,571.04102447918,0.984700472373068,12,538.619999999995,"x4*x3","x7","troot(x4*troot(1+x4))",1,1,1
"P1",9,FALSE,FALSE,FALSE,FALSE,8,0.119889407833746,0.119889407833746,0.00310072605612791,594.141411263846,0.999998559979345,8,592.119999999995,"troot(x4)*((x8*x4)*(x8*x4))","troot(x4)*troot(x4)","x7",1,1,0.999999971862064
"P2",9,TRUE,FALSE,FALSE,FALSE,4,0.583161027119836,0.478951283899795,0.00087267730909553,687.684548542455,0.99999989262452,5,670.820000000007,"troot((x4*x4)*x6)","x4*x6","x4",1,1,0.999998963828255
"P3",9,FALSE,FALSE,FALSE,FALSE,5,0.525445727999515,0.525445727999515,0.00107054151089546,622.198398487695,0.999999894635361,5,611.850000000035,"troot(1+x4)*troot(1+x4)","(troot(1+x4)*troot(1+x4))*x6","troot(exp_dbl(x4))",1,1,0.842259758056538
"P4",9,FALSE,FALSE,FALSE,FALSE,3,0.645113672185694,0.645113672185694,0.00097462978510929,673.488289482678,0.999999908733903,3,626.479999999981,"x6*troot((x4*x4))","troot((x4*x4))","x7",1,1,0.185165734315581
"P6",9,FALSE,FALSE,FALSE,FALSE,5,0.414563800477888,0.414563800477888,0.000951392800462559,683.955183587773,0.999999913089246,5,621.269999999902,"x6*troot(x4*x4)","troot(x4*x4)","x9",1,1,0.681678699144258
