"Experiment","Run","Correlation","MAE","RMSE","LMP","R2","Count_P","Time","First","Second","Third","FirstM","SecondM","ThirdM"
"S1",14,0.907646324760104,2.64996735445166,4.24647319667685,-1248.72955585415,0.822017939127118,25,5859.103,"p0(x10*x5)","troot(x5*(x10*x13))","x13*p0(x9)",1,1,1
"S2",14,0.892927676012049,2.63321467828795,4.53369855331845,-1308.56808135422,0.797126772881221,28,5018.137,"x9*(x6*x6)","p3(x13)","exp_dbl(x13)",1,1,1
"S3",14,0.861312994476745,2.85905596866749,5.17668984709392,-1280.91436612545,0.735501174300612,28,5518.07,"x11*p3(p3(x6))","p3(x6)","x5*((x9*exp_dbl(x13))*(x9*x7))",1,1,1
"S4",14,0.885518387590092,2.84714385064693,4.7572424510861,-1278.95666098996,0.776627333773943,24,5090.089,"x8","x13","x1*x7",1,1,1
"S5",14,0.896972502806182,2.88194484682098,4.7299044364131,-1408.72519931821,0.77918722819453,21,4256.791,"x1","x5*x9","(x6*x6)*sigmoid(p0(x10))",1,1,1
"S6",14,0.907978204310028,2.59684192184493,4.24315743908215,-1365.99697548062,0.82229577673129,19,4723.797,"exp_dbl(p0(x13))","x5*x12","x5*(x12*x7)",1,1,1
