"Experiment","Run","Correlation","MAE","RMSE","LMP","R2","Count_P","Time","First","Second","Third","FirstM","SecondM","ThirdM"
"S1",25,0.871240644226907,3.03108881779335,5.14861515260702,-968.462137395551,0.738362302941798,20,5069.417,"p3(x6)","sigmoid(x13)*x9","x6*x9",1,1,0.999999999999998
"S2",25,0.810487594388633,3.68004847854121,7.49171291726314,-970.896569860459,0.446035785751648,17,5079.488,"p3(x6)","x10*x13","x11",1,1,0.999999999999663
"S3",25,0.825343323190746,3.51592899412783,7.05687439215401,-964.981873297934,0.508476562295012,13,5900.996,"x11","x6*x9","x12",1,0.999999999999979,0.999998076461728
"S4",25,0.813366724368601,3.59017393216754,6.93164719068069,-968.014269233156,0.525766361487122,13,4179.403,"x6*x6","exp_dbl(x13)*x1","x10*x6",1,1,1
"S5",25,0.793165428641529,3.66012418573782,8.18476921665809,-975.087641095096,0.338800778881617,15,3967.365,"x9*x6","x9","sigmoid(x8*x13)",1,1,0.99999999778323
"S6",25,0.89472616754529,2.81725367626119,4.50813387265403,-980.357520792815,0.799408250868736,13,3701.932,"p3(x6)*x9","p0(p0(x13))*(x9*x11)","p3(x6)",1,1,1
