"Experiment","Run","F1","F2","F3","F4","Count_FP","Correlation","Correlation_FP","MAE","LMP","R2","Count_P","Time","First","Second","Third","FirstM","SecondM","ThirdM"
"P1",24,FALSE,FALSE,FALSE,FALSE,4,0.527094080073312,0.527094080073312,0.0375458365127941,-96.7669448270558,0.999910066324344,4,NA,"troot(x4*x4)","x2*x4","x2",0.969180176429769,0.950144505373122,0.182683134728109
"P2",24,FALSE,FALSE,FALSE,FALSE,7,0.586474632816962,0.586474632816962,0.029728372024749,-96.7669448270558,0.999963291802742,7,NA,"troot(x4*x4)","x4*x2","x4",0.890518717325693,0.852556705125597,0.173005442874717
"P3",24,FALSE,FALSE,FALSE,TRUE,2,0.63309510938467,0.449643203366842,0.0450309795071537,-94.3406692127019,0.999795339923648,3,NA,"troot((x4*x4)*x7)","x2","x4",0.912634128487762,0.220202696253072,0.146477750369949
"P4",24,TRUE,FALSE,FALSE,FALSE,0,1,NA,0.0319229812014133,-94.5244319535552,0.999961885701873,1,NA,"troot((x6*x4)*x4)","NA","NA",0.987612144115298,"NA","NA"
"P5",24,FALSE,FALSE,FALSE,FALSE,4,0.461216420809483,0.461216420809483,0.0330537115915511,-96.7669448270558,0.999956715350491,4,NA,"troot(x4*x4)","x4*x2","x4",0.940718117344393,0.86249582650848,0.168637600796122
"P6",24,FALSE,FALSE,FALSE,FALSE,5,0.831349739176229,0.831349739176229,0.0347366689346147,-101.896843541979,0.999932863452192,5,NA,"troot(x4*x4)","x2*x4","x4",0.957423308136733,0.760211138582293,0.296140026816039
