"Experiment","Run","F1","F2","F3","F4","Count_FP","Correlation","Correlation_FP","MAE","LMP","R2","Count_P","Time","First","Second","Third","FirstM","SecondM","ThirdM"
"P1",24,FALSE,FALSE,FALSE,FALSE,3,0.371839007534399,0.371839007534399,0.0401335120953979,-96.7669448270558,0.999870913873527,3,623.329999999958,"troot(x4*x4)","x2*x4","x2",0.999999999967113,0.983354691785905,0.193118102424907
"P2",24,FALSE,FALSE,FALSE,FALSE,4,0.287214162693813,0.287214162693813,0.0387776226698672,-96.7669448270558,0.999873341636465,4,641.359999999986,"troot(x4*x4)","x4*x2","x10",0.999999999982955,0.999928016033389,0.139339872885529
"P3",24,FALSE,FALSE,FALSE,FALSE,3,0.985488592981159,0.985488592981159,0.0929759028535094,-99.5125191073178,0.996061046702085,3,599.169999999925,"x4","x10*x4","troot(x4)*x4",0.999999999999999,0.999997447692953,0.999927611402115
"P4",24,FALSE,FALSE,FALSE,FALSE,3,0.985488592981159,0.985488592981159,0.0930915842107898,-99.5125191073178,0.996053154937591,3,586.79999999993,"x4","x4*troot(x4)","x10*x4",1,1,1
"P5",24,FALSE,FALSE,FALSE,FALSE,4,0.720245756702868,0.720245756702868,0.0924274566953815,-99.5125191073178,0.996109666730831,4,586.219999999972,"x4","x4*x10","troot(x4)*x4",1,0.999999999999997,0.988187914929614
"P6",24,FALSE,FALSE,FALSE,FALSE,3,0.381478412441251,0.381478412441251,0.0387576329056835,-101.896843541979,0.999874367630599,3,620.280000000028,"x2*x4","troot(x4)*troot(x4)","x7",1,1,0.167290858097553
