"Experiment","Run","F1","F2","F3","F4","Count_FP","Correlation","Correlation_FP","MAE","LMP","R2","Count_P","Time","First","Second","Third","FirstM","SecondM","ThirdM"
"P1",6,FALSE,FALSE,FALSE,FALSE,6,0.715182705463938,0.715182705463938,0.0670558976913479,-99.5125191073178,0.997894149494988,6,NA,"x4","x10*x4","troot(x4)*x4",0.737281687088472,0.567972307945191,0.567861055020085
"P2",6,TRUE,FALSE,FALSE,FALSE,0,1,NA,0.0322543865507512,-94.5244319535552,0.999962583605435,1,NA,"troot((x6*x4)*x4)",NA,NA,0.995605945151592,NA,NA
"P3",6,FALSE,FALSE,FALSE,FALSE,4,0.720245756702868,0.720245756702868,0.0822168394141411,-99.5125191073178,0.997087029495632,4,NA,"x4","x4*x10","x4*troot(x4)",0.925926674294351,0.863749263828674,0.863588037302367
"P6",6,FALSE,FALSE,FALSE,TRUE,2,0.639125155659457,0.458688272779023,0.0421347457144435,-94.3406692127019,0.999814195520568,3,NA,"troot(x4*(x4*x7))","x4","x6",0.916954572123029,0.14915583490537,0.122811797524751
