"Experiment","Run","F1","F2","F3","F4","Count_FP","Correlation","Correlation_FP","MAE","LMP","R2","Count_P","Time","First","Second","Third","FirstM","SecondM","ThirdM"
"P1",37,FALSE,FALSE,FALSE,FALSE,11,0.77814856605933,0.77814856605933,0.225030832232539,648.125581775052,0.909646891716369,11,379.219000000001,"x4","((troot(x4)*p0(x4))*p0(x4))*x9","p0(x4)*x4",1,1,1
"P2",37,FALSE,FALSE,FALSE,FALSE,3,0.645111871563841,0.645111871563841,0.0011152061217102,655.186539126484,0.999999900356393,3,403.292999999998,"troot(x4)*troot(x4)","troot(x6*(x6*x4))*troot(x6*(x6*x4))","x7",1,1,0.482119289347875
"P3",37,FALSE,FALSE,FALSE,FALSE,7,0.954293660470809,0.954293660470809,0.00580591849392132,447.949422069178,0.999986071970517,7,518.040000000001,"(x9*x4)*x4","(x9*x4)*troot(x9*x4)","troot(x9*x4)",1,1,1
"P4",37,FALSE,FALSE,FALSE,FALSE,8,0.612286605751348,0.612286605751348,0.00323279182893928,600.114216456761,0.999997209703652,8,398.815999999992,"troot(x4)","p3(1+troot(x4))","x9*(troot(1+(troot(p3(1+troot(x4)))+((p3(1+troot(x4))*x4)+1)))*x6)",1,1,1
"P5",37,FALSE,FALSE,FALSE,FALSE,13,0.805971766075253,0.805971766075253,0.595292263526714,358.981139257999,0.400892112643485,13,449.91399999999,"troot(x4*x10)*(x4*(x4*x3))","x4","(x4*(x4*x3))*troot(x4*x3)",1,1,1
"P6",37,FALSE,FALSE,FALSE,FALSE,5,0.613441422261154,0.613441422261154,0.00179801836974208,678.219822822552,0.999999813165119,5,396.698999999993,"x9*troot(x4*x4)","troot(x4*x4)","x5",1,0.999999999965646,0.999999973607123
