"Experiment","Run","F1","F2","F3","F4","Count_FP","Correlation","Correlation_FP","MAE","RMSE","LMP","R2","Count_P","Time","First","Second","Third","FirstM","SecondM","ThirdM"
"S1",5,TRUE,FALSE,FALSE,FALSE,1,0.50221070672575,0.00442141345149907,0.0313366329913896,0.0343129854427079,-94.5244319535552,0.999960218729613,2,2144.587,"troot((x6*x4)*x4)","x10","NA",0.998117522233781,0.281711169430373,"NA"
"S2",5,FALSE,FALSE,FALSE,TRUE,3,0.455950644005501,0.27460121820056,0.0456330536682884,0.081449889004008,-94.3406692127019,0.999775847994184,4,2187.87599999999,"troot((x4*x7)*x4)","x2","x6",1,0.281546122394704,0.151302853392666
"S3",5,TRUE,FALSE,FALSE,FALSE,1,0.996429648845025,0.992859297690051,0.0320912130366834,0.032950242000551,-94.5244319535552,0.99996331581685,2,2202.96999999997,"troot(x4*(x6*x4))","x4","NA",0.995356506265978,0.103158096689066,"NA"
"S4",5,TRUE,FALSE,FALSE,FALSE,0,1,NA,0.032285420807828,0.0332398688904581,-94.5244319535552,0.999962668087428,1,2310.64799999999,"troot((x4*x6)*x4)","NA","NA",1,"NA","NA"
"S5",5,FALSE,FALSE,FALSE,FALSE,5,0.579313355345231,0.579313355345231,0.0458204525887979,0.0779962123957452,-100.733281436995,0.999794454173829,5,2172.25300000003,"x4*x7","x4","troot(x4*x4)",0.999999994364411,0.992617419910673,0.989833714916245
"S6",5,FALSE,FALSE,FALSE,FALSE,2,0.604544956779782,0.604544956779782,0.0389617426031324,0.0601857765734985,-96.7669448270558,0.999877609031056,2,2218.283,"troot(x4*x4)","x2*x4","NA",1,0.999999999996652,"NA"
