"Experiment","Run","F1","F2","F3","F4","Count_FP","Correlation","Correlation_FP","MAE","LMP","R2","Count_P","Time","First","Second","Third","FirstM","SecondM","ThirdM"
"P1",12,FALSE,FALSE,FALSE,FALSE,4,0.794693615020363,0.794693615020363,0.0925920731720944,-110.949806959623,0.996685102531765,4,365.137,"troot(x4)*x4","x7*x4","x4",0.999947403299281,0.999943120167266,0.999696204298833
"P2",12,FALSE,FALSE,FALSE,TRUE,2,0.63309510938467,0.449643203366842,0.0463731187599278,-94.3406692127019,0.999778817842761,3,394.663,"troot(x4*(x7*x4))","x2","x4",0.999999977668041,0.222726204072085,0.106496080491554
"P3",12,FALSE,FALSE,FALSE,FALSE,6,0.548531252300706,0.548531252300706,0.0501203231435527,-102.934558054374,0.999335078424727,6,372.890999999996,"x4","p0(x4)*x4","x2*x4",1,0.999999999993009,0.729701943050781
"P4",12,TRUE,FALSE,FALSE,FALSE,1,0.462258623933997,-0.075482752132005,0.0322525338110088,-94.5244319535552,0.999962696344429,2,380.307999999997,"troot((x4*x6)*x4)","x6",NA,0.99490006410919,0.134867482251614,NA
"P6",12,FALSE,FALSE,FALSE,FALSE,2,0.604544956779782,0.604544956779782,0.0389617149794072,-96.7669448270558,0.999877585602062,2,366.941999999995,"troot(x4*x4)","x2*x4",NA,1,0.999999905232537,NA
