"Experiment","Run","F1","F2","F3","F4","Count_FP","Correlation","Correlation_FP","MAE","LMP","R2","Count_P","Time","First","Second","Third","FirstM","SecondM","ThirdM"
"P1",12,FALSE,FALSE,FALSE,FALSE,2,0.604544956779782,0.604544956779782,0.0384947983744304,-96.7669448270558,0.99988706442847,2,383.93,"troot(x4*x4)","x2*x4",NA,0.999999856126236,0.991181526313924,NA
"P2",12,FALSE,FALSE,FALSE,FALSE,4,0.747821799975306,0.747821799975306,0.0442730594461585,-100.717970320674,0.99982098176292,4,372.024999999998,"x4","x4*x6","troot(x4*x4)",0.999941083634161,0.991320196002927,0.991265044116347
"P3",12,FALSE,FALSE,FALSE,FALSE,5,0.429134622685346,0.429134622685346,0.0623828639015452,-127.878638653604,0.998178889667328,5,353.338000000003,"troot((x6*x4)*(x6*x4))","troot(x2*((x6*x4)*(x6*x4)))","x2",1,0.916242159537429,0.190577422716037
"P4",12,FALSE,FALSE,FALSE,FALSE,3,0.985488592981159,0.985488592981159,0.0930758409884552,-99.5125191073179,0.996055488485811,3,425.817000000003,"troot(x4)*x4","x4","x4*x10",1,0.999987745653973,0.999847346690324
"P6",12,FALSE,FALSE,FALSE,FALSE,4,0.798532003292995,0.798532003292995,0.0393947982354402,-100.720409257459,0.999898010954942,4,400.815000000002,"troot(x4*x4)","x4","x4*x9",1,0.759488095914755,0.737451763782166
