"Experiment","Run","F1","F2","F3","F4","Count_FP","Correlation","Correlation_FP","MAE","RMSE","LMP","R2","Count_P","Time","First","Second","Third","FirstM","SecondM","ThirdM"
"S1",18,TRUE,FALSE,FALSE,FALSE,1,0.462258623933997,-0.075482752132005,0.0315128845944761,0.0329971867114959,-94.5244319535552,0.999963211213361,2,2321.17600000004,"troot(x4*(x6*x4))","x6","NA",0.99952155549723,0.121795462482737,"NA"
"S2",18,TRUE,FALSE,FALSE,FALSE,1,0.453213554521817,-0.0935728909563669,0.0343596725401203,0.0421560334039404,-94.5244319535552,0.999939954410096,2,2287.46099999995,"troot(x4*(x6*x4))","x2","NA",1,0.354016495980304,"NA"
"S3",18,FALSE,FALSE,FALSE,FALSE,4,0.267238121297937,0.267238121297937,0.0361696017864374,0.0525270496481592,-96.7669448270559,0.99990677601754,4,2125.07500000001,"troot(x4*x4)","x4*x2","x6",0.999999455558226,0.949641621698486,0.181522816664123
"S4",18,TRUE,FALSE,FALSE,FALSE,1,0.453213554521817,-0.0935728909563669,0.0314410161105586,0.0328054745445912,-94.5244319535552,0.999963637453917,2,2303.56200000003,"troot(x4*(x4*x6))","x2","NA",0.999999970170633,0.320701553448113,"NA"
"S5",18,FALSE,FALSE,FALSE,FALSE,4,0.722952775676917,0.722952775676917,0.0940207211894543,0.341604128597958,-99.5125191073179,0.996057171767396,4,2130.37700000004,"x4","x10*x4","troot(x4)*x4",1,1,0.987468159348398
"S6",18,FALSE,FALSE,FALSE,TRUE,2,0.63309510938467,0.449643203366842,0.0454720536327,0.0800080477112026,-94.3406692127019,0.999783713714378,3,2332.658,"troot((x4*x7)*x4)","x2","x4",1,0.206277994203153,0.112987410671745
