"Experiment","Run","F1","F2","F3","F4","Count_FP","Correlation","Correlation_FP","MAE","LMP","R2","Count_P","Time","First","Second","Third","FirstM","SecondM","ThirdM"
"P2",2,TRUE,TRUE,FALSE,FALSE,9,0.722587104364402,0.660939833394638,0.00105796518049337,687.684548542455,0.999999894502207,11,NA,"x4","troot((x6*x4)*x4)","x6*x4",0.752977720725719,0.733433840438823,0.733433840438822
"P4",2,FALSE,FALSE,TRUE,FALSE,6,0.322522870506913,0.209610050308459,0.00190410794966033,692.930307846024,0.999999564441237,7,NA,"x7*troot(x4*x4)","troot(x9*x4)*troot(x9*x4)","x5*x5",0.999971493440851,0.999971493440851,0.999968204157608
