"Experiment","Run","F1","F2","F3","F4","Count_FP","Correlation","Correlation_FP","MAE","LMP","R2","Count_P","Time","First","Second","Third","FirstM","SecondM","ThirdM"
"P2",2,TRUE,FALSE,FALSE,FALSE,3,0.782114214660598,0.709485619547464,0.000895139134304084,687.684548542455,0.999999884453119,4,373.042999999998,"troot((x6*x4)*x4)","x4","x6*x4",1,0.999999999999999,0.999999999999998
"P4",2,TRUE,FALSE,FALSE,FALSE,3,0.744862286374548,0.659816381832731,0.000840202520094485,682.464833670682,0.999999889098488,4,426.811999999998,"troot(x4)*troot(x4*x6)","x4","x4*x9",1,0.999999999751687,0.999999996618293
