"Experiment","Run","Correlation","MAE","RMSE","LMP","R2","Count_P","Time","First","Second","Third","FirstM","SecondM","ThirdM"
"S1",12,0.859314759206743,3.24439675674774,5.18594070813467,-2544.28837138594,0.734554998951101,15,3237.207,"x1","x2","x5",1,1,1
"S2",12,0.837197869525688,3.73901331084178,5.58296391638346,-3409.5710177414,0.692355540089577,15,3365.017,"x1","x5*x13","x4",1,1,1
"S3",12,0.86874284404193,3.5925023938824,5.07776345068388,-3151.26228953388,0.745513711845916,15,3432.907,"x1","x2","sigmoid(x8)",1,1,1
"S4",12,0.864483375985066,3.52345445692583,5.09639556954068,-2740.24547897594,0.7436426841162,15,3364.666,"x1","x12*x12","x5",1,1,1
"S5",12,0.877581482786688,3.01142366734307,4.84928594382301,-1974.6959386341,0.767900051601978,15,6726.386,"x1","p0(x13)","x11*x12",1,1,1
"S6",12,0.838738020550871,3.55655537105938,5.53193516126251,-3100.47700053349,0.697953631091905,14,7017.797,"x1","x2","x1*x6",1,1,1
