"Experiment","Run","F1","F2","F3","F4","Count_FP","Correlation","Correlation_FP","MAE","RMSE","LMP","R2","Count_P","Time","First","Second","Third","FirstM","SecondM","ThirdM"
"S1",21,TRUE,FALSE,FALSE,FALSE,0,1,NA,0.0321132697832795,0.0329864905768121,-94.5244319535552,0.999963235059881,1,2243.64399999997,"troot((x4*x4)*x6)","NA","NA",1,"NA","NA"
"S2",21,FALSE,FALSE,FALSE,TRUE,1,0.996429109555188,0.992859297690051,0.0444019476686718,0.0760743751938207,-94.3406692127019,0.999804458733312,2,2276.63500000001,"troot(x4*(x4*x7))","x4","NA",1,0.149945931938228,"NA"
"S3",21,FALSE,FALSE,FALSE,FALSE,2,0.604544923910731,0.604544923910731,0.0392376215663929,0.0615945892453995,-101.810661999337,0.999871812179763,2,2299.51400000002,"troot(1+(x4*x4))","x2*x4","NA",0.999965632173464,0.993559356133611,"NA"
"S4",21,FALSE,FALSE,FALSE,FALSE,3,0.371839007534399,0.371839007534399,0.0402323100285304,0.0619991149169855,-96.7669448270558,0.999870122890305,3,2383.62400000001,"troot(x4*x4)","x2*x4","x2",1,1,0.195205620042709
"S5",21,FALSE,FALSE,FALSE,FALSE,4,0.262715586591847,0.262715586591847,0.0403593609014736,0.0622797335853331,-96.7669448270558,0.999868944537294,4,2490.99799999996,"troot(x4*x4)","x2*x4","x2",1,0.986293942234904,0.204386980578495
"S6",21,FALSE,FALSE,FALSE,TRUE,1,0.996429109555188,0.992859297690051,0.0439747690296673,0.0766917111434714,-94.3406692127019,0.999801272260944,2,2353.53999999998,"troot((x7*x4)*x4)","x4","NA",0.999999495535073,0.149944401376482,"NA"
