"Experiment","Run","F1","F2","F3","F4","Count_FP","Correlation","Correlation_FP","MAE","RMSE","LMP","R2","Count_P","Time","First","Second","Third","FirstM","SecondM","ThirdM"
"S1",2,FALSE,FALSE,FALSE,FALSE,5,0.284078753547107,0.284078753547107,0.00105781654649498,0.00211276422187754,643.738394510014,0.999999849178345,5,772.333,"troot(1+(x5+((x4*(x4*x8))+(x4*x8))))","troot(x4*((x4*p0(troot(x9)))*x6))","x5",1,1,0.998951074237265
"S2",2,FALSE,FALSE,FALSE,FALSE,6,0.536363251279199,0.536363251279199,2.30719166829369e+283,Inf,696.692541424934,-Inf,6,750.708,"troot(x4*x4)","x9*troot(x4*x4)","x7*troot(x4*x4)",1,1,1
"S3",2,FALSE,FALSE,FALSE,FALSE,4,0.537075438630361,0.537075438630361,0.000917693649637677,0.00158984271652432,683.955183587772,0.999999914597623,4,736.377,"x6*troot(x4*x4)","troot(x4*x4)","x9",1,1,0.581589957760119
"S4",2,FALSE,FALSE,FALSE,FALSE,9,0.540556054698485,0.540556054698485,0.00102880540446523,0.00161435781856235,640.310111301443,0.999999911943537,9,1002.979,"x4","x9*x4","troot(x4*x4)",1,1,1
"S5",2,FALSE,FALSE,FALSE,FALSE,10,0.538249658078124,0.538249658078124,0.00436606544262348,0.0140700704097273,553.473881603662,0.999993311108099,10,949.666,"x4*x6","x4","(sin_deg(p0(x4))*x4)*x6",1,1,1
"S6",2,FALSE,FALSE,FALSE,FALSE,11,0.506820583995995,0.506820583995995,0.0121768820899988,0.0628386507308023,607.054916406774,0.999866581719701,11,839.721,"x7","x4","p3(p3(p0(x4)))",1,1,1
