"Experiment","Run","F1","F2","F3","F4","Count_FP","Correlation","Correlation_FP","MAE","LMP","R2","Count_P","Time","First","Second","Third","FirstM","SecondM","ThirdM"
"P1",18,FALSE,FALSE,FALSE,FALSE,3,0.381478412441251,0.381478412441251,0.0364911879557282,-96.7669448270558,0.999913665044618,3,NA,"troot(x4*x4)","x4*x2","x7",0.94908620495495,0.906241466830001,0.127431380801293
"P2",18,FALSE,FALSE,FALSE,TRUE,2,0.639125155659457,0.458688272779023,0.0423044546463026,-94.3406692127019,0.999817632492601,3,NA,"troot((x4*x7)*x4)","x4","x6",0.991666924447739,0.154053876165147,0.150589629936675
"P3",18,FALSE,FALSE,FALSE,FALSE,2,0.604544956779782,0.604544956779782,0.0375424875051338,-96.7669448270558,0.999910940772487,2,NA,"troot(x4*x4)","x4*x2","NA",0.999993926371692,0.919114335491504,"NA"
"P4",18,TRUE,FALSE,FALSE,FALSE,0,1,NA,0.0312597061186123,-94.5244319535552,0.999966860294371,1,NA,"troot(x4*(x6*x4))","NA","NA",0.903487334982582,"NA","NA"
"P5",18,TRUE,FALSE,FALSE,FALSE,2,0.280590810935941,-0.0791137835960888,0.0347073331305106,-94.5244319535552,0.999938972552325,3,NA,"troot(x4*(x4*x6))","x2","x7",0.988574579641822,0.344432971778277,0.139862739524039
"P6",18,FALSE,FALSE,FALSE,FALSE,4,0.572543767612473,0.572543767612473,0.067063050007612,-99.877214903911,0.997986302959105,4,NA,"troot(x4*x4)","x4*x3","x6",0.982374439853918,0.978250571058105,0.2273573546678
