"Experiment","Run","F1","F2","F3","F4","Count_FP","Correlation","Correlation_FP","MAE","LMP","R2","Count_P","Time","First","Second","Third","FirstM","SecondM","ThirdM"
"P1",18,FALSE,FALSE,FALSE,FALSE,4,0.262715586591847,0.262715586591847,0.0382421674416145,-101.896843541979,0.999906300638705,4,617.309999999939,"troot(x4)*troot(x4)","x4*x2","x2",1,0.956719258284413,0.149341543415689
"P2",18,FALSE,FALSE,FALSE,FALSE,3,0.459073312781115,0.459073312781115,0.0715516109821524,-99.877214903911,0.99783590642011,3,634.109999999986,"troot(x4*x4)","x3*x4","x10",1,0.999999999999997,0.143708244602741
"P3",18,FALSE,FALSE,FALSE,FALSE,5,0.585096988057541,0.585096988057541,0.0439821907345548,-100.720409257459,0.999812642193051,5,571.640000000014,"troot(x4*x4)","x9*x4","x4",1,0.999999999991284,0.999981685323968
"P4",18,FALSE,FALSE,FALSE,FALSE,2,0.604544956779782,0.604544956779782,0.0389546063523892,-96.7669448270558,0.999873170946119,2,607.090000000084,"x2*x4","troot(x4*x4)","NA",1,1,"NA"
"P5",18,FALSE,FALSE,FALSE,FALSE,2,0.479320109437757,0.479320109437757,0.0395849089560979,-107.000042455965,0.999899877483445,2,587.429999999935,"troot(x4*x4)","x8*troot(x4*x4)","NA",1,0.983774046410608,"NA"
"P6",18,FALSE,FALSE,FALSE,FALSE,4,0.572543767612473,0.572543767612473,0.067650637454364,-99.877214903911,0.997983710014301,4,619.270000000019,"troot(x4*x4)","x4*x3","x6",1,0.998312966150611,0.231578894045663
