"Experiment","Run","F1","F2","F3","F4","Count_FP","Correlation","Correlation_FP","MAE","LMP","R2","Count_P","Time","First","Second","Third","FirstM","SecondM","ThirdM"
"P1",18,FALSE,FALSE,FALSE,FALSE,6,0.531576962117575,0.531576962117575,0.0612888943226222,-99.877214903911,0.998757219123971,6,529.859999999986,"troot(x4*x4)","x4*x3","x4",0.99999999999002,0.706964389565721,0.414487310196627
"P2",18,FALSE,FALSE,FALSE,FALSE,3,0.404503775670354,0.404503775670354,0.0389486720492706,-101.896843541979,0.999875152654105,3,565.319999999949,"troot(x4)*troot(x4)","x2*x4","x10",1,0.994777336865771,0.185384134823042
"P3",18,FALSE,FALSE,FALSE,FALSE,6,0.547909354712054,0.547909354712054,0.0591616114259637,-99.877214903911,0.998792719113302,6,521.160000000033,"troot(x4*x4)","x4*x3","x4",0.99985249376577,0.674416489974958,0.446196013133488
"P4",18,FALSE,FALSE,FALSE,FALSE,3,0.735606343661585,0.735606343661585,0.0406570713220032,-107.345635671111,0.999874749924395,3,550.600000000093,"troot(x8*(x4*x4))","troot(x4*x4)","x4",1,0.999999998670162,0.148380588596749
"P5",18,FALSE,FALSE,FALSE,FALSE,6,0.547909421422309,0.547909421422309,0.0610739694988975,-99.877214903911,0.998701116865052,6,533.380000000005,"troot(x4*x4)","x4*x3","x4",0.999998362156529,0.749802324704314,0.344254863065023
"P6",18,FALSE,FALSE,FALSE,FALSE,4,0.572543767612473,0.572543767612473,0.0675989878708357,-105.007113618834,0.997997030723041,4,569.299999999814,"x3*x4","troot(x4)*troot(x4)","x6",1,0.999999999999562,0.20117323351563
