"Experiment","Run","F1","F2","F3","F4","Count_FP","Correlation","Correlation_FP","MAE","RMSE","LMP","R2","Count_P","Time","First","Second","Third","FirstM","SecondM","ThirdM"
"S1",1,FALSE,FALSE,FALSE,FALSE,15,0.494705946720892,0.494705946720892,0.0300271541437384,0.20639127775165,631.786594109748,0.998560723231899,15,1965.457,"x4*x4","x4","x6",1,1,1
"S2",1,TRUE,FALSE,FALSE,FALSE,1,0.999999656085019,0.999999312170039,0.000809586307553598,0.00163731628287768,684.777371260963,0.999999909421151,2,1823.574,"troot(x6*(x4*x4))","troot(x4*x4)","NA",1,0.998857447618518,"NA"
"S4",1,FALSE,FALSE,FALSE,FALSE,5,0.592525122582957,0.592525122582957,0.0015282104833395,0.00239264524053599,700.057650136979,0.999999806572483,5,2218.269,"troot(x4*x4)","troot(x4*x4)*x9","troot(x4*x4)*x7",1,1,1
"S5",1,FALSE,FALSE,FALSE,FALSE,11,0.777147403043364,0.777147403043364,0.082495938585544,0.592459650260438,634.516554382553,0.988140150126644,11,1851.896,"x2*x4","x4","exp_dbl(troot(x4))",1,1,1
"S6",1,FALSE,FALSE,FALSE,FALSE,4,0.537075438630361,0.537075438630361,0.000922098294689725,0.00159158738203328,683.955183587772,0.999999914410082,4,1920.313,"troot(x4*x4)*x6","troot(x4*x4)","x9",1,1,0.590058656544184
