"Experiment","Run","Correlation","MAE","RMSE","LMP","R2","Count_P","Time","First","Second","Third","FirstM","SecondM","ThirdM"
"S1",16,0.771266594825579,3.85364717463832,9.1566132176171,-1551.01611089548,0.172459616902797,13,7438.702,"x6*x6","x11","(x6*x6)*(x10*x7)",1,1,1
"S2",16,0.825985272300539,3.62966533642381,5.70335520975677,-3356.12670339628,0.678944364059743,15,3361.011,"x1","x13*x1","p3(x2)",1,1,1
"S3",16,0.87144796763192,3.27204422342228,4.98028515016588,-2552.79985165211,0.755190720635047,15,3352.864,"x1","p3(x11)","x5",1,1,1
"S4",16,0.877233749843958,3.19057203533873,5.13282793182138,-2030.06137594882,0.739964364557555,15,7358.457,"x1","x13*x6","p0(p0(x13))",1,1,1
"S5",16,0.858934840229379,3.20643934790905,5.18047238378468,-2435.30682926747,0.735114501712643,15,3387.19,"x10*(x6*x12)","x5","x6",1,1,1
"S6",16,0.81167316544232,3.69093295188398,6.28582594208595,-2300.72737595689,0.610018362248622,15,3455.721,"x6*x11","sigmoid(1+x13)","sigmoid(x11)",1,1,1
