"Experiment","Run","F1","F2","F3","F4","Count_FP","Correlation","Correlation_FP","MAE","LMP","R2","Count_P","Time","First","Second","Third","FirstM","SecondM","ThirdM"
"P1",15,TRUE,FALSE,FALSE,FALSE,2,0.995239780774171,0.992859671161257,0.000830901950224377,687.684548542455,0.999999890054893,3,415.275000000001,"troot((x6*x4)*x4)","x4","x6*x4",1,0.999987444880774,0.999986458828905
"P2",15,FALSE,FALSE,FALSE,FALSE,12,0.517030572454339,0.517030572454339,0.0593843012907126,573.796158342363,0.995286854305442,12,404.694,"x4","p3(p0(x4))","exp_dbl(sigmoid(sin_deg(x4)))*x4",1,1,1
"P3",15,FALSE,FALSE,FALSE,FALSE,9,0.525017883004364,0.525017883004364,0.0623466705789692,523.884751366317,0.994059317310528,9,532.604000000007,"p3(x3*(x4*x8))","(x4*x8)*x9","x4",1,1,1
"P4",15,FALSE,FALSE,FALSE,FALSE,6,0.334694009115303,0.334694009115303,0.00177359051520177,648.102367285895,0.999999806246679,6,358.504999999997,"(troot(x4)*x6)*troot(x4)","troot(1+(x4+((x4*x4)+(1+x4))))","x5",1,1,0.998191331771915
"P5",15,FALSE,FALSE,FALSE,FALSE,9,0.750124218698914,0.750124218698914,0.0668182335304244,414.466824275413,0.993763687531979,9,527.919999999998,"x4*x9","p3(p0(p3(x4)))","(x4*x9)*p3(p0(p3(x4)))",1,1,1
"P6",15,FALSE,FALSE,FALSE,FALSE,3,0.668521412733855,0.668521412733855,0.000927837444123095,683.81122596715,0.999999911127412,3,419.805999999997,"troot(x4*x4)*x6","troot(x4*x4)","x9",1,1,0.516350437141349
