"Experiment","Run","F1","F2","F3","F4","Count_FP","Correlation","Correlation_FP","MAE","LMP","R2","Count_P","Time","First","Second","Third","FirstM","SecondM","ThirdM"
"P1",23,FALSE,FALSE,FALSE,FALSE,11,0.773561154078586,0.773561154078586,0.952454973754019,591.542933433778,-0.638341048333943,11,389.806,"x4","troot(x4*x4)","(x4*x10)*x4",1,1,0.999999998324156
"P2",23,FALSE,FALSE,FALSE,FALSE,15,NA,NA,5.28939227689776e+301,402.781891297753,-Inf,15,436.190999999999,"(sigmoid(x8)*x3)*troot(sigmoid(x8)*x3)","sigmoid(x8)","x4",1,1,1
"P3",23,FALSE,FALSE,FALSE,FALSE,14,0.643344242430798,0.643344242430798,0.022812579981069,594.751388019207,0.999232473809926,14,421.317000000003,"p0(troot(x4))","x4*(x4*x10)","troot(troot(x4))",1,1,1
"P4",23,FALSE,FALSE,FALSE,FALSE,11,0.723229984972347,0.723229984972347,0.117553893897454,570.319028616727,0.975521887545096,11,432.663,"x4","x5*(x4*x7)","x6*x4",1,1,1
"P5",23,FALSE,FALSE,FALSE,FALSE,11,0.526901557912779,0.526901557912779,0.278533527847411,550.278303603718,0.871372119797746,11,386.513000000006,"x8*x4","x4","troot(x4*x3)*x4",1,1,1
"P6",23,FALSE,FALSE,FALSE,FALSE,13,0.62071047036075,0.62071047036075,0.0312661396034124,596.943313538927,0.998459774294219,13,483.438999999998,"x4*p0(x4)","x4*x4","x4",1,1,1
