"Experiment","Run","F1","F2","F3","F4","Count_FP","Correlation","Correlation_FP","MAE","RMSE","LMP","R2","Count_P","Time","First","Second","Third","FirstM","SecondM","ThirdM"
"S1",1,FALSE,TRUE,FALSE,FALSE,5,0.819250014629301,0.783100088063825,0.00169492310408469,0.0026188392274126,685.853448749488,0.999999768271574,6,963.723999999987,"x4","x9*x4","troot(x4*(x9*x4))",1,1,1
"S2",1,FALSE,TRUE,FALSE,FALSE,6,0.454895220814774,0.364044483041122,0.00153596105065694,0.00253816864494664,696.231515239987,0.999999782327991,7,1005.84699999995,"troot(x9*(x4*x4))","x5","sigmoid(x5)",1,0.999999999999194,0.999999999271707
"S3",1,FALSE,FALSE,FALSE,FALSE,4,0.537075438630361,0.537075438630361,0.000917620375409389,0.00158972978173171,683.955183587772,0.999999914609756,4,887.515000000014,"troot(x4*x4)","troot(x4*x4)*x6","x9",1,1,0.583592681173242
"S4",1,TRUE,FALSE,FALSE,FALSE,4,0.37566371778302,0.219579647228775,0.00119379488538198,0.00212406638530586,690.058089526153,0.999999847560397,5,988.258000000031,"troot(x6*x4)*troot(x4)","x4","x4*x8",1,0.999999995972827,0.999996677603587
"S5",1,FALSE,FALSE,FALSE,FALSE,7,0.429708760112568,0.429708760112568,0.00206967799067326,0.00345825629708785,628.09836533776,0.999999595911967,7,1099.74500000005,"x9*(troot(x4)*troot(1+x4))","(x9*(troot(x4)*troot(1+x4)))*(x7*x9)","x7*(x9*(troot(x4)*troot(1+x4)))",1,1,1
"S6",1,FALSE,FALSE,FALSE,FALSE,5,0.414563800477888,0.414563800477888,0.000908556388687447,0.00159490996469956,673.695386157929,0.999999914052356,5,1087.44900000002,"troot(x4)*troot(x4)","(troot(x4)*troot(x4))*x6","x9",0.999999999127475,0.999815532513157,0.641726227213598
