"Experiment","Run","F1","F2","F3","F4","Count_FP","Correlation","Correlation_FP","MAE","RMSE","LMP","R2","Count_P","Time","First","Second","Third","FirstM","SecondM","ThirdM"
"S1",6,FALSE,FALSE,FALSE,FALSE,4,0.537075438630361,0.537075438630361,0.000917709582727098,0.00158984222719571,683.955183587773,0.999999914597675,4,910.199000000022,"troot(x4*x4)","x6*troot(x4*x4)","x9",1,0.999999690368747,0.581588216662014
"S2",6,FALSE,FALSE,FALSE,FALSE,3,0.714245335731172,0.714245335731172,0.000880133601274862,0.00159754485160483,670.057003347804,0.99999991376814,3,1114.62,"troot(x6*x4)*troot(x6*x4)","troot(x4)*troot(x4)","x5",1,1,0.381409129662984
"S3",6,FALSE,FALSE,FALSE,FALSE,4,0.537075438630361,0.537075438630361,0.00091346328056201,0.00158675778859598,683.955183587772,0.999999914928731,4,961.813000000024,"x6*troot(x4*x4)","troot(x4*x4)","x9",1,1,0.559131327297179
"S4",6,FALSE,FALSE,FALSE,FALSE,7,0.340482209183098,0.340482209183098,0.0014977000157009,0.0028601269509345,686.164537219194,0.99999972360368,7,1077.19300000003,"troot(x4*x4)","troot(x4*x4)*x6","x9",1,1,0.887738690782303
"S5",6,FALSE,FALSE,FALSE,FALSE,3,0.547637388260404,0.547637388260404,0.000970540757658633,0.00162810032206497,683.748086912524,0.999999910437963,3,976.426000000036,"x6*troot(x4*x4)","troot(x4*x4)","x3",1,1,0.195455335502569
"S6",6,FALSE,FALSE,FALSE,FALSE,6,0.500424659346753,0.500424659346753,0.00182120060072955,0.00243184617081914,672.365392911522,0.999999800182355,6,1210.75899999996,"(troot(x4)*troot(x4))*x9","troot(x4)*troot(x4)","x5",1,1,0.999999997710047
