"Experiment","Run","F1","F2","F3","F4","Count_FP","Correlation","Correlation_FP","MAE","LMP","R2","Count_P","Time","First","Second","Third","FirstM","SecondM","ThirdM"
"P1",12,FALSE,FALSE,FALSE,FALSE,2,0.604544956779782,0.604544956779782,0.0384031256540187,-96.7669448270558,0.999888714438486,2,NA,"troot(x4*x4)","x2*x4",NA,0.998916743879757,0.98999597895593,NA
"P2",12,FALSE,FALSE,FALSE,TRUE,2,0.63309510938467,0.449643203366842,0.045235002192324,-94.3406692127019,0.999799126358162,3,NA,"troot(x4*(x7*x4))","x2","x4",0.912625992184702,0.203265731464464,0.103920493403877
"P3",12,FALSE,FALSE,FALSE,FALSE,7,0.722752143446183,0.722752143446183,0.0453573656533063,-102.237348925172,0.999513252258517,7,NA,"p0(x4)*x4","x4","x6*x4",0.999999999995678,0.999380290721468,0.587831898017749
"P4",12,TRUE,FALSE,FALSE,FALSE,2,0.641505520012678,0.462258280019017,0.0312997177344314,-94.5244319535552,0.999966353059666,3,NA,"troot((x4*x6)*x4)","x6","troot(x4*x4)",0.892248938808224,0.144901610870647,0.101639385795345
"P6",12,FALSE,FALSE,FALSE,FALSE,2,0.604544956779782,0.604544956779782,0.0388790443195411,-96.7669448270558,0.999881146870109,2,NA,"troot(x4*x4)","x2*x4",NA,0.999874545696995,0.980940677573024,NA
