"Experiment","Run","F1","F2","F3","F4","Count_FP","Correlation","Correlation_FP","MAE","LMP","R2","Count_P","Time","First","Second","Third","FirstM","SecondM","ThirdM"
"P1",12,FALSE,FALSE,FALSE,FALSE,4,0.727558975590137,0.727558975590137,0.0409935512769836,-105.847869035597,0.999841015699182,4,358.409,"troot(x4)*troot(x4)","x4*x6","x4",1,0.999999999993691,0.999996610021723
"P2",12,FALSE,FALSE,FALSE,FALSE,3,0.985488592981159,0.985488592981159,0.0924093688909981,-99.5125191073178,0.996064435930534,3,361.879000000001,"x4","x4*x10","troot(x4)*x4",1,0.99999999901642,0.987269172478869
"P3",12,FALSE,FALSE,FALSE,FALSE,5,0.618249498180462,0.618249498180462,0.0499226161784665,-102.237348925172,0.999370246413187,5,360.106999999996,"x4","p0(x4)*x4","x4*x6",1,0.999999999999999,0.995330428138456
"P4",12,FALSE,FALSE,FALSE,FALSE,3,0.377869053809186,0.377869053809186,0.036746065367125,-96.7669448270558,0.999877114701795,3,359.754999999997,"troot(x4*x4)","x4*x2","x6",0.999999938256716,0.999999937687441,0.245677631655271
"P6",12,FALSE,FALSE,FALSE,FALSE,5,0.565498127175968,0.565498127175968,0.0462824882879958,-105.850307972382,0.999804847121059,5,374.678,"troot(x4)*troot(x4)","x9*x4","x4",1,0.999999999992003,0.99999999771584
