"Experiment","Run","F1","F2","F3","F4","Count_FP","Correlation","Correlation_FP","MAE","LMP","R2","Count_P","Time","First","Second","Third","FirstM","SecondM","ThirdM"
"P1",12,FALSE,FALSE,FALSE,FALSE,3,0.645234266214903,0.645234266214903,0.105500793481365,-103.594302692051,0.994120997188891,3,409.965,"x4","x4*troot(x4)","x4*(x8*x10)",1,1,0.973990114256561
"P2",12,FALSE,FALSE,FALSE,FALSE,2,0.604544956779782,0.604544956779782,0.0389758557091124,-96.7669448270559,0.999877552381,2,359.402000000002,"troot(x4*x4)","x4*x2",NA,1,0.999999999923755,NA
"P3",12,FALSE,FALSE,FALSE,FALSE,6,0.649588005833429,0.649588005833429,0.0532302465574439,-102.237348925172,0.999278399111171,6,366.814999999995,"x4*p0(x4)","x4","x4*x9",1,0.998451982870591,0.529291831899101
"P4",12,FALSE,FALSE,FALSE,FALSE,6,0.479414798889969,0.479414798889969,0.0374679211211035,-100.720409257459,0.999886196675539,6,384.500999999997,"troot(x4*x4)","x4","x9*x4",1,0.87512389985556,0.875121908888541
"P6",12,FALSE,FALSE,FALSE,FALSE,3,0.995238423841611,0.995238423841611,0.0876502272593972,-105.731270614374,0.995291689071153,3,383.28899999999,"x4","troot(x4*x4)*x6","x4*x9",1,1,1
