"Experiment","Run","F1","F2","F3","F4","Count_FP","Correlation","Correlation_FP","MAE","LMP","R2","Count_P","Time","First","Second","Third","FirstM","SecondM","ThirdM"
"P1",25,FALSE,FALSE,FALSE,TRUE,1,0.996429109555188,0.992859297690051,0.0435964705123559,-94.3406692127019,0.999806474301908,2,NA,"troot((x4*x7)*x4)","x4","NA",0.991092401929392,0.163142692785848,"NA"
"P2",25,TRUE,FALSE,FALSE,TRUE,1,0.635475343487986,-0.0935728909563669,0.0341300869667466,-94.3406692127019,0.99995074048827,3,NA,"troot((x6*x4)*x4)","troot(x4*(x7*x4))","x2",0.624269958692015,0.375102172976193,0.101332256453171
"P3",25,FALSE,FALSE,FALSE,TRUE,1,0.996429109555188,0.992859297690051,0.0427254967774606,-94.3406692127019,0.999815590914033,2,NA,"troot((x7*x4)*x4)","x4","NA",0.915221233296335,0.135380762586312,"NA"
"P4",25,FALSE,FALSE,FALSE,FALSE,3,0.733983070416538,0.733983070416538,0.0332809241104608,-96.7669448270559,0.99995496441578,3,NA,"troot(x4*x4)","x4*x2","x4",0.943076767698168,0.886497086174076,0.148181210584388
"P5",25,FALSE,FALSE,FALSE,FALSE,6,0.103049344370617,0.103049344370617,0.0392535110889275,-96.7669448270558,0.999870342521066,6,NA,"troot(x4*x4)","x2*x4","x2",0.999891265078785,0.999600917273343,0.220215895571981
