"Experiment","Run","F1","F2","F3","F4","Count_FP","Correlation","Correlation_FP","MAE","LMP","R2","Count_P","Time","First","Second","Third","FirstM","SecondM","ThirdM"
"P1",40,FALSE,FALSE,FALSE,FALSE,7,0.317831347573838,0.317831347573838,NA,622.413457955398,NA,7,NA,"x9*troot(troot(x4)+(x4*x4))","troot(1+(1+(x4*x4)))","p3(sin_deg(x5))",0.999999999999986,0.999999999999986,0.999795538788075
"P2",40,FALSE,TRUE,FALSE,FALSE,6,0.420367790615341,0.323762481141784,0.00151378272711379,698.915048366659,0.999999803114047,7,NA,"troot(x4*x4)","troot(x4*x4)*x7","troot(x4*(x4*x9))",0.99998673675751,0.999985753329609,0.999985753329609
"P3",40,FALSE,FALSE,FALSE,FALSE,10,0.749107279740097,0.749107279740097,0.0253438464847194,586.174566301051,0.999105987493441,10,NA,"troot(x4)*x4","x4","x7*(troot(x4)*x4)",1,1,1
"P4",40,FALSE,FALSE,FALSE,FALSE,6,0.434257014150517,0.434257014150517,0.00154888057511037,700.057650136979,0.999999803325095,6,NA,"troot(x4*x4)","x7*troot(x4*x4)","troot(x4*x4)*x9",0.999999996268758,0.999999898424823,0.999999898424823
"P5",40,TRUE,FALSE,FALSE,FALSE,2,0.641505520012678,0.462258280019017,0.000818018214366414,684.777371260963,0.999999909795911,3,NA,"troot((x4*x4)*x6)","troot(x4*x4)","x6",1,0.999999987552917,0.135910385721093
"P6",40,FALSE,FALSE,FALSE,FALSE,4,0.519519633219241,0.519519633219241,0.000969988565899023,683.748086912524,0.999999912994988,4,NA,"troot(x4*x4)","x6*troot(x4*x4)","x5",1,1,0.330707889557704
