"Experiment","Run","F1","F2","F3","F4","Count_FP","Correlation","Correlation_FP","MAE","LMP","R2","Count_P","Time","First","Second","Third","FirstM","SecondM","ThirdM"
"P1",40,FALSE,FALSE,FALSE,FALSE,12,0.616832248521074,0.616832248521074,0.0289697523518329,590.544959337888,0.998708263428559,12,397.815000000002,"x4*sin_deg(x3)","x4","x4*x10",1,1,1
"P2",40,FALSE,TRUE,FALSE,FALSE,6,0.420367790615341,0.323762481141784,0.0015137978527041,698.915048366659,0.999999803108678,7,360.396000000001,"troot(x4*x4)","troot(x4*x4)*x7","troot(x4*(x4*x9))",1,1,1
"P3",40,FALSE,FALSE,FALSE,FALSE,12,0.565085252119134,0.565085252119134,0.0202113307315794,546.422186764782,0.999520125851304,12,394.535000000003,"(x6*(x4*x10))*x4","x4","p0(x4)*p0(x4)",1,1,1
"P4",40,FALSE,FALSE,FALSE,TRUE,2,0.999998628684191,0.999998455827494,0.0015341961655478,630.170677214099,0.999999826161233,3,421.850999999995,"x9*troot(1+(x7*(x4*x4)))","troot(x4)*troot(x4)","troot(1+(x7*(x4*x4)))",1,1,0.980146370845732
"P5",40,FALSE,FALSE,FALSE,FALSE,12,0.479048989717777,0.479048989717777,0.00822319836169197,499.377523449916,0.999969471162991,12,376.494999999995,"(x4*exp_dbl(x7))*exp_dbl(x7)","x4","(troot(x4)*x7)*x4",1,1,1
"P6",40,FALSE,FALSE,FALSE,FALSE,4,0.519519633219241,0.519519633219241,0.000969988565899023,683.748086912524,0.999999912994988,4,378.978000000003,"troot(x4*x4)","x6*troot(x4*x4)","x5",1,1,0.330707889557704
