"Experiment","Run","F1","F2","F3","F4","Count_FP","Correlation","Correlation_FP","MAE","LMP","R2","Count_P","Time","First","Second","Third","FirstM","SecondM","ThirdM"
"P5",13,FALSE,FALSE,FALSE,FALSE,9,0.546858022194156,0.546858022194156,0.00219815975290051,590.462895338727,0.999999544913209,9,NA,"x4","troot(1+((x4*x4)+(((x8*x2)*x4)+x4)))*x9","troot(1+((x4*x4)+(((x8*x2)*x4)+x4)))",0.999999791427767,0.942031996670545,0.942031996670545
"P1",13,FALSE,FALSE,FALSE,FALSE,4,0.446412420275273,0.446412420275273,0.000960445005932115,683.748086912524,0.999999915455432,4,NA,"troot(x4*x4)","troot(x4*x4)*x6","x5",1,1,0.40816440095505
"P2",13,TRUE,FALSE,FALSE,FALSE,4,0.576896278041156,0.471120347551445,0.00165943326520267,705.054085287913,0.999999581713135,5,NA,"x4*x1","x4*x8","x4*x6",0.999998623243669,0.999990618644224,0.999990618644224
"P3",13,FALSE,FALSE,FALSE,FALSE,4,0.48252037151739,0.48252037151739,0.000920485610278141,678.68132725223,0.999999911549144,4,NA,"troot(x4*x4)","troot(x4)*(troot(x4)*x6)","x9",1,1,0.59755540194816
"P4",13,FALSE,TRUE,FALSE,FALSE,6,0.275811395971279,0.155113354057045,0.00180749399588773,692.686495580159,0.999999687458254,7,NA,"troot(x4*(x9*x4))","troot(x4*(x7*x4))*x9","x2*x1",1,1,0.999999993666277
"P6",13,FALSE,FALSE,FALSE,FALSE,5,0.372566941475053,0.372566941475053,0.000907721282784833,673.551428537306,0.999999910575654,5,NA,"troot(x4)*troot(x4)","x6*(troot(x4)*troot(x4))","x9",0.99999999999986,0.99999999999986,0.644228344859511
