"Experiment","Run","F1","F2","F3","F4","Count_FP","Correlation","Correlation_FP","MAE","LMP","R2","Count_P","Time","First","Second","Third","FirstM","SecondM","ThirdM"
"P5",13,FALSE,FALSE,FALSE,FALSE,11,0.571709418586601,0.571709418586601,0.0492985016289686,535.594063467472,0.996386381589494,11,580.75,"troot(troot(1+x4))","exp_dbl(troot(1+x4))","x7*x4",1,1,1
"P1",13,FALSE,FALSE,FALSE,FALSE,4,0.446412420275273,0.446412420275273,0.000960445005932115,683.748086912524,0.999999915455432,4,567.75,"troot(x4*x4)","troot(x4*x4)*x6","x5",1,1,0.40816440095505
"P2",13,TRUE,FALSE,FALSE,FALSE,4,0.576896278041156,0.471120347551445,0.00165944003078955,705.054085287913,0.999999581708001,5,573.469999999972,"x4*x8","x4*x6","troot((x4*x6)*x4)",1,1,1
"P3",13,FALSE,FALSE,FALSE,FALSE,4,0.48252037151739,0.48252037151739,0.000920485610278141,678.68132725223,0.999999911549144,4,582.539999999979,"troot(x4*x4)","troot(x4)*(troot(x4)*x6)","x9",1,1,0.59755540194816
"P4",13,FALSE,FALSE,FALSE,FALSE,6,0.256399568883835,0.256399568883835,0.00293871655899579,638.450958041515,0.999998569250205,6,594.780000000028,"x9*troot(1+((x4*x4)+1))","sigmoid(troot(x7))*troot(1+((x4*x4)+1))","x7",1,1,0.999999923743125
"P6",13,FALSE,FALSE,FALSE,FALSE,10,0.698239194089338,0.698239194089338,0.296802259459714,587.133445366989,0.842283043570331,10,594.900000000023,"x4","x4*(troot(x4)*troot(x4))","x5*((troot(x4)*x4)*x6)",1,1,1
