"Experiment","Run","F1","F2","F3","F4","Count_FP","Correlation","Correlation_FP","MAE","LMP","R2","Count_P","Time","First","Second","Third","FirstM","SecondM","ThirdM"
"P5",13,FALSE,FALSE,FALSE,FALSE,11,0.521927778871352,0.521927778871352,0.00845801153600159,486.961845370928,0.999939818851283,11,567.830000000016,"sin_deg(x3)*(x4*x8)","x4","troot(x4*troot(1+(x2+x4)))*troot(troot(1+(x2+x4)))",1,1,1
"P1",13,FALSE,FALSE,FALSE,FALSE,9,0.0970888412850378,0.0970888412850378,0.00317075143899838,551.763080144457,0.999998528087837,9,579.700000000012,"(troot(x4)*(x8*x4))*(x8*x4)","x8*x4","(sin_deg(troot(1+x4))*x4)*x8",1,1,1
"P2",13,FALSE,FALSE,FALSE,FALSE,6,0.543291565763375,0.543291565763375,0.00153424639061355,682.130232566894,0.999999802262427,6,608.580000000016,"x9*(troot(x4)*troot(x4))","troot(x4)*troot(x4)","(troot(x4)*troot(x4))*x7",1,1,1
"P3",13,FALSE,FALSE,FALSE,FALSE,7,0.263610484777009,0.263610484777009,0.00230110466305289,547.606413628707,0.999999724904874,7,600.75,"troot(1+((x4*x8)+((x4*x4)+(x3+exp_dbl(x2)))))","troot(1+((x4*x8)+((x4*x4)+(x3+exp_dbl(x2)))))*(x6*x6)","x5",1,1,0.992172341809127
"P4",13,FALSE,TRUE,FALSE,FALSE,6,0.275811395971279,0.155113354057045,0.00180749399588773,692.686495580159,0.999999687458254,7,626.089999999967,"troot(x4*(x9*x4))","troot(x4*(x7*x4))*x9","x2*x1",1,1,0.999999993666277
"P6",13,FALSE,FALSE,FALSE,FALSE,6,0.324859354857494,0.324859354857494,0.00169218671738579,628.193689916155,0.999999792379838,6,628.869999999995,"troot(1+x4)*troot(1+x4)","x6*(troot(1+x4)*troot(1+x4))","x5",1,1,0.998167820211911
