"Experiment","Run","F1","F2","F3","F4","Count_FP","Correlation","Correlation_FP","MAE","LMP","R2","Count_P","Time","First","Second","Third","FirstM","SecondM","ThirdM"
"P5",13,FALSE,FALSE,FALSE,FALSE,7,0.472841587289416,0.472841587289416,0.00344979210746843,587.674747289574,0.999993286146711,7,514.780000000028,"x2*(troot(x4*x4)*troot(x2*(x4*x4)))","troot(x4*x4)","x2*(x4*x4)",1,1,1
"P1",13,FALSE,FALSE,FALSE,FALSE,12,0.637270833414771,0.637270833414771,0.00224916561411598,582.715402206889,0.999999306184172,12,535.330000000016,"x4","troot(x4*x9)","x6*x4",1,1,1
"P2",13,FALSE,TRUE,FALSE,FALSE,4,0.574427592012283,0.468034578151183,0.00147911300055099,693.477296598899,0.999999822968616,5,571.449999999953,"x4*x1","troot(x4*x4)","troot(x4*(x4*x9))",1,1,1
"P3",13,FALSE,FALSE,FALSE,FALSE,11,0.361517881288501,0.361517881288501,0.0112703630725854,249.709371459637,0.999973442342598,11,535.609999999986,"troot(x4)","x4","troot(troot(1+(x4+(troot(troot(x8))+troot(x8)))))",1,1,1
"P4",13,FALSE,FALSE,FALSE,FALSE,12,0.556579033757209,0.556579033757209,1.21819356560195,610.515122577875,-1.67517086529619,12,574.310000000056,"x4","troot(x4)","x9",1,1,1
"P6",13,FALSE,FALSE,FALSE,FALSE,5,0.372566941475053,0.372566941475053,0.000907721282784832,673.551428537306,0.999999910575654,5,626.519999999902,"x6*(troot(x4)*troot(x4))","troot(x4)*troot(x4)","x9",1,1,0.644228344859601
