"Experiment","Run","F1","F2","F3","F4","Count_FP","Correlation","Correlation_FP","MAE","LMP","R2","Count_P","Time","First","Second","Third","FirstM","SecondM","ThirdM"
"P5",13,FALSE,FALSE,FALSE,FALSE,9,0.546858022194156,0.546858022194156,0.0021847917296625,590.462895338727,0.999999586738931,9,625.849999999977,"troot(1+((x4*x4)+(((x8*x2)*x4)+x4)))*x9","troot(1+((x4*x4)+(((x8*x2)*x4)+x4)))","x1*x4",1,1,1
"P1",13,FALSE,FALSE,FALSE,FALSE,13,0.557398211765022,0.557398211765022,0.00791566830708486,526.252618709258,0.99997137678666,13,637.450000000012,"(x4*x7)*x4","exp_dbl(troot(troot(x4*x7)))","troot(x4*x7)",1,1,1
"P2",13,TRUE,FALSE,FALSE,FALSE,2,0.995239882440369,0.992859831053546,0.00135882033943547,663.147069764218,0.999999840390868,3,600.549999999988,"(x9*x4)*x6","troot(1+((x4*x4)*x6))","x4",1,1,0.999961457005545
"P3",13,FALSE,FALSE,FALSE,FALSE,13,0.46501756843686,0.46501756843686,0.0214886038637826,608.688259847219,0.999370871429282,13,653.890000000014,"x4*sin_deg(x4*x6)","x4","(x4*x6)*(x3*x4)",1,1,1
"P4",13,FALSE,FALSE,FALSE,FALSE,7,0.560889214599037,0.560889214599037,0.00344880479266545,559.745332893244,0.999998197941735,7,627.229999999981,"x7*x4","x4","troot((x8*(x4*x8))+((x4*x4)+(x4+x4)))",1,1,1
"P6",13,FALSE,FALSE,FALSE,FALSE,3,0.641499520354309,0.641499520354309,0.0010537161104078,643.953055629763,0.999999846826564,3,658.059999999939,"x6*(troot(x6*x4)*troot(x6*x4))","troot(x6*x4)*troot(x6*x4)","x6",1,0.999999999999873,0.996571877710724
