"Experiment","Run","F1","F2","F3","F4","Count_FP","Correlation","Correlation_FP","MAE","LMP","R2","Count_P","Time","First","Second","Third","FirstM","SecondM","ThirdM"
"P1",42,FALSE,FALSE,FALSE,FALSE,5,0.372566941475053,0.372566941475053,0.000890144375575249,683.81122596715,0.999999913576954,5,NA,"troot(x4*x4)","x6*troot(x4*x4)","x9",0.999999489775358,0.900403042863332,0.557686487863032
"P3",42,TRUE,FALSE,FALSE,FALSE,5,0.645527356157909,0.574632827389491,0.00082655829633794,687.881431327976,0.999999890023598,6,NA,"troot(x4*(x4*x6))","x4","x7*x4",1,0.998116460126709,0.36439307496536
"P5",42,FALSE,FALSE,TRUE,FALSE,6,0.554548457550944,0.480306568526495,0.00169730241975697,645.021886025559,0.999999755567966,7,NA,"troot(x9*x4)*troot(x9*x4)","(troot(x9*x4)*troot(x9*x4))*(x7*x9)","(troot(x9*x4)*troot(x9*x4))*x7",1,1,1
"P6",42,FALSE,TRUE,FALSE,FALSE,10,0.600662207474019,0.560728463475753,0.547363206779061,651.648027283065,0.459890241041168,11,NA,"x9*(x4*x4)","x4","(x4*x4)*x5",1,1,1
