"Experiment","Run","Correlation","MAE","RMSE","LMP","R2","Count_P","Time","First","Second","Third","FirstM","SecondM","ThirdM"
"S1",30,0.880338987175967,2.90003236178826,4.9524735086814,-1236.00869100308,0.757917286306405,17,5808.9,"x10","troot(sigmoid(x8*troot(x13)))","troot(x1)",1,1,1
"S2",30,0.848604991037643,3.17585324197872,6.4545740123326,-1249.96522845595,0.588798559931515,21,5461.794,"x11*x6","x6*x10","x10*x13",1,1,1
"S3",30,0.844053436095285,3.19402368536119,6.17661783245628,-1262.06683130581,0.623451502786659,28,6272.1,"x8","x6*(x5*x13)","x9",1,1,1
"S4",30,0.655706821786758,3.64157862326521,8.56139789595746,-1314.26099025814,0.276549501866742,21,4708.146,"x12","p0(x6)","exp_dbl((x13*exp_dbl(x8))*x6)",1,1,1
"S5",30,0.922887518966474,2.47181741194697,3.96041487208846,-1288.56300862162,0.845189354247144,22,4884.117,"sigmoid(p0(x10*x13))","(x5*x13)*sigmoid(1+((troot(x13)*x8)*troot(x13)))","p0(1+(x1+x3))",1,1,1
"S6",30,0.913555044442975,2.5966940949687,4.13100339395189,-1241.96004142099,0.831565690550565,23,4696.11,"p0(x8)","x12*x7","p3(p3(x6)*troot(x10))",1,1,1
