"Experiment","Run","F1","F2","F3","F4","Count_FP","Correlation","Correlation_FP","MAE","RMSE","LMP","R2","Count_P","Time","First","Second","Third","FirstM","SecondM","ThirdM"
"S1",18,FALSE,TRUE,FALSE,FALSE,4,0.798735554036271,0.748419530681168,0.00170420689762903,0.00253426185748186,699.010338532581,0.999999782997563,5,2339.95,"troot(x4*x4)*x7","p3(x5)","troot(x4*x4)",1,0.999992276534008,0.993865974242913
"S2",18,TRUE,FALSE,FALSE,FALSE,1,0.999999656085019,0.999999312170039,0.000808595177506447,0.001633655819865,679.64747254604,0.999999909825703,2,1967.332,"troot(x6*(x4*x4))","troot(x4)*troot(x4)","NA",1,0.985013903815547,"NA"
"S3",18,FALSE,FALSE,FALSE,FALSE,5,0.342027268089295,0.342027268089295,0.00155351436010147,0.00321129146670881,633.379132566207,0.999999651565551,5,2017.673,"troot(x4)*(troot(x4)*x6)","(troot(x4)*(troot(x4)*x6))*x6","x6",0.999999999986747,0.999999997808566,0.999999941117909
"S4",18,FALSE,TRUE,FALSE,FALSE,5,0.138314205716958,-0.0340228826309873,0.00306928740749514,0.0100869582590072,682.20126299017,0.999996562188317,6,1887.451,"troot((x4*x9)*x4)","(x8*troot((x4*x9)*x4))*x7","p3(x5)",1,1,0.999999999999999
"S5",18,FALSE,FALSE,FALSE,FALSE,9,0.474767133322603,0.474767133322603,0.0323141140528375,0.177386457984277,158.262139609739,0.998936830376328,9,1617.888,"x8*x4","troot(1+(x4+(x10+x3)))*x4","x4",1,1,1
"S6",18,FALSE,FALSE,FALSE,FALSE,8,0.379199845651814,0.379199845651814,0.00228396280136363,0.00395624100610378,592.208686034656,0.999999471156567,8,2221.17,"troot(1+((x4*x4)+(x7*(x2*x4))))*x6","troot(1+((x4*x4)+(x7*(x2*x4))))","x2*x3",1,1,1
