"Experiment","Run","F1","F2","F3","F4","Count_FP","Correlation","Correlation_FP","MAE","RMSE","LMP","R2","Count_P","Time","First","Second","Third","FirstM","SecondM","ThirdM"
"S1",22,FALSE,FALSE,FALSE,FALSE,5,0.583971723035826,0.583971723035826,0.00147280836841058,0.00252942278419929,703.487670133726,0.999999783825487,5,2298.69200000004,"troot(x4*x4)","x9*troot(x4*x4)","troot(x4*x4)*x7",1,1,0.999999853302039
"S2",22,TRUE,FALSE,FALSE,FALSE,2,0.714245609496639,0.571368414244959,0.000825230878921079,0.00161499437972126,684.777371260963,0.999999911874079,3,2249.77399999998,"troot((x4*x4)*x6)","troot(x4*x4)","x5",1,1,0.316714947346794
"S3",22,FALSE,TRUE,FALSE,FALSE,6,0.168885527510465,0.0303665075194289,0.00303555775935185,0.00997453184385407,688.86961880933,0.999996638395022,7,2490.30200000003,"x7*x7","troot(x4*(x4*x9))","x8",1,1,0.999999999723079
"S4",22,FALSE,FALSE,FALSE,FALSE,5,0.585957347664757,0.585957347664757,0.00155972401214265,0.00254751233636424,694.936006505521,0.999999780722421,5,2269.45000000001,"troot(x4*x4)*x9","troot(x4*x4)","x7*troot(x4*x4)",1,1,1
"S5",22,TRUE,FALSE,FALSE,FALSE,2,0.714245609496639,0.571368414244959,0.000816486810514935,0.00160759345016503,684.777371260963,0.999999912679927,3,2362.76500000001,"troot(x6*(x4*x4))","troot(x4*x4)","x5",1,1,0.280076290825375
"S6",22,FALSE,FALSE,FALSE,FALSE,5,0.585885781836651,0.585885781836651,0.00149357639789037,0.00255369006027117,702.411599397029,0.999999779657634,5,2339.36699999997,"troot(x4*x4)","x9*troot(x4*x4)","troot(x4*x4)*x7",1,1,1
