"Experiment","Run","F1","F2","F3","F4","Count_FP","Correlation","Correlation_FP","MAE","RMSE","LMP","R2","Count_P","Time","First","Second","Third","FirstM","SecondM","ThirdM"
"S1",22,FALSE,FALSE,FALSE,FALSE,1,0.99999974420151,0.99999974420151,0.0628184607421742,0.308862698598035,-24.0166299391974,0.996776760629281,1,2588.139,"x9*troot(x4*x4)","NA","NA",0.931266503089644,"NA","NA"
"S2",22,FALSE,FALSE,FALSE,FALSE,1,0.99999974420151,0.99999974420151,0.0764928495752244,0.37955874451505,-24.0166299391974,0.995132346690861,1,2533.926,"troot(x4*x4)*x9","NA","NA",1,"NA","NA"
"S3",22,FALSE,FALSE,FALSE,FALSE,2,0.604544956779782,0.604544956779782,9.33713980463924e+295,Inf,-26.117789892361,-Inf,2,2562.832,"troot(x4*x4)","x4*x2","NA",1,0.657002571175644,"NA"
"S4",22,FALSE,FALSE,FALSE,TRUE,0,0.999998921420326,NA,0.0184569241558721,0.0723340068420039,-20.678976752487,0.999823214483513,1,2470.742,"troot((x7*x4)*x4)","NA","NA",0.999999991434888,"NA","NA"
"S5",22,FALSE,FALSE,FALSE,FALSE,2,0.996429304930045,0.996429304930045,0.124224071286736,0.650991774422307,-26.7809518466237,0.985681001682455,2,2581.462,"troot(x4*x4)","x4","NA",0.999989651646366,0.143270081916013,"NA"
"S6",22,FALSE,FALSE,FALSE,FALSE,3,0.390307280835956,0.390307280835956,0.040383379555483,0.207723491776436,-26.117789892361,0.998542082783411,3,2642.819,"troot(x4*x4)","x2*x4","x4*x8",1,0.532212225443243,0.193581575260822
