"Experiment","Run","F1","F2","F3","F4","Count_FP","Correlation","Correlation_FP","MAE","LMP","R2","Count_P","Time","First","Second","Third","FirstM","SecondM","ThirdM"
"P5",27,FALSE,FALSE,FALSE,FALSE,14,0.591928370478706,0.591928370478706,0.0125544587543349,597.901635533052,0.999841842559218,14,NA,"troot(x4)","x4","troot(troot(x4))",1,1,1
"P1",27,FALSE,FALSE,FALSE,FALSE,8,0.400087866558945,0.400087866558945,0.00160920800769996,680.47223224243,0.999999786187856,8,NA,"troot(x4*((x4*x7)*x7))","troot(x4*x4)","x5",1,0.99999994867419,0.999995624997769
"P2",27,FALSE,FALSE,FALSE,FALSE,6,0.528505439186456,0.528505439186456,0.0017393069643213,694.413008035452,0.999999793314227,6,NA,"troot(x4*x4)","troot(x4*x4)*x9","x7*troot(x4*x4)",0.999999993850992,0.999975128971341,0.9999653537322
"P3",27,FALSE,FALSE,FALSE,FALSE,7,0.691198602427724,0.691198602427724,0.00104253895502779,649.397181131705,0.999999910675695,7,NA,"x4*x6","x7*(x4*x6)","x4",1,1,1
"P4",27,TRUE,FALSE,FALSE,FALSE,2,0.714245590304553,0.571368414244959,0.000848897129879125,670.019790325037,0.999999913803192,3,NA,"troot((sigmoid(x6)*x4)*(x6*x4))","troot(x4)*troot(x4)","x5",1,1,0.371476711821117
"P6",27,FALSE,FALSE,FALSE,FALSE,4,0.537075438630361,0.537075438630361,0.00091770863087731,673.695386157929,0.999999914597508,4,NA,"troot(x4)*troot(x4)","(troot(x4)*troot(x4))*x6","x9",1,1,0.581804068667657
