"Experiment","Run","F1","F2","F3","F4","Count_FP","Correlation","Correlation_FP","MAE","LMP","R2","Count_P","Time","First","Second","Third","FirstM","SecondM","ThirdM"
"P5",27,FALSE,FALSE,FALSE,FALSE,13,0.311294390994892,0.311294390994892,0.241851179977684,409.491190317158,0.900228783771559,13,603.51999999996,"troot(troot(x4*x3))","x4","(sigmoid(troot(x4*x3))*x4)*x4",1,1,1
"P1",27,FALSE,FALSE,FALSE,FALSE,13,0.499328401725448,0.499328401725448,0.912678182422036,608.097516067528,-0.508346502703162,13,600.079999999958,"troot(x4)*troot(x4)","x4*x4","(x5*x4)*x4",1,1,1
"P2",27,FALSE,TRUE,FALSE,FALSE,3,0.452862330157507,0.270483224391116,0.00228009839784089,660.330503988842,0.999999344483066,4,617.270000000019,"x7*troot(x4*(x7*x4))","troot(x4*x4)*(x8*x8)","troot(x4*(x9*x4))",1,1,1
"P3",27,FALSE,FALSE,FALSE,FALSE,7,0.691198602427724,0.691198602427724,0.00104253895502779,649.397181131705,0.999999910675695,7,592.339999999967,"x4*x6","x7*(x4*x6)","x4",1,1,1
"P4",27,FALSE,FALSE,FALSE,FALSE,9,0.820626687940816,0.820626687940816,0.00146111222202391,624.608978382102,0.999999768109381,9,624.610000000102,"(x4*troot(x4))*x4","x4","troot(x4)",1,1,1
"P6",27,FALSE,FALSE,FALSE,FALSE,13,0.403767559980781,0.403767559980781,0.0713570504092744,572.446597636784,0.991940708905131,13,706.5,"sin_deg(x4)*troot(x4)","troot(x4)","x4",1,1,1
