"Experiment","Run","F1","F2","F3","F4","Count_FP","Correlation","Correlation_FP","MAE","LMP","R2","Count_P","Time","First","Second","Third","FirstM","SecondM","ThirdM"
"P1",41,FALSE,FALSE,FALSE,FALSE,9,0.669855719452986,0.669855719452986,0.00289275069767248,608.4300265315,0.999997535299972,9,NA,"x4","x5","x7*((p0(x4)*(x6*p0(x4)))*troot(x4))",1,0.99999915189917,0.999922769637913
"P3",41,TRUE,FALSE,FALSE,FALSE,4,0.780619246912289,0.725774058640361,0.0008437376432153,687.881431327976,0.999999889827622,5,NA,"troot(x4*(x6*x4))","x4","x4*x7",0.999999020948481,0.999999020799879,0.512472435825489
"P5",41,TRUE,FALSE,FALSE,FALSE,4,0.753587432766766,0.691984290958458,0.000806313451272748,675.321285909469,0.999999906446907,5,NA,"troot(x4*(x6*x4))","x3*(x6*x4)","(x4*exp_dbl(x2))*x10",1,0.474335846893116,0.315229770806958
"P6",41,TRUE,FALSE,FALSE,FALSE,7,0.374769362818504,0.285450706821366,0.00127716914550146,664.067657566443,0.999999818542348,8,NA,"troot(1+(x7+(x4*(x4*x6))))","x8*x4","x4",0.99999999997898,0.99999999997898,0.997879944549401
