"Experiment","Run","F1","F2","F3","F4","Count_FP","Correlation","Correlation_FP","MAE","LMP","R2","Count_P","Time","First","Second","Third","FirstM","SecondM","ThirdM"
"P1",41,FALSE,FALSE,FALSE,FALSE,9,0.669855719452986,0.669855719452986,0.00289282763323892,608.4300265315,0.99999753519623,9,387.113,"x4","x7*((p0(x4)*(x6*p0(x4)))*troot(x4))","x9*(troot(x4)*sin_deg(troot(x4)))",1,1,1
"P3",41,FALSE,FALSE,FALSE,FALSE,8,0.421502326346706,0.421502326346706,0.00886260944405513,574.076745457394,0.999935882223656,8,437.294,"x7*(x9*(x4*x3))","troot(x4)*troot(x4)","x7*(x4*x2)",1,1,1
"P5",41,TRUE,FALSE,FALSE,FALSE,4,0.753587432766766,0.691984290958458,0.000806313451272748,675.321285909469,0.999999906446907,5,373.126,"troot(x4*(x6*x4))","x3*(x6*x4)","(x4*exp_dbl(x2))*x10",1,0.474335846893116,0.315229770806958
"P6",41,TRUE,FALSE,FALSE,FALSE,7,0.374769362818504,0.285450706821366,0.0012771691455165,664.067657566443,0.999999818542348,8,377.77,"troot(1+(x7+(x4*(x4*x6))))","x8*x4","x4",1,1,0.997879944549356
