"Experiment","Run","F1","F2","F3","F4","Count_FP","Correlation","Correlation_FP","MAE","LMP","R2","Count_P","Time","First","Second","Third","FirstM","SecondM","ThirdM"
"P1",41,FALSE,FALSE,FALSE,FALSE,14,0.424632107902913,0.424632107902913,0.160016028762378,312.235786258461,0.966172424209108,14,400.158,"troot(x4)","troot((x4*x10)*(x4*x10))","(x7*x2)*x4",1,1,1
"P3",41,TRUE,FALSE,FALSE,FALSE,4,0.780619246912289,0.725774058640361,0.000843739222668135,687.881431327976,0.999999889827399,5,359.874,"troot(x4*(x6*x4))","x4","x4*x7",1,0.999999999851398,0.512472937562896
"P5",41,FALSE,FALSE,FALSE,FALSE,5,0.522877093626543,0.522877093626543,0.00159868804578978,528.252040184887,0.999999780131878,5,381.867,"troot(1+((x6*x4)+(x6*x6)))*troot(1+((x6*x4)+(x6*x6)))","(troot(1+((x6*x4)+(x6*x6)))*troot(1+((x6*x4)+(x6*x6))))*x6","x6",1,1,0.999999999990269
"P6",41,FALSE,FALSE,FALSE,FALSE,12,0.58920447806166,0.58920447806166,0.0116967919674486,482.945334703106,0.999938288442149,12,407.822,"(x4*x10)*p0((x4*x4)*(x4*x10))","x4*x10","troot(x4*x10)",1,1,1
