"Experiment","Run","F1","F2","F3","F4","Count_FP","Correlation","Correlation_FP","MAE","RMSE","LMP","R2","Count_P","Time","First","Second","Third","FirstM","SecondM","ThirdM"
"S1",19,FALSE,FALSE,FALSE,FALSE,2,0.982068314829844,0.982068314829844,0.161122344039253,0.254972546870291,-28.2364995747419,0.997803412640919,2,2573.849,"x4","troot(x4)*x9","NA",1,0.999426777963388,"NA"
"S2",19,FALSE,FALSE,FALSE,FALSE,2,0.686399262445923,0.686399262445923,0.0418460617292875,0.179289258928438,-26.5564221230126,0.998913899083672,2,2563.033,"troot(x4*x4)","x3*x4","NA",1,0.517459909369311,"NA"
"S3",19,FALSE,FALSE,FALSE,FALSE,1,0.99999974420151,0.99999974420151,0.0642523191596388,0.31735813082739,-29.1465286541205,0.996597008259489,1,2402.592,"troot((x4*x4))*x9","NA","NA",0.940491454322229,"NA","NA"
"S4",19,FALSE,FALSE,FALSE,FALSE,2,0.604544956779782,0.604544956779782,0.0493051145553676,0.257211516246268,-26.117789892361,0.997764665840088,2,2516.565,"troot(x4*x4)","x4*x2","NA",0.999997636486777,0.623255097442046,"NA"
"S5",19,FALSE,FALSE,FALSE,FALSE,2,0.982068314829844,0.982068314829844,0.161911977544419,0.26018354940885,-28.2364995747419,0.997712709617404,2,2596.799,"x4","troot(x4)*x9","NA",0.976737535557505,0.938959107366766,"NA"
"S6",19,FALSE,FALSE,FALSE,FALSE,1,0.99999974420151,0.99999974420151,0.0643618342371981,0.317984278545822,-24.0166299391974,0.996583566804442,1,2538.996,"troot(x4*x4)*x9","NA","NA",0.939777671568646,"NA","NA"
