"Experiment","Run","Correlation","MAE","RMSE","LMP","R2","Count_P","Time","First","Second","Third","FirstM","SecondM","ThirdM"
"S1",26,0.878599029464303,3.04792498577707,5.2235009948536,-1287.38029852232,0.730695989937863,20,5274.505,"x7","p3(x7)","x6*x12",1,1,1
"S2",26,0.604748667863196,5.64993622725295,23.3001959099651,-1241.08906076119,-4.35844283643977,25,5506.083,"x6*x13","x6*x7","exp_dbl(x13)",1,1,1
"S3",26,0.90974110086066,2.7892685851441,4.19059847164735,-1319.30527720841,0.826670869930394,27,4657.595,"p3(x9)*p0(x13)","p3(x9)*x10","x5",1,1,1
"S4",26,0.867302134074063,2.81266280284567,5.11018486077627,-1302.81700330656,0.742253558041868,21,5139.518,"x8","p3(exp_dbl(x1))","x6*((x6*(x6*(((x6*troot(x10))*x9)*x6)))*x11)",1,1,1
"S5",26,0.837067917167411,3.34381900760249,6.89795970930816,-1241.89527577207,0.530364667130206,28,5623.23,"x6*x12","(x6*x11)*(x12*x7)","x6*x6",1,1,1
"S6",26,0.863949807406356,3.09368832527594,5.86378075872799,-1304.15334247159,0.660628861848362,26,4473.097,"sigmoid(x8)*x3","troot(troot(x1)*x5)","x3",1,1,1
