"Experiment","Run","F1","F2","F3","F4","Count_FP","Correlation","Correlation_FP","MAE","RMSE","LMP","R2","Count_P","Time","First","Second","Third","FirstM","SecondM","ThirdM"
"S1",1,FALSE,FALSE,FALSE,FALSE,2,0.604544956779782,0.604544956779782,0.0389618212211329,0.060190279391285,-96.7669448270558,0.999877590716933,2,2607.761,"troot(x4*x4)","x4*x2","NA",1,0.99999662692371,"NA"
"S2",1,FALSE,FALSE,FALSE,TRUE,1,0.996429109555188,0.992859297690051,0.0438480568536121,0.076983897135797,-94.3406692127019,0.999799755119863,2,2713.359,"troot((x7*x4)*x4)","x4","NA",1,0.176603374292635,"NA"
"S3",1,FALSE,FALSE,FALSE,FALSE,3,0.985488592981159,0.985488592981159,0.0929317497574782,0.340944401305476,-99.5125191073178,0.996072386335285,3,2741.155,"x4","troot(x4)*x4","x10*x4",1,1,0.999999997412337
"S4",1,FALSE,FALSE,FALSE,FALSE,2,0.604544956779782,0.604544956779782,0.0387483878492012,0.0602293630038044,-96.7669448270558,0.99987743169623,2,3062.373,"troot(x4*x4)","x4*x2","NA",0.999998673016721,0.962080823496506,"NA"
"S5",1,FALSE,FALSE,FALSE,FALSE,6,0.470180737475947,0.470180737475947,0.0421951945312074,0.0721247167398556,-105.847869035597,0.999824236020507,6,2651.004,"troot(x4)*troot(x4)","x4*x6","x4",0.999999998998427,0.999996496347122,0.988182042545756
"S6",1,FALSE,FALSE,FALSE,TRUE,1,0.996429109555188,0.992859297690051,0.0442256520969315,0.0769235936815783,-94.3406692127019,0.999800068710858,2,2028.363,"troot((x4*x4)*x7)","x4","NA",1,0.161830365362674,"NA"
