"Experiment","Run","F1","F2","F3","F4","Count_FP","Correlation","Correlation_FP","MAE","LMP","R2","Count_P","Time","First","Second","Third","FirstM","SecondM","ThirdM"
"P1",25,FALSE,FALSE,FALSE,FALSE,4,0.715723221996778,0.715723221996778,0.0938037280137897,-99.5125191073178,0.996040451276897,4,NA,"x4","x4*troot(x4)","x10*x4",0.998245357273787,0.997955636382473,0.995068346676816
"P2",25,FALSE,FALSE,FALSE,TRUE,1,0.996429109555188,0.992859297690051,0.0429506655181797,-94.3406692127019,0.999816221654218,2,NA,"troot(x4*(x4*x7))","x4","NA",0.913607233859499,0.159575611023185,"NA"
"P3",25,FALSE,FALSE,FALSE,FALSE,3,0.377869053809186,0.377869053809186,0.0369795585575071,-96.7669448270558,0.99989930086688,3,NA,"troot(x4*x4)","x2*x4","x6",0.99992657007183,0.964135453330124,0.110731439429979
"P4",25,TRUE,FALSE,FALSE,FALSE,1,0.50221070672575,0.00442141345149907,0.0312360454428815,-94.5244319535552,0.999962524131463,2,NA,"troot((x6*x4)*x4)","x10","NA",0.997732255780087,0.183952705985294,"NA"
"P5",25,FALSE,FALSE,FALSE,FALSE,3,0.985488592981159,0.985488592981159,0.0928262532834942,-99.5125191073178,0.996057239754459,3,NA,"x4","x10*x4","x4*troot(x4)",0.998628008009961,0.997953162797254,0.996270201065472
"P6",25,FALSE,FALSE,FALSE,FALSE,4,0.551592656175278,0.551592656175278,0.0345658496307873,-96.7669448270558,0.999937181017339,4,NA,"troot(x4*x4)","x2*x4","x10",0.940734109123962,0.922980608208513,0.159903034809457
