"Experiment","Run","F1","F2","F3","F4","Count_FP","Correlation","Correlation_FP","MAE","LMP","R2","Count_P","Time","First","Second","Third","FirstM","SecondM","ThirdM"
"P1",25,FALSE,FALSE,FALSE,FALSE,3,0.985488592981159,0.985488592981159,0.0930677808155889,-99.5125191073178,0.996056237751552,3,522.560000000056,"x4","x10*x4","troot(x4)*x4",0.999999999999999,0.999999999220298,0.999999998368066
"P2",25,FALSE,FALSE,FALSE,FALSE,3,0.985488592981159,0.985488592981159,0.0930859196402071,-99.5125191073178,0.996054146337774,3,559.150000000023,"x4","x4*x10","x4*troot(x4)",1,0.999999999987896,0.999999999987896
"P3",25,FALSE,FALSE,FALSE,FALSE,3,0.42640854464516,0.42640854464516,0.0727994597299743,-99.877214903911,0.997828467350076,3,509.839999999967,"troot(x4*x4)","x3*x4","x2",1,0.99552367207405,0.192224012821947
"P4",25,FALSE,FALSE,FALSE,FALSE,4,0.740221798098744,0.740221798098744,0.0947268521279524,-99.5125191073178,0.996021393307789,4,558.890000000014,"x4","troot(x4)*x4","x10*x4",1,0.999999999900496,0.999998480574259
"P5",25,FALSE,FALSE,FALSE,FALSE,3,0.985488592981159,0.985488592981159,0.0927155623699487,-99.5125191073178,0.996068052912879,3,502.089999999851,"x4","troot(x4)*x4","x10*x4",1,1,0.999999965116782
"P6",25,FALSE,FALSE,FALSE,FALSE,8,0.185963020315923,0.185963020315923,0.567596855750147,-199.953378019464,0.869829048558286,8,290.280000000028,"x4","x8*x6","sin_deg(x8*x6)",1,1,1
