"Experiment","Run","F1","F2","F3","F4","Count_FP","Correlation","Correlation_FP","MAE","LMP","R2","Count_P","Time","First","Second","Third","FirstM","SecondM","ThirdM"
"P1",42,FALSE,FALSE,FALSE,FALSE,5,0.373085088680117,0.373085088680117,0.00132931839830251,681.609555525125,0.99999983108316,5,386.927,"x6*troot((x4*x9)*x4)","troot(x4*x4)","x7",0.999999999999998,0.999994877106123,0.987144279765799
"P3",42,TRUE,FALSE,FALSE,FALSE,5,0.645527356157909,0.574632827389491,0.00082655829633794,687.881431327976,0.999999890023598,6,413.603,"troot(x4*(x4*x6))","x4","x7*x4",1,0.998116460126709,0.36439307496536
"P5",42,FALSE,FALSE,FALSE,FALSE,15,0.251556899873878,0.251556899873878,0.702965016475712,335.986687637239,0.133913082685764,15,392.559999999999,"p0(x4)*p0(x4)","troot(x4)","(p0(x2)*p0(x4))*troot(x4)",1,1,1
"P6",42,FALSE,FALSE,FALSE,FALSE,13,0.440344613372596,0.440344613372596,42.1211967545726,505.72226127557,-3232.31836347935,13,596.530000000001,"p3(x4)*x5","x4","p0(p3(x4))*x4",1,1,1
