"Experiment","Run","F1","F2","F3","F4","Count_FP","Correlation","Correlation_FP","MAE","RMSE","LMP","R2","Count_P","Time","First","Second","Third","FirstM","SecondM","ThirdM"
"S1",12,FALSE,FALSE,FALSE,FALSE,15,0.548002505141741,0.548002505141741,0.793731708636417,5.69676135019837,620.570157357438,-0.0965228556936231,15,969.984999999986,"x4*troot(x4*x4)","x4*troot(x4*x7)","sin_deg(x4)",1,1,1
"S2",12,FALSE,FALSE,FALSE,FALSE,5,0.62232657492769,0.62232657492769,0.0016208816547412,0.00231378984920357,689.597732604485,0.999999819112124,5,1080.69200000004,"troot(x4*x4)","troot(x4*x4)*x9","troot(x4*x4)*x7",1,1,1
"S3",12,FALSE,FALSE,FALSE,FALSE,7,0.353316007326434,0.353316007326434,0.0016085853441121,0.00245247509451462,696.349182480173,0.999999796777941,7,916.466000000015,"x9*troot(x4*x4)","troot(x4*x4)","x7*troot(x4*x4)",1,1,1
"S4",12,FALSE,FALSE,FALSE,FALSE,4,0.537075438630361,0.537075438630361,0.000908566753327341,0.00159648058892289,683.955183587773,0.999999913882994,4,1065.90899999999,"x6*troot(x4*x4)","troot(x4*x4)","x9",1,1,0.709408590788297
"S5",12,FALSE,FALSE,FALSE,FALSE,6,0.543291565763375,0.543291565763375,0.0015333464178162,0.00242059382377659,697.519928711662,0.999999802027222,6,948.292000000016,"x9*troot(x4*x4)","x7*troot(x4*x4)","troot(x4*x4)",1,1,1
"S6",12,FALSE,FALSE,FALSE,FALSE,6,0.362297198168983,0.362297198168983,0.00243020076941013,0.00849359555127283,651.691248244949,0.999997562499073,6,1097.79300000001,"(troot(x9)*(troot(x4)*troot(x4)))*troot(x6)","((troot(x9)*(troot(x4)*troot(x4)))*troot(x6))*x6","x7*x7",1,1,0.999999999999926
