"Experiment","Run","Correlation","MAE","RMSE","Time","FirstFeature","SecondFeature","ThirdFeature","FourthFeature","FifthFeature"
"S1",12,0.831706542958161,3.49518752711449,6.73666790379742,1776.947,"x10*x6","x10*x13","x11","x1*exp_dbl(x13)","x9"
"S2",12,0.822404638089721,3.53815655378579,7.14759736409606,2012.757,"x1","x6*x10","sigmoid(x13)*x1","x6*x6","x10*x13"
"S3",12,0.815688016184752,3.72564636960369,7.51662334629444,1739.895,"x1","x10*x6","x6","sigmoid(x13)*x1","(x13*x9)*x6"
"S4",12,0.831022942789649,3.45408843695838,6.55037826787846,1768.562,"x1*sigmoid(x13)","x9*x13","x6*x9","x7","x8"
"S5",12,0.879439608085673,2.87049357566125,4.79912303722049,1526.668,"troot(x6)","x6","troot(x10)*(x6*x6)","x10*x13","x11"
"S6",12,0.880665655427194,3.05647222937106,4.7748948803261,1504.719,"x13*x9","x11","p0(x13)","x6","x6*x9"
