"Experiment","Run","Correlation","MAE","RMSE","Time","FirstFeature","SecondFeature","ThirdFeature","FourthFeature","FifthFeature"
"S1",3,0.868187362142146,3.09873843668755,5.18486104423486,2027.804,"x9*x6","x11","x8","x9*x13","x7"
"S2",3,0.809372823374104,3.62062746866066,7.30423357312273,1762.6,"x1*sigmoid(x13)","x6","x10*p3(p3(x6))","x13","p3(x6)"
"S3",3,0.884489131768105,3.13564993355859,4.71756682944694,1581.497,"x9","x9*x6","x6","x11","p0(x13)*x9"
"S4",3,0.835955920581658,3.42389145530503,6.51461627418723,2167.927,"x13*x9","p3(x6)","(x6*x9)*x6","x9","x11"
"S5",3,0.882582815858953,3.0047257208867,4.73706933531068,1196.541,"x9*p0(p0(x13))","x9*x6","x1","x6","x10"
"S6",3,0.798825915876255,3.85649820534976,7.03122486868886,1436.081,"x6","troot(x6)","p3(x6*x11)*x10","x13","x1"
