"Experiment","Run","Correlation","MAE","RMSE","Time","FirstFeature","SecondFeature","ThirdFeature","FourthFeature","FifthFeature"
"S1",25,0.814806746065987,3.62423267651964,7.15852287841197,1525.458,"x1*x7","sigmoid(x13)*(x1*x7)","p3(x6)*((troot(x13)*x5)*(x6*x11))","p3(x6)","x8"
"S2",25,0.810487594388633,3.68004847854121,7.49171291726314,1853.612,"p3(x6)","x10*x13","x11","sigmoid(x13)*x1","x9*x6"
"S3",25,0.880401403739625,3.02138652922525,4.7829490704462,1625.039,"p0(x13)*x9","troot(x6)","x6","x6*(x9*x6)","x12"
"S4",25,0.813366724368601,3.59017393216754,6.93164719068069,1867.02,"x6*x6","exp_dbl(x13)*x1","x10*x6","x8","x12"
"S5",25,0.900552082725903,2.80192764114266,4.38544901246263,1356.942,"x5*(exp_dbl(troot(x13))*x9)","x1","p3(x5*(x11*x6))","p3(x6)","x9*p3(x6)"
"S6",25,0.824033987226141,3.55393270321861,6.9661939561371,1586.487,"x1*exp_dbl(x13)","(x13*x10)*x6","x9*(x11*x6)","x9","troot(x6)"
