"Experiment","Run","Correlation","MAE","RMSE","Time","FirstFeature","SecondFeature","ThirdFeature","FourthFeature","FifthFeature"
"S1",23,0.900544881797329,2.75066811847696,4.38097305595666,1996.811,"x9*p0(x13)","x9","p3(x6)","x6","x8"
"S2",23,0.811900682301003,3.73208919847313,7.23334515895915,2211.25,"x10*x6","exp_dbl(x13)*x1","x10","x13","x11"
"S3",23,0.87908886251959,2.8255451728933,4.83571568217198,1934.736,"x13*x9","x9*x6","x12","x6","x13*(sigmoid(x13)*x9)"
"S4",23,0.834058853747248,3.40781076369426,6.66696246183125,1985.029,"x10","x6*x10","x6","x1*sigmoid(x13)","x11"
"S5",23,0.820992184053822,3.74311563778424,6.85833568354675,1465.753,"x10","x1*exp_dbl(x13)","x6*x10","p3(x6)","x6"
"S6",23,0.832114293118054,3.42180976463722,6.46117150643108,1574.305,"x6","x10*sigmoid(x13)","x10","x11","x10*x13"
