"Experiment","Run","Correlation","MAE","RMSE","Time","FirstFeature","SecondFeature","ThirdFeature","FourthFeature","FifthFeature"
"S1",18,0.863557765268771,3.04548280269226,5.22587876058474,1827.424,"x10*x6","x6*x6","x1","x9","(x1*exp_dbl(x13))*x13"
"S2",18,0.796387298889363,3.88418330967112,7.64635461123043,1805.136,"x1*sigmoid(x13)","x11","x10*x6","x9","x5*x1"
"S3",18,0.845768896631275,3.43178193167293,5.6472529566551,1862.351,"x6","x11","x11*x6","x9*exp_dbl(x13)","x13*(x11*x6)"
"S4",18,0.856688682676935,3.20696147925317,5.47236198827433,1728.619,"p3(x6)","(x6*x9)*x11","sigmoid(x13)*x9","x10*x13","x1"
"S5",18,0.648817473075638,4.25716575445997,13.0598978847292,1340.955,"x6","x13","x6*x13","x9","x11*x6"
"S6",18,0.797025181409122,3.86744484016149,7.41288210173195,1509.407,"x6*x10","sigmoid(x13)*x1","x11","x13","x10"
