"Experiment","Run","Correlation","MAE","RMSE","LMP","R2","Count_P","Time","First","Second","Third","FirstM","SecondM","ThirdM"
"S1",2,0.835626698280616,3.37911802773994,6.34430672824833,-963.660382026796,0.602728143303344,22,4766.055,"exp_dbl(x13)*x1","x6*x10","x11",1,1,0.999999999999993
"S2",2,0.793339230389279,3.89464665900699,7.54197047721513,-970.597147189491,0.43857840605386,15,4992.437,"x10","x6*x10","sigmoid(x13)*x1",1,1,1
"S3",2,0.894728933009893,2.8540565405418,4.4991539548273,-965.340886928853,0.800206587137988,14,5876.611,"x6","x10","p0(x13)*x10",1,1,1
"S4",2,0.844321476843949,3.31162848992169,6.06780707226963,-969.563064862674,0.636601622099353,12,4190.427,"x6*x9","x6","x9*x13",1,1,1
"S5",2,0.896650196876731,2.87076937113707,4.46977135162502,-966.137138888535,0.802807645723478,17,4358.812,"p3(x6)*x9","p3(x6)","p0(x13)*x9",1,1,1
"S6",2,0.886786848791612,2.94386607759587,4.66388306579064,-973.694841368025,0.78530854313864,14,3911.464,"x6","p0(x6)","x9*p0(x13)",1,1,1
