"Experiment","Run","F1","F2","F3","F4","Count_FP","Correlation","Correlation_FP","MAE","RMSE","LMP","R2","Count_P","Time","First","Second","Third","FirstM","SecondM","ThirdM"
"S1",19,FALSE,FALSE,FALSE,FALSE,3,0.645113672185694,0.645113672185694,0.000969100704807259,0.00163684529565712,683.748086912524,0.999999909473255,3,2539.875,"troot(x4*x4)","troot(x4*x4)*x6","x7",1,1,0.155055494942526
"S2",19,FALSE,FALSE,FALSE,FALSE,5,0.593565862879393,0.593565862879393,0.00170357286032508,0.00249612321822957,692.694081367289,0.999999789479848,5,2179.851,"x7*troot(x4*x4)","troot(x4*x4)","x9*troot(x4*x4)",1,1,1
"S3",19,FALSE,FALSE,FALSE,FALSE,5,0.407418404593251,0.407418404593251,0.00100214027999909,0.0016354661063574,658.154595862551,0.999999909625745,5,1834.613,"troot(x4*x6)*troot(x4*x6)","sigmoid(x4)*troot(x4*x4)","sigmoid(x4)",1,1,0.986439786814667
"S4",19,FALSE,FALSE,FALSE,FALSE,5,0.414563800477888,0.414563800477888,0.000958981730880677,0.00160136175561235,673.695386157928,0.999999913355592,5,1809.488,"troot(x4)*troot(x4)","x6*(troot(x4)*troot(x4))","x9",1,0.999998024403566,0.655149852721917
"S5",19,TRUE,FALSE,FALSE,FALSE,6,0.566829655078187,0.494634597591218,0.00118714067166346,0.00196679290811598,690.240715647425,0.999999869299002,7,1688.054,"troot((x6*x4)*x4)","x4","x6*x4",1,0.999746846086225,0.931550926697355
"S6",19,FALSE,FALSE,FALSE,FALSE,4,0.748419530681168,0.748419530681168,0.00167796510437308,0.00248808144411328,699.010338532582,0.99999979083413,4,2633.975,"x9*troot(x4*x4)","troot(x4*x4)","x7*troot(x4*x4)",1,1,0.999999999998306
