"Experiment","Run","F1","F2","F3","F4","Count_FP","Correlation","Correlation_FP","MAE","RMSE","LMP","R2","Count_P","Time","First","Second","Third","FirstM","SecondM","ThirdM"
"S1",18,FALSE,FALSE,FALSE,FALSE,2,0.994001745179826,0.994001745179826,0.0555551319422652,0.092048794651739,-26.996322246006,0.999713715491674,2,2570.91,"x4","(pm05(x4)*x4)*x9","NA",0.999999996300319,0.929368834576036,"NA"
"S2",18,FALSE,FALSE,FALSE,TRUE,0,0.999998921420326,NA,0.0185573927876336,0.072887078195508,-20.678976752487,0.999820500717008,1,2549.569,"troot((x4*x7)*x4)","NA","NA",0.994516259058568,"NA","NA"
"S3",18,FALSE,FALSE,FALSE,FALSE,1,0.99999974420151,0.99999974420151,0.0642553140199184,0.317458636572687,-29.1465286541205,0.996594852496986,1,2577.331,"x9*(troot(x4)*troot(x4))","NA","NA",0.940196466734205,"NA","NA"
"S4",18,FALSE,FALSE,FALSE,FALSE,1,0.99999974420151,0.99999974420151,0.0765012982533199,0.379571882281304,-24.0166299391974,0.995132009714311,1,2582.396,"troot(x4*x4)*x9","NA","NA",1,"NA","NA"
"S5",18,FALSE,FALSE,FALSE,FALSE,1,0.99999974420151,0.99999974420151,0.0764855905938144,0.379671351678185,-24.0166299391974,0.99512945799999,1,2470.378,"x9*troot(x4*x4)","NA","NA",1,"NA","NA"
"S6",18,FALSE,FALSE,FALSE,FALSE,2,0.604544956779782,0.604544956779782,0.0493234284231724,0.257141395384093,-26.117789892361,0.997765884465095,2,2588.017,"troot(x4*x4)","x4*x2","NA",1,0.624266549126881,"NA"
