"Experiment","Run","F1","F2","F3","F4","Count_FP","Correlation","Correlation_FP","MAE","RMSE","LMP","R2","Count_P","Time","First","Second","Third","FirstM","SecondM","ThirdM"
"S1",28,FALSE,FALSE,TRUE,FALSE,3,0.989116278310248,0.985488440514452,0.08123839194801,0.305078008241422,-104.251316354003,0.99685526944376,4,890.748000000021,"x4","(x9*x4)*x10","troot(x4)*x4",0.83595061672567,0.820036523040915,0.820034782292592
"S2",28,FALSE,FALSE,FALSE,FALSE,3,0.371839007534399,0.371839007534399,0.0402146913575898,0.0621308118956724,-96.7669448270558,0.999869570540828,3,1037.93800000002,"troot(x4*x4)","x2*x4","x2",0.999999975138159,0.986161993423423,0.179595595947447
"S3",28,FALSE,FALSE,FALSE,FALSE,3,0.733983070416538,0.733983070416538,0.038885592422828,0.060160389863198,-96.7669448270559,0.999877712259724,3,882.684999999998,"troot(x4*x4)","x2*x4","x4",1,0.962197817311551,0.118709443692996
"S4",28,FALSE,FALSE,FALSE,FALSE,4,0.740221798098744,0.740221798098744,0.0883440449906082,0.318242112551797,-99.5125191073178,0.996578024204765,4,1044.62599999999,"x4","x10*x4","troot(x4)*x4",0.984958086245404,0.963695407802984,0.963129693122359
"S5",28,FALSE,FALSE,FALSE,FALSE,4,0.727558862735003,0.727558862735003,0.0448614503154992,0.0737251906113476,-100.720409257459,0.999816348938038,4,928.472999999998,"troot(x4*x4)","x4","x9*x4",1,0.999489468666398,0.999463249874949
"S6",28,FALSE,FALSE,FALSE,TRUE,0,0.999998921420326,NA,0.0446171083874339,0.0762935939866061,-104.600466642548,0.999803330151371,1,1017.38899999997,"(troot(x4)*troot(x4))*troot(x7)","NA","NA",1,"NA","NA"
