"Experiment","Run","Correlation","MAE","RMSE","LMP","R2","Count_P","Time","First","Second","Third","FirstM","SecondM","ThirdM"
"S1",19,0.870847112231078,3.13485875279373,4.94783467266904,-2231.95816246846,0.758370577404765,15,4860.547,"p0(x1)","p0(x13)","p3(exp_dbl(x1))",1,1,1
"S2",19,0.848718910497827,3.66955032772785,5.35119054148459,-3084.01081571126,0.717368679634229,15,7595.936,"x1","x2","x5*x5",1,1,1
"S3",19,0.872782093977666,3.39765362935521,4.95227599963507,-3280.07752074369,0.75793659486905,15,3448.731,"x1","x2","x1*x13",1,1,1
"S4",19,0.830100849538967,3.411773410254,5.62509188387652,-2621.36122401582,0.687695171699538,15,3617.864,"x1","x2","x5*x5",1,1,1
"S5",19,0.876096101166402,3.35361809263799,4.89885225127831,-2640.29939919613,0.763131047449348,15,3364.439,"x1","p3(x13)","x5",1,1,1
"S6",19,0.814962865079404,3.80099766403669,5.85124309744207,-3345.24310860837,0.662078565280173,15,3282.383,"x1","x2","sigmoid(x5)",1,1,1
