"Experiment","Run","F1","F2","F3","F4","Count_FP","Correlation","Correlation_FP","MAE","RMSE","LMP","R2","Count_P","Time","First","Second","Third","FirstM","SecondM","ThirdM"
"S1",17,TRUE,FALSE,FALSE,FALSE,7,0.610329928581659,0.554662775521896,0.00139858828914063,0.00255827534988626,726.045143003514,0.99999977886565,8,1900.157,"x4","x4*x9","x4*x6",1,1,1
"S2",17,TRUE,FALSE,FALSE,FALSE,5,0.506238555245962,0.407486266295154,0.00116201075312852,0.00241506936813793,720.216130630125,0.999999802929846,6,1906.836,"x8*x4","troot((x4*x6)*x4)","x5*(x8*x4)",1,1,0.999999999999994
"S3",17,FALSE,FALSE,FALSE,FALSE,13,0.810178897023476,0.810178897023476,0.0816050972412599,0.580245059044408,667.296594400878,0.988624132162565,13,1851.874,"(x4*x6)*p0(x4)","x5*x4","x4",1,1,1
"S4",17,FALSE,FALSE,FALSE,FALSE,5,0.592525122582957,0.592525122582957,0.00155857296392142,0.002415687478437,700.057650136979,0.999999802828958,5,1955.259,"troot(x4*x4)*x9","troot(x4*x4)","troot(x4*x4)*x7",1,0.999999968911182,0.999987720189646
"S5",17,FALSE,FALSE,FALSE,FALSE,13,0.43110782078556,0.43110782078556,0.0234220131749525,0.137571205810258,597.253519657488,0.999360535081692,13,1955.384,"exp_dbl(troot(x4))","p0(x4)*x9","p0(x4)",1,1,1
"S6",17,FALSE,FALSE,FALSE,FALSE,7,0.426272574545104,0.426272574545104,0.00147774760231464,0.00245000338725668,697.213736987774,0.999999797187366,7,2167.188,"x7*troot(x4*x4)","troot(x4*x4)","troot(x4*x4)*x9",1,1,1
