"Experiment","Run","F1","F2","F3","F4","Count_FP","Correlation","Correlation_FP","MAE","LMP","R2","Count_P","Time","First","Second","Third","FirstM","SecondM","ThirdM"
"P2",17,FALSE,FALSE,FALSE,FALSE,2,0.604544956779782,0.604544956779782,0.0363544414149083,-96.7669448270559,0.999930987392504,2,NA,"troot(x4*x4)","x4*x2",NA,1,0.914486986413055,NA
"P3",17,FALSE,FALSE,FALSE,TRUE,2,0.63309510938467,0.449643203366842,0.0460550776939251,-94.3406692127019,0.999791538763755,3,NA,"troot(x4*(x7*x4))","x2","x4",0.993945694563995,0.199999697926623,0.11497401053155
"P4",17,FALSE,FALSE,FALSE,FALSE,3,0.377869053809186,0.377869053809186,0.0384249412531025,-96.7669448270558,0.999879311830779,3,NA,"troot(x4*x4)","x4*x2","x6",0.997637493942417,0.9976263345749,0.221790871932291
"P5",17,FALSE,FALSE,FALSE,TRUE,1,0.996429109555188,0.992859297690051,0.0437030827381635,-94.3406692127019,0.999817591792851,2,NA,"troot((x4*x7)*x4)","x4",NA,0.990477375677405,0.12738276525739,NA
"P6",17,TRUE,FALSE,FALSE,FALSE,2,0.736363304519855,0.604544956779782,0.030541677340706,-94.5244319535552,0.999968217385546,3,NA,"troot((x4*x4)*x6)","troot(x4*x4)","x2*x4",0.821613279630234,0.17838670513346,0.172764512836518
