"Experiment","Run","F1","F2","F3","F4","Count_FP","Correlation","Correlation_FP","MAE","LMP","R2","Count_P","Time","First","Second","Third","FirstM","SecondM","ThirdM"
"P2",17,FALSE,FALSE,FALSE,FALSE,3,0.995239551497518,0.995239551497518,0.0448955171539883,-105.847869035597,0.999816092740334,3,367.240999999998,"troot(x4)*troot(x4)","x6*x4","x4",1,1,0.999998370339611
"P3",17,FALSE,FALSE,FALSE,FALSE,4,0.734390327288981,0.734390327288981,0.0513016730072144,-102.146901329513,0.999288983161756,4,338.249000000003,"x4*p0(x4)","x4","x7*x4",1,0.994761375759462,0.514115151933166
"P4",17,FALSE,FALSE,FALSE,FALSE,4,0.992147356210021,0.992147356210021,0.0509955739121756,-102.146901329513,0.999285957445109,4,435.892,"p0(x4)*x4","x4","x6*x4",1,1,0.541161403991667
"P5",17,FALSE,FALSE,FALSE,TRUE,1,0.996429109555188,0.992859297690051,0.0442676560712835,-94.3406692127019,0.999803132982564,2,536.5,"troot((x4*x7)*x4)","x4",NA,1,0.121462485378113,NA
"P6",17,FALSE,FALSE,FALSE,FALSE,3,0.450609143293148,0.450609143293148,0.038911808765968,-96.7669448270558,0.999883267738276,3,366.487999999998,"troot(x4*x4)","x2*x4","x5",0.999999999999811,0.980149816340257,0.10290822108018
