"Experiment","Run","F1","F2","F3","F4","Count_FP","Correlation","Correlation_FP","MAE","RMSE","LMP","R2","Count_P","Time","First","Second","Third","FirstM","SecondM","ThirdM"
"S1",9,TRUE,FALSE,FALSE,FALSE,2,0.641505520012678,0.462258280019017,0.000817991685184241,0.00163377675314668,684.777371260963,0.999999909812352,3,979.832999999984,"troot(x4*(x4*x6))","troot(x4*x4)","x6",1,0.999950500576786,0.125136969576958
"S2",9,FALSE,FALSE,FALSE,FALSE,4,0.75864121605066,0.75864121605066,0.00178093781572447,0.00248061067362485,694.413008035453,0.999999792088337,4,1005.51699999999,"troot(x4*x4)","troot(x4*x4)*x7","x9*troot(x4*x4)",1,1,1
"S3",9,TRUE,FALSE,FALSE,FALSE,3,0.504768598526463,0.339691480649541,0.00106835580693531,0.00169418026539352,664.26197238756,0.999999903020292,4,956.03899999999,"troot((x4*x4))","troot(1+(1+(x6*(x4*x4))))","exp_dbl(x4)",1,1,0.999999975308222
"S4",9,FALSE,TRUE,FALSE,FALSE,6,0.155711475909967,0.0149967806521814,0.00351912109040645,0.0137468020337252,688.827231427884,0.99999361493985,7,1055.98300000001,"troot(x4*(x9*x4))","x8","troot(x4*(x9*x4))*x8",1,1,1
"S5",9,TRUE,FALSE,FALSE,FALSE,1,0.606980210562333,0.213960421124667,0.00497759590360707,0.0319126002529038,681.089486849025,0.999965589893232,2,910.978000000003,"troot(x6*(x4*x4))","troot(x8*(x4*x4))","NA",1,0.945488978132435,"NA"
"S6",9,FALSE,FALSE,FALSE,FALSE,6,0.543291565763375,0.543291565763375,0.00151261514016813,0.00241092718218054,682.130232566893,0.999999803605273,6,1020.71499999997,"troot(x4)*troot(x4)","x9*(troot(x4)*troot(x4))","x7*(troot(x4)*troot(x4))",1,1,1
