"Experiment","Run","F1","F2","F3","F4","Count_FP","Correlation","Correlation_FP","MAE","RMSE","LMP","R2","Count_P","Time","First","Second","Third","FirstM","SecondM","ThirdM"
"S1",6,FALSE,FALSE,FALSE,FALSE,2,0.996429304930045,0.996429304930045,0.124162324372311,0.65085858326112,-26.7809518466237,0.98568686033993,2,2485.561,"troot(x4*x4)","x4","NA",0.999922733877121,0.143470810052933,"NA"
"S2",6,TRUE,FALSE,FALSE,FALSE,0,1,NA,0.0018512534012151,0.00888606139144641,-20.5220457792714,0.999997332034222,1,2505.87,"troot(x6*(x4*x4))","NA","NA",1,"NA","NA"
"S3",6,FALSE,FALSE,FALSE,FALSE,2,0.982068314829844,0.982068314829844,0.163196768624329,0.259546634952075,-28.2364995747419,0.997723894223219,2,2575.27,"x4","troot(x4)*x9","NA",1,0.966240908187387,"NA"
"S4",6,TRUE,FALSE,FALSE,FALSE,0,1,NA,0.00185033402314485,0.00888769190655527,-20.5220457792714,0.999997331055035,1,2572.33,"troot(x4*(x6*x4))","NA","NA",0.999999671077589,"NA","NA"
"S5",6,FALSE,FALSE,FALSE,FALSE,1,0.99999974420151,0.99999974420151,0.064441038304286,0.318323524594081,-24.0166299391974,0.99657627317521,1,2529.929,"x9*troot(x4*x4)","NA","NA",0.94104995618444,"NA","NA"
"S6",6,FALSE,FALSE,TRUE,FALSE,0,0.999999791697638,NA,0.00970846722816038,0.043320867945688,-25.6966687496916,0.999936590265559,1,2739.438,"troot((x4*x9)*(x4*x9))","NA","NA",0.999999656499498,"NA","NA"
