"Experiment","Run","F1","F2","F3","F4","Count_FP","Correlation","Correlation_FP","MAE","RMSE","LMP","R2","Count_P","Time","First","Second","Third","FirstM","SecondM","ThirdM"
"S1",19,FALSE,FALSE,FALSE,FALSE,4,0.575250786586522,0.575250786586522,0.0689089913954742,0.242036324743424,-105.007113618834,0.998020649363,4,2194.59599999996,"troot(x4)*troot(x4)","x3*x4","x4",0.999580982543205,0.985870824341654,0.140927356264365
"S2",19,TRUE,FALSE,FALSE,FALSE,1,0.462258623933997,-0.075482752132005,0.0314543283204374,0.0328382196509973,-94.5244319535552,0.999963564826424,2,2231.78899999999,"troot((x4*x6)*x4)","x6","NA",0.999999999994115,0.104173488321138,"NA"
"S3",19,FALSE,FALSE,FALSE,FALSE,4,0.839629353948456,0.839629353948456,0.0620019587575183,0.190994412132091,-99.877214903911,0.998767454504966,4,2169.55499999999,"troot(x4*x4)","x3*x4","x4",1,0.720277730247527,0.376329518315845
"S4",19,FALSE,FALSE,FALSE,FALSE,2,0.604544956779782,0.604544956779782,0.0389454901079307,0.0601678924217049,-96.7669448270559,0.999877681756991,2,2316.72999999998,"troot(x4*x4)","x2*x4","NA",1,0.999952827337848,"NA"
"S5",19,FALSE,FALSE,FALSE,FALSE,6,0.54081117400511,0.54081117400511,0.0486115834562824,0.117428418626973,-99.877214903911,0.999534083532368,6,2306.32000000001,"troot(x4*x4)","x4","x3*x4",1,0.518360379779003,0.418635932324423
"S6",19,FALSE,FALSE,FALSE,TRUE,1,0.996429109555188,0.992859297690051,0.0438532553795891,0.0769899270151511,-94.3406692127019,0.999799723749673,2,2194.20799999998,"troot((x7*x4)*x4)","x4","NA",1,0.161473574625752,"NA"
