"Experiment","Run","F1","F2","F3","F4","Count_FP","Correlation","Correlation_FP","MAE","RMSE","LMP","R2","Count_P","Time","First","Second","Third","FirstM","SecondM","ThirdM"
"S1",27,FALSE,TRUE,FALSE,TRUE,2,0.733680955185464,0.467362625932423,0.00179499429308071,0.00262388128653445,659.384931575601,0.999999767378421,4,744.667,"troot((x4*x9)*x4)","troot((x4*x7)*x4)","troot((x4*x9)*x4)*x9",1,1,1
"S2",27,FALSE,FALSE,FALSE,FALSE,5,0.592525122582957,0.592525122582957,0.00155052154900323,0.00240723190652184,684.667953992211,0.999999804206848,5,837.177,"troot(x4)*troot(x4)","p3(x5)","troot(x4)*(troot(x4)*x9)",1,0.999979791966004,0.99997861541796
"S3",27,TRUE,FALSE,FALSE,FALSE,5,0.639740251194438,0.567688301433325,0.00101515137858254,0.0019928604114375,687.914827432202,0.99999986581147,6,734.867,"troot(x4*(x4*x6))","x4","x9*x4",1,0.998154774022654,0.724103541054902
"S4",27,FALSE,FALSE,FALSE,FALSE,6,0.489099411814496,0.489099411814496,0.00177309202010998,0.00268451519280562,671.698350886599,0.999999756503138,6,822.55,"troot(x4)*troot(x4)","(x9*(troot(x4)*troot(x4)))*x7","x9*(troot(x4)*troot(x4))",1,1,1
"S5",27,FALSE,FALSE,FALSE,FALSE,10,0.373195350441735,0.373195350441735,0.00490941729688186,0.0241279881066446,637.555879593264,0.999980330022819,10,779.211,"p3(x7)","x4","troot(x4*x9)*p3(p0(x4*x9))",1,1,1
"S6",27,FALSE,FALSE,TRUE,FALSE,5,0.356890867668531,0.22826908286271,0.00368515924198617,0.0136561787467761,642.654241185747,0.999993698847055,6,840.148,"troot(x4*x9)*troot(x4*x9)","(troot(x4*x9)*troot(x4*x9))*x9","x7*x7",1,1,0.999999990713385
