"Experiment","Run","F1","F2","F3","F4","Count_FP","Correlation","Correlation_FP","MAE","RMSE","LMP","R2","Count_P","Time","First","Second","Third","FirstM","SecondM","ThirdM"
"S1",18,FALSE,TRUE,FALSE,FALSE,9,0.470020637926968,0.411134081312555,0.0027835803859621,0.0106462728191199,700.702517994509,0.999996170369987,10,2405.89799999999,"(x4*x8)*x5","troot(x4*(x9*x4))","troot(x4*x4)",1,1,1
"S2",18,FALSE,FALSE,FALSE,FALSE,6,0.537259187615972,0.537259187615972,0.00165208067648123,0.00249449486869122,680.945005460818,0.999999789754424,6,2341.16999999998,"x9*(troot(x4)*troot(x4))","troot(x4)*troot(x4)","x7*(troot(x4)*troot(x4))",1,0.999999968129291,0.999990904304248
"S3",18,FALSE,FALSE,FALSE,FALSE,9,0.572867388988978,0.572867388988978,0.0737084566089378,0.398379817507129,213.272392349607,0.994637635978442,9,2514.81,"x4","x10*x4","sin_deg(troot(x4))",1,1,1
"S4",18,TRUE,FALSE,FALSE,FALSE,3,0.729618040841672,0.639490721122229,0.000829638148528435,0.00180529249990808,687.881431327977,0.999999889882386,4,2172.22999999998,"troot(x4*(x6*x4))","x4*x7","x4",1,1,1
"S5",18,FALSE,FALSE,FALSE,FALSE,4,0.537075438630361,0.537075438630361,0.000919571623661409,0.00159090720604771,673.695386157929,0.999999914483221,4,2115.81200000003,"troot(x4)*troot(x4)","(troot(x4)*troot(x4))*x6","x9",1,1,0.582271192552045
"S6",18,FALSE,TRUE,FALSE,FALSE,4,0.364149722656754,0.205187241456772,0.00213708444565175,0.00413008362202303,686.100482647319,0.999999423659252,5,2241.973,"troot(x9*(x4*x4))","troot(x9*(x4*x4))*x6","x7",1,1,0.999977732574084
