"Experiment","Run","F1","F2","F3","F4","Count_FP","Correlation","Correlation_FP","MAE","LMP","R2","Count_P","Time","First","Second","Third","FirstM","SecondM","ThirdM"
"P6",37,FALSE,FALSE,FALSE,FALSE,3,0.995239551497518,0.995239551497518,0.0425827309342666,-100.717970320674,0.999850303413309,3,391.024000000001,"troot(x4*x4)","x6*x4","x4",0.99999998725683,0.99997139524091,0.974808057344982
