"Experiment","Run","F1","F2","F3","F4","Count_FP","Correlation","Correlation_FP","MAE","RMSE","LMP","R2","Count_P","Time","First","Second","Third","FirstM","SecondM","ThirdM"
"S1",17,FALSE,FALSE,FALSE,TRUE,1,0.996429109555188,0.992859297690051,0.0442197479288639,0.0769044122536191,-94.3406692127019,0.999800168406915,2,939.937999999966,"troot((x7*x4)*x4)","x4","NA",1,0.147942955215468,"NA"
"S2",17,FALSE,FALSE,FALSE,FALSE,4,0.260008567617798,0.260008567617798,0.0379062552169633,0.060792107071332,-96.7669448270558,0.999875130598917,4,978.804999999993,"troot(x4*x4)","x4*x2","x6",1,0.99989810877337,0.179893649736398
"S3",17,TRUE,FALSE,FALSE,FALSE,0,1,NA,0.0322849857412575,0.0332350913336664,-94.5244319535552,0.999962678818066,1,878.117000000027,"troot(x6*(x4*x4))","NA","NA",1,"NA","NA"
"S4",17,TRUE,FALSE,FALSE,FALSE,1,0.453213554521817,-0.0935728909563669,0.0341913960687685,0.0418488152916839,-94.5244319535552,0.999940826402709,2,1024.91699999996,"troot((x6*x4)*x4)","x2","NA",1,0.351248148111065,"NA"
"S5",17,FALSE,FALSE,FALSE,FALSE,4,0.723036440884047,0.723036440884047,0.0452806710798163,0.0770102274449023,-100.717970320674,0.999799618119492,4,902.45199999999,"x4","x6*x4","troot(x4*x4)",0.999999903145711,0.9999965049664,0.986041129527721
"S6",17,FALSE,FALSE,FALSE,FALSE,5,0.775172489001437,0.775172489001437,0.174182570007819,0.788504736690691,-110.151760602796,0.978992699446099,5,1133.57199999999,"x4","x4*x4","x6*x4",1,0.999994177100766,0.999664320649025
