"Experiment","Run","F1","F2","F3","F4","Count_FP","Correlation","Correlation_FP","MAE","LMP","R2","Count_P","Time","First","Second","Third","FirstM","SecondM","ThirdM"
"P1",26,TRUE,FALSE,FALSE,FALSE,2,0.665760237047183,0.498640355570775,0.0317088075357261,-94.5244319535552,0.999963529486186,3,NA,"troot((x4*x6)*x4)","x4","x10",0.997732255971467,0.105430229324094,0.102120882204266
"P2",26,FALSE,FALSE,FALSE,FALSE,2,0.604544956779782,0.604544956779782,0.0366602177949884,-96.7669448270558,0.999911092181571,2,NA,"x4*x2","troot(x4*x4)","NA",0.96777227860627,0.962831656677501,"NA"
"P3",26,FALSE,FALSE,FALSE,FALSE,3,0.733983070416538,0.733983070416538,0.0328567783784717,-96.7669448270558,0.999955075711084,3,NA,"troot(x4*x4)","x4*x2","x4",0.892636822858453,0.861449024565645,0.12787806896877
"P4",26,FALSE,FALSE,FALSE,TRUE,2,0.736362944993297,0.604544956779782,0.0433866759113156,-94.3406692127019,0.999824884897626,3,NA,"troot(x4*(x7*x4))","troot(x4*x4)","x4*x2",0.845734109330637,0.14946714231684,0.146939068821113
"P5",26,FALSE,FALSE,FALSE,TRUE,2,0.639125155659457,0.458688272779023,0.0428473177769699,-94.3406692127019,0.999816348439214,3,NA,"troot(x4*(x4*x7))","x4","x6",0.99402526437731,0.13793124631372,0.12208929251268
"P6",26,TRUE,FALSE,FALSE,TRUE,1,0.668140111623942,0.00442141345149907,0.0364840782085267,-94.3406692127019,0.99992366308944,3,NA,"troot((x4*x7)*x4)","troot((x6*x4)*x4)","x10",0.519632009848164,0.432403085635814,0.121236056655531
