"Experiment","Run","Correlation","MAE","RMSE","LMP","R2","Count_P","Time","First","Second","Third","FirstM","SecondM","ThirdM"
"S1",23,0.900195650543266,2.81487329113668,4.39218932262337,-963.751382927937,0.809593591870541,20,5151.83,"x9*troot(x13)","x9*x13","p0(x6)",0.99999999999996,0.999999999969938,0.999999994327887
"S2",23,0.811900682301003,3.73208919847313,7.23334515895915,-971.092557324547,0.483586205001253,16,4964.031,"x10*x6","exp_dbl(x13)*x1","x10",1,1,1
"S3",23,0.863291021260365,3.15167339290848,5.39919265524601,-975.859688035399,0.712275326785157,15,5767.875,"troot(x6)","(sigmoid(x13)*x5)*x9","x9*p3(x6)",1,1,1
"S4",23,0.834058853747248,3.40781076369426,6.66696246183125,-964.45191256021,0.561292078292227,18,4316.47,"x10","x6*x10","x6",1,1,1
"S5",23,0.884441721086656,2.94487529207864,4.69996623352363,-990.883548652645,0.781973676051638,15,3906.254,"x9","p3(x6)","p3(x6)*p3(x10)",1,1,1
"S6",23,0.863380347642064,3.10594105487463,5.46889186409849,-979.24032421281,0.704798792787588,11,3719.358,"x10*x13","x10*exp_dbl(x13)","x6",1,1,1
