"Experiment","Run","F1","F2","F3","F4","Count_FP","Correlation","Correlation_FP","MAE","LMP","R2","Count_P","Time","First","Second","Third","FirstM","SecondM","ThirdM"
"P1",23,TRUE,FALSE,FALSE,FALSE,2,0.276981452303876,-0.0845278215441859,0.0335338700928083,-94.5244319535552,0.99994242610243,3,NA,"troot(x6*(x4*x4))","x2","x6",0.989223481631906,0.318410408808443,0.130037137568543
"P2",23,TRUE,FALSE,FALSE,FALSE,1,0.50221070672575,0.00442141345149907,0.0308430859402671,-94.5244319535552,0.999962157007071,2,NA,"troot((x6*x4)*x4)","x10","NA",0.946491304197833,0.258051944844442,"NA"
"P3",23,FALSE,FALSE,FALSE,FALSE,3,0.377869053809186,0.377869053809186,0.0352579389557385,-96.7669448270558,0.999931112106599,3,NA,"troot(x4*x4)","x2*x4","x6",0.968896980060313,0.926900900415717,0.109373364355692
"P4",23,FALSE,FALSE,FALSE,FALSE,2,0.604544956779782,0.604544956779782,0.0389027175590452,-96.7669448270558,0.999874703620271,2,NA,"troot(x4*x4)","x2*x4","NA",0.999194087051984,0.998899112712849,"NA"
"P5",23,FALSE,FALSE,FALSE,FALSE,3,0.985488592981159,0.985488592981159,0.0843111655151836,-99.5125191073178,0.996665573450708,3,NA,"x4","x10*x4","troot(x4)*x4",0.999968515709468,0.914676060459031,0.900871775243907
"P6",23,TRUE,FALSE,FALSE,FALSE,1,0.453213554521817,-0.0935728909563669,0.0344261593404412,-94.5244319535552,0.999942086146505,2,NA,"troot((x4*x6)*x4)","x2","NA",0.9932227737526,0.32879736625236,"NA"
