"Experiment","Run","F1","F2","F3","F4","Count_FP","Correlation","Correlation_FP","MAE","LMP","R2","Count_P","Time","First","Second","Third","FirstM","SecondM","ThirdM"
"P1",23,FALSE,FALSE,FALSE,FALSE,4,0.740221798098744,0.740221798098744,0.0947515919035307,-99.5125191073178,0.996012045822807,4,579.390000000014,"x4","troot(x4)*x4","x10*x4",1,0.999999999993801,0.9908444212681
"P2",23,TRUE,FALSE,FALSE,FALSE,1,0.50221070672575,0.00442141345149907,0.0309300580379209,-94.5244319535552,0.999960920531148,2,618.309999999939,"troot((x6*x4)*x4)","x10","NA",1,0.277509041637128,"NA"
"P3",23,FALSE,FALSE,FALSE,FALSE,4,0.740221798098744,0.740221798098744,0.0947289596797296,-99.5125191073178,0.996021376413907,4,559.169999999925,"x4","x4*troot(x4)","x4*x10",1,0.999999991839849,0.999999978451238
"P4",23,FALSE,FALSE,FALSE,FALSE,2,0.604544956779782,0.604544956779782,0.0389875366397763,-96.7669448270558,0.999873066614927,2,590.059999999939,"troot(x4*x4)","x2*x4","NA",1,0.999968549497855,"NA"
"P5",23,FALSE,FALSE,FALSE,FALSE,3,0.985488592981159,0.985488592981159,0.0930879872302296,-99.5125191073178,0.996053165653481,3,570.229999999981,"troot(x4)*x4","x4","x4*x10",1,1,0.999999999380113
"P6",23,FALSE,FALSE,FALSE,FALSE,3,0.295548172262786,0.295548172262786,0.0368939943777499,-106.77648394795,0.999865166344724,3,599.290000000037,"troot(x4)*troot(x4)","x4*(x2*x8)","x6",1,1,0.210569722877184
