"Experiment","Run","Correlation","MAE","RMSE","LMP","R2","Count_P","Time","First","Second","Third","FirstM","SecondM","ThirdM"
"S1",2,0.905021964358513,2.8543387802346,4.28941103056928,-1363.58277617372,0.818400442753281,24,4771.028,"x10*troot(x8)","x12*p0(x13)","(x9*(p0(x13)*x10))*(x9*x10)",1,1,1
"S2",2,0.894032609351448,2.63391111312497,4.51422704531523,-1258.94560732405,0.798865646685514,23,4734.467,"(x5*troot(troot(x3)*(x13*x3)))*x7","troot((x6*exp_dbl(x13))*p3(x9))*x5","p3(p3(x6))*x9",1,1,1
"S3",2,0.87515298425214,2.92985424649827,5.1503215699417,-1230.18452421674,0.738188843836942,22,5495.561,"x7*exp_dbl(troot(exp_dbl(x8*x13)))","x6*x12","x9",1,1,1
"S4",2,0.923930601003195,2.45782031817958,3.86736829371201,-1276.52754526428,0.852378191488336,26,4991.752,"p0(x6*p0(troot(troot(x8*x13))))*troot(x9)","x5*((x5*(x13*x10))*x8)","troot(x11*x9)*(((x10*(sigmoid(exp_dbl(1+x6))*x6))*x7)*x11)",1,1,1
"S5",2,0.853836778450883,3.07600635416621,5.6777507383419,-1330.84040040762,0.68182056840217,27,4988.25,"(p3(x6*x6)*x13)*troot(x1*x3)","p0(sigmoid(p0(x10)))","p3(x6*x6)*x11",1,1,1
"S6",2,0.856061034415542,3.09749773225889,5.68620256767944,-1304.83474726591,0.680872587438514,27,4496.997,"x13","exp_dbl(x1)","x12",1,1,1
