"Experiment","Run","F1","F2","F3","F4","Count_FP","Correlation","Correlation_FP","MAE","RMSE","LMP","R2","Count_P","Time","First","Second","Third","FirstM","SecondM","ThirdM"
"S1",29,FALSE,FALSE,FALSE,FALSE,7,0.41160673628589,0.41160673628589,0.00152572317361317,0.00238023242799994,684.66795399221,0.999999808574244,7,2150.442,"(troot(x4)*troot(x4))*x9","troot(x4)*troot(x4)","x7*(troot(x4)*troot(x4))",1,0.999999962923782,0.999993022560745
"S2",29,FALSE,FALSE,FALSE,FALSE,4,0.742007616067627,0.742007616067627,0.00163827559014512,0.00240801902464887,677.19618911941,0.999999804078786,4,2246.897,"troot(x4)*troot(x4)","x9*(troot(x4)*troot(x4))","x7*(troot(x4)*troot(x4))",1,1,1
"S3",29,FALSE,FALSE,FALSE,FALSE,5,0.592525122582957,0.592525122582957,0.00158235963813229,0.0024851292433874,700.057650136979,0.999999791330202,5,2123.842,"troot(x4*x4)*x9","troot(x4*x4)","troot(x4*x4)*x7",1,1,1
"S4",29,FALSE,FALSE,FALSE,FALSE,8,0.350669827474623,0.350669827474623,0.00480102293700878,0.0240236639281394,682.310209978298,0.999980499752503,8,2443.628,"troot(x4*x4)*x9","troot(x4*x4)","p3(x7)*(troot(x4*x4)*x9)",1,1,0.999999999274751
"S5",29,FALSE,FALSE,FALSE,FALSE,4,0.537075438630361,0.537075438630361,0.000918056552051933,0.00159020787733709,683.955183587772,0.999999914558387,4,2455.889,"troot(x4*x4)*x6","troot(x4*x4)","x9",1,1,0.578951876130625
"S6",29,FALSE,FALSE,FALSE,FALSE,4,0.48252037151739,0.48252037151739,0.000921804970442471,0.0016253551763655,673.551428537307,0.999999910739731,4,2612.773,"(troot(x4)*troot(x4))*x6","troot(x4)*troot(x4)","x9",1,1,0.589251174014299
