"Experiment","Run","Correlation","MAE","RMSE","LMP","R2","Count_P","Time","First","Second","Third","FirstM","SecondM","ThirdM"
"S1",29,0.814945018399397,3.59987296930285,6.86084123134586,-967.066013916206,0.535405359620842,20,5399.184,"exp_dbl(x13)*x1","x6*x10","x6*x6",1,0.999999999999994,0.999999999999717
"S2",29,0.894890010148933,2.85504305406707,4.49586589758888,-965.340886928853,0.800498505189876,19,4877.603,"x1","x6*x10","x10*p0(x13)",1,1,1
"S3",29,0.879548869365182,2.83239243282193,4.81288865664712,-971.471839759126,0.771371121451585,24,6156.799,"exp_dbl(x13)*(x13*x9)","x11","x13*x9",1,0.999999999999999,0.999999999999992
"S4",29,0.820980135335335,3.56948947136471,6.80243668040514,-971.822871975947,0.543281637826614,11,4034.398,"x6*x6","x6*x10","x11",1,1,1
"S5",29,0.837074047742847,3.43738866971844,6.06792479474608,-983.080528349873,0.636587521264745,16,4225.221,"x10*(exp_dbl(x13)*x10)","x10*x6","x10*x13",1,1,0.999999319871904
"S6",29,0.813886577418034,3.67444448360699,7.2895382787552,-972.320149575961,0.475531392175761,10,3548.226,"x10","(x6*x6)*sigmoid(x13)","x6*x10",1,1,1
