"Experiment","Run","F1","F2","F3","F4","Count_FP","Correlation","Correlation_FP","MAE","RMSE","LMP","R2","Count_P","Time","First","Second","Third","FirstM","SecondM","ThirdM"
"S1",5,TRUE,FALSE,FALSE,FALSE,0,1,NA,0.0321560531471885,0.0329981356202269,-94.5244319535552,0.999963209097441,1,908.108000000007,"troot((x6*x4)*x4)","NA","NA",1,"NA","NA"
"S2",5,FALSE,FALSE,FALSE,TRUE,0,0.999998921420326,NA,0.0446219855666385,0.0763175297943769,-94.3406692127019,0.999803206728423,1,1033.79500000004,"troot(x7*(x4*x4))","NA","NA",0.999996699433391,"NA","NA"
"S3",5,FALSE,FALSE,FALSE,FALSE,3,0.788552607527299,0.788552607527299,0.0694350965062065,0.24291672175967,-99.877214903911,0.998006223563564,3,1042.44400000002,"troot(x4*x4)","x4*x3","x4",1,1,0.155669003303437
"S4",5,FALSE,FALSE,FALSE,FALSE,5,0.784804765293415,0.784804765293415,0.0896869995872939,0.340761936079887,-103.889409415143,0.996076589138691,5,1101.63,"troot(x4)","x4","x4*x4",0.9999999999991,0.999999991198107,0.999999967133283
"S5",5,FALSE,FALSE,FALSE,TRUE,1,0.502210167435913,0.00442141345149907,0.0453756968563176,0.0796011980615388,-94.3406692127019,0.999785907800284,2,970.64499999996,"troot((x4*x7)*x4)","x10","NA",1,0.218544037743332,"NA"
"S6",5,FALSE,FALSE,FALSE,FALSE,2,0.604544956779782,0.604544956779782,0.0389617381546173,0.0601857304585071,-101.896843541979,0.99987760921861,2,1017.76000000001,"troot(x4)*troot(x4)","x2*x4","NA",0.999999997093654,0.999999019121744,"NA"
