"Experiment","Run","F1","F2","F3","F4","Count_FP","Correlation","Correlation_FP","MAE","LMP","R2","Count_P","Time","First","Second","Third","FirstM","SecondM","ThirdM"
"P5",20,FALSE,FALSE,FALSE,FALSE,4,0.482233588528097,0.482233588528097,0.000986473385446303,673.488289482678,0.999999908328609,4,NA,"(troot(x4)*troot(x4))*x6","troot(x4)*troot(x4)","x6",1,1,0.121536438412537
"P1",20,TRUE,FALSE,FALSE,FALSE,3,0.727559147547627,0.636745530063503,0.000842260135632372,687.684548542456,0.999999891680688,4,NA,"troot(x4*(x6*x4))","x4","x4*x6",1,0.999772567484985,0.993903377201041
"P2",20,FALSE,FALSE,FALSE,FALSE,4,0.537075438630361,0.537075438630361,0.000913684614338833,683.955183587773,0.999999915879781,4,NA,"x6*troot(x4*x4)","troot(x4*x4)","x9",1,1,0.597987294888388
"P3",20,FALSE,FALSE,FALSE,FALSE,4,0.637688854825079,0.637688854825079,0.000951735237333701,678.62037605492,0.99999992201101,4,NA,"troot(x4*x4)*sin_deg(x6)","troot(x4*x4)","x5",1,1,0.494253968220593
"P4",20,TRUE,FALSE,FALSE,FALSE,5,0.824263289331439,0.824263289331439,0.00104058000314948,662.550565538788,0.999999883199909,5,NA,"troot(x3+((x6*x4)*x4))*sigmoid(x4)","x4","x6*x4",1,0.999999842017588,0.806772332326294
"P6",20,FALSE,FALSE,FALSE,FALSE,6,0.537691204692387,0.537691204692387,0.00166572630018722,680.945005460813,0.999999787676358,6,NA,"troot(x4*x4)","x7*(troot(x4)*troot(x4))","x9*(troot(x4)*troot(x4))",0.99999999999752,0.999385186705165,0.999385186705165
