"Experiment","Run","F1","F2","F3","F4","Count_FP","Correlation","Correlation_FP","MAE","LMP","R2","Count_P","Time","First","Second","Third","FirstM","SecondM","ThirdM"
"P5",20,FALSE,FALSE,FALSE,FALSE,4,0.482233588528097,0.482233588528097,0.000986473385446303,673.488289482678,0.999999908328609,4,584.380000000005,"(troot(x4)*troot(x4))*x6","troot(x4)*troot(x4)","x6",1,1,0.121536438412537
"P1",20,FALSE,FALSE,FALSE,FALSE,9,0.396909436144411,0.396909436144411,3.61503337883554,27.5140887882562,-21.2738038428551,9,543.339999999967,"x3","x4","x5*x4",1,1,1
"P2",20,FALSE,FALSE,FALSE,FALSE,15,0.2113506137941,0.2113506137941,2.67061705193257,245.313305782802,-8.30946342965325,15,728.700000000012,"(x4*x3)*(x4*x3)","x8*(x4*(x2*x4))","(x10*x4)*x3",1,1,1
"P3",20,FALSE,FALSE,FALSE,FALSE,13,0.410734690252532,0.410734690252532,3.2493343845709,311.058632746393,-17.9605718932513,13,602.380000000005,"x3","x3*(x3*x4)","x4",1,1,1
"P4",20,FALSE,FALSE,FALSE,FALSE,11,0.516736925780498,0.516736925780498,2.3910506190247,605.468845072361,-9.38204572358487,11,622.829999999958,"x4*x4","troot(x4*x4)","x10*(x8*x4)",1,1,1
"P6",20,FALSE,FALSE,FALSE,FALSE,3,0.668521412733855,0.668521412733855,0.000928387761311192,673.551428537307,0.999999910929622,3,604.420000000042,"(troot(x4)*troot(x4))*x6","troot(x4)*troot(x4)","x9",1,1,0.515563230577674
