"Experiment","Run","F1","F2","F3","F4","Count_FP","Correlation","Correlation_FP","MAE","LMP","R2","Count_P","Time","First","Second","Third","FirstM","SecondM","ThirdM"
"P5",20,FALSE,FALSE,FALSE,FALSE,10,0.749103690865323,0.749103690865323,0.00694156500351022,582.539274249583,0.999974171564479,10,580,"troot((x4*x7)*(x7*(x4*x7)))","x4","x7",1,1,1
"P1",20,FALSE,FALSE,FALSE,FALSE,15,0.291199140129741,0.291199140129741,0.1771907545612,529.649858902284,0.960295528211315,15,630.830000000016,"x4","sin_deg(x4)","x7",1,1,1
"P2",20,FALSE,FALSE,FALSE,FALSE,4,0.537075438630361,0.537075438630361,0.000913684614338833,683.955183587773,0.999999915879781,4,542.75,"x6*troot(x4*x4)","troot(x4*x4)","x9",1,1,0.597987294888388
"P3",20,FALSE,FALSE,FALSE,FALSE,13,0.468722987540501,0.468722987540501,0.208445782640496,568.892660351957,0.927854329600017,13,554.469999999972,"x4*troot(x4)","troot(x4)","sigmoid(sigmoid(troot(x4)))",1,1,1
"P4",20,FALSE,FALSE,FALSE,FALSE,11,0.584419282885014,0.584419282885014,0.0267239498292775,600.074192468735,0.998952568857074,11,574.910000000033,"troot(1+(x4*x4))","x4*x10","x4",1,1,1
"P6",20,FALSE,FALSE,FALSE,FALSE,4,0.516809019345701,0.516809019345701,0.00105461394982195,654.212853059608,0.99999984843034,4,591.169999999925,"troot((x4*x6)*(x4*x6))","x6*troot((x4*x6)*(x4*x6))","x6",1,1,0.98422378220897
