"Experiment","Run","F1","F2","F3","F4","Count_FP","Correlation","Correlation_FP","MAE","LMP","R2","Count_P","Time","First","Second","Third","FirstM","SecondM","ThirdM"
"P5",20,FALSE,FALSE,FALSE,TRUE,11,0.386383326164362,0.330600090232002,0.0225272986385801,568.91870104159,0.999353406815814,12,603.580000000016,"troot((x4*x7)*x4)","x6","x4",1,1,1
"P1",20,FALSE,FALSE,FALSE,FALSE,15,0.296311863638153,0.296311863638153,0.238382263973535,300.671865741472,0.928491571725859,15,708.900000000023,"troot(x4)*troot(x4*(troot(x2)*x10))","x4*((x4*(troot(x2)*x10))*x10)","sin_deg(x4)",1,1,1
"P2",20,FALSE,FALSE,FALSE,FALSE,11,0.520400770082156,0.520400770082156,4.92932824354196,604.251133898487,-43.1579956247641,11,677.809999999998,"troot(x4)","x4*exp_dbl(troot(x4))","x4",1,1,1
"P3",20,FALSE,FALSE,FALSE,FALSE,4,0.637688854825079,0.637688854825079,0.000951735237333701,678.62037605492,0.99999992201101,4,652.299999999988,"troot(x4*x4)*sin_deg(x6)","troot(x4*x4)","x5",1,1,0.494253968220593
"P4",20,TRUE,FALSE,FALSE,FALSE,4,0.824263289331439,0.78032911296358,0.00104058000314948,662.550565538788,0.999999883199909,5,659.190000000061,"troot(x3+((x6*x4)*x4))*sigmoid(x4)","x4","x6*x4",1,0.999999842017588,0.806772332326294
"P6",20,FALSE,FALSE,FALSE,FALSE,6,0.537691204692387,0.537691204692387,0.00166638215993692,680.945005460813,0.999999787499065,6,663.820000000065,"x7*(troot(x4)*troot(x4))","x9*(troot(x4)*troot(x4))","troot(x4)*troot(x4)",1,1,0.999999999999976
