"Experiment","Run","Correlation","MAE","RMSE","LMP","R2","Count_P","Time","First","Second","Third","FirstM","SecondM","ThirdM"
"S1",16,0.828169487093496,3.05381427387889,6.21605342734714,-1215.96517431173,0.618627886168375,35,6626.194,"(x6*x10)*x6","troot(x13*x1)","troot(x1)",1,1,1
"S2",16,0.910787144514754,2.69915543399159,4.19978538704051,-1258.53639032386,0.825910069054821,19,4803.514,"x9*x3","x11","exp_dbl(p3(x5))*x7",1,1,1
"S3",16,0.934426770558809,2.39927660794587,3.59388299606247,-1285.09172458672,0.872518453110413,30,6239.897,"p0(x11)","x6","x12*x7",1,1,1
"S4",16,0.85961000238831,3.10316840346133,5.93498192819639,-1304.44064372908,0.652337171982702,22,4976.376,"exp_dbl(x13)","x7*x10","x12",1,1,1
"S5",16,0.88936062556559,2.91494025531776,4.64816119650789,-1279.77369459709,0.786753545874926,26,4638.188,"x10","x6*p3(x6*p3(x6))","p0(x1)*troot(x10)",1,1,1
"S6",16,0.92679995512742,2.64175479627281,3.97572240810703,-1271.54583126325,0.843990313565013,18,4743.093,"exp_dbl(x13*p0(x8))","x5*(sigmoid(sigmoid(x6))*(p3(p3(x6))*x11))","x9",1,1,1
