"Experiment","Run","F1","F2","F3","F4","Count_FP","Correlation","Correlation_FP","MAE","RMSE","LMP","R2","Count_P","Time","First","Second","Third","FirstM","SecondM","ThirdM"
"S1",29,TRUE,FALSE,FALSE,FALSE,0,1,NA,0.0321157155120202,0.0329987075735527,-94.5244319535552,0.999963207822044,1,2549.149,"troot((x6*x4)*x4)","NA","NA",0.999999885015394,"NA","NA"
"S2",29,TRUE,FALSE,FALSE,FALSE,0,1,NA,0.0321164776267914,0.0329945675189068,-94.5244319535552,0.99996321705344,1,2605.438,"troot(x4*(x6*x4))","NA","NA",0.999999986554194,"NA","NA"
"S3",29,FALSE,FALSE,FALSE,FALSE,4,0.58187243788255,0.58187243788255,2.19728476069867e+203,Inf,-99.877214903911,-Inf,4,2753.072,"troot(x4*x4)","x4*x3","x4",1,0.653891790292362,0.356258738247182
"S4",29,FALSE,FALSE,FALSE,TRUE,2,0.639125155659457,0.458688272779023,0.0442256041301336,0.0769241232660595,-94.3406692127019,0.999800065957974,3,2971.796,"troot(x4*(x4*x7))","x4","x6",1,0.131622263136558,0.10993392163953
"S5",29,FALSE,FALSE,FALSE,FALSE,6,0.641894483004773,0.641894483004773,0.15825426606451,0.642893362241936,-105.15064319247,0.986035045680926,6,2878.433,"x4","x4*x4","x4*x10",0.999975095774321,0.992988439521238,0.991366766623783
"S6",29,FALSE,FALSE,FALSE,FALSE,4,0.267238121297937,0.267238121297937,0.0367647661952127,0.0600578836913935,-96.7669448270559,0.999878128632319,4,2382.009,"troot(x4*x4)","x4*x2","x6",1,0.993366350083667,0.163851226001219
