"Experiment","Run","F1","F2","F3","F4","Count_FP","Correlation","Correlation_FP","MAE","LMP","R2","Count_P","Time","First","Second","Third","FirstM","SecondM","ThirdM"
"P5",15,FALSE,FALSE,FALSE,FALSE,11,0.603237327110155,0.603237327110155,0.0273472918410241,591.85506632657,0.999017879113793,11,NA,"x4","x3*x4","troot(x4)",0.999999587556078,0.999992787868786,0.999992787868786
"P1",15,FALSE,FALSE,FALSE,FALSE,3,0.641494117379427,0.641494117379427,0.00156061018024284,612.859537706514,0.999999654978967,3,NA,"(troot(x4)*x6)*troot(x4)","((troot(x4)*x6)*troot(x4))*x6","x6",0.99964114499259,0.99964114499259,0.972288838943758
"P2",15,TRUE,FALSE,FALSE,FALSE,2,0.995239780774171,0.992859671161257,0.000815382128817656,687.684548542456,0.999999896397214,3,NA,"troot(x4*(x4*x6))","x4","x4*x6",0.988138349108387,0.93191266535074,0.924557996318147
"P3",15,FALSE,FALSE,FALSE,FALSE,5,0.386900579904212,0.386900579904212,0.000924933329610645,663.291631107457,0.999999910753011,5,NA,"troot((x4*exp_dbl(1))*x4)","troot((x4*exp_dbl(1))*x4)*x6","x9",1,1,0.564034481758117
"P4",15,FALSE,FALSE,FALSE,FALSE,4,0.783898223740874,0.783898223740874,0.0013419207926556,643.16671415095,0.999999865481196,4,NA,"troot(x4)*(exp_dbl(exp_dbl(troot(x4)))*(x6*troot(x4)))","troot(x4)*troot(x4)","x5",1,1,0.277185567903665
"P6",15,TRUE,FALSE,FALSE,FALSE,2,0.733983299693192,0.600974949539788,0.000855435877207373,683.919814751586,0.999999888981359,3,NA,"troot((x6*x4)*x4)","x4*x2","x4",1,0.999853834987086,0.234223800219125
