"Experiment","Run","F1","F2","F3","F4","Count_FP","Correlation","Correlation_FP","MAE","LMP","R2","Count_P","Time","First","Second","Third","FirstM","SecondM","ThirdM"
"P5",15,FALSE,FALSE,FALSE,FALSE,13,0.44387453931557,0.44387453931557,13.942381118923,504.185414048155,-353.363171458031,13,648.25,"x3*x4","x3*(troot(x3*x4)*x4)","x3",1,1,1
"P1",15,FALSE,FALSE,FALSE,FALSE,9,0.506821009725095,0.506821009725095,0.367348757843548,189.994897129719,0.787904080927648,9,614.650000000023,"x4*(x4*troot(troot(sin_deg(x4))))","x4","x6*troot(1+(x4+(sigmoid(x4)+((x8*x8)+x5))))",1,1,1
"P2",15,FALSE,FALSE,FALSE,FALSE,4,0.537075438630361,0.537075438630361,0.000917709174312736,683.955183587773,0.999999914597637,4,635.979999999981,"troot(x4*x4)","troot(x4*x4)*x6","x9",1,1,0.581586541156417
"P3",15,FALSE,FALSE,FALSE,FALSE,15,0.469082807069251,0.469082807069251,0.723903224985424,347.116075035189,0.0614202703079985,15,811.02999999997,"x4*x6","troot(exp_dbl(x8)*x4)","(exp_dbl(x8)*x4)*troot(exp_dbl(x8)*x4)",1,1,1
"P4",15,FALSE,FALSE,FALSE,FALSE,4,0.783898223740874,0.783898223740874,0.0013419207926556,643.16671415095,0.999999865481196,4,658.979999999981,"troot(x4)*(exp_dbl(exp_dbl(troot(x4)))*(x6*troot(x4)))","troot(x4)*troot(x4)","x5",1,1,0.277185567903665
"P6",15,TRUE,FALSE,FALSE,FALSE,2,0.733983299693192,0.600974949539788,0.000855435877207373,683.919814751586,0.999999888981359,3,692.630000000005,"troot((x6*x4)*x4)","x4*x2","x4",1,0.999853834987086,0.234223800219125
