"Experiment","Run","F1","F2","F3","F4","Count_FP","Correlation","Correlation_FP","MAE","LMP","R2","Count_P","Time","First","Second","Third","FirstM","SecondM","ThirdM"
"P3",23,FALSE,FALSE,FALSE,FALSE,9,0.366383769386804,0.366383769386804,0.0457407921765422,556.008594043869,0.996661784688699,9,374.586000000003,"x8*x4","x4","troot(1+x4)",1,1,1
"P4",23,TRUE,FALSE,FALSE,FALSE,3,0.782114210964102,0.709485619547464,0.00159092822179971,671.716965893096,0.999999812872648,4,369.497000000003,"troot(1+((x4*x6)*x4))","x4","x4*x6",1,0.99999514132711,0.99999512193488
"P5",23,FALSE,FALSE,FALSE,FALSE,9,0.0493175049287806,0.0493175049287806,0.00566562164596591,488.590669260943,0.999996042091515,9,455.611999999994,"x2*((x8*x4)*x4)","x7","troot(1+((x2*((x8*x4)*x4))+(troot(x4)+(x4*x4))))",1,1,1
"P6",23,FALSE,FALSE,FALSE,FALSE,3,0.645113672185694,0.645113672185694,0.00097582519751321,683.748086912524,0.999999909907228,3,385.531000000003,"troot(x4*x4)","troot(x4*x4)*x6","x7",1,1,0.250877036857275
