"Experiment","Run","Correlation","MAE","RMSE","LMP","R2","Count_P","Time","First","Second","Third","FirstM","SecondM","ThirdM"
"S1",16,0.839784466942653,3.36393521462092,6.60979277986602,-956.745714646633,0.56878372316189,22,5315.211,"x10*x6","sigmoid(x13)*x1","x1",1,1,1
"S2",16,0.817925716471192,3.66306941628598,6.73080910316679,-972.746224905987,0.552849208694175,15,4789.277,"exp_dbl(x13)*x1","x11*x5","x13",1,1,1
"S3",16,0.658218353561894,5.14507552828414,17.8089955101139,-973.59304249788,-2.13038897710974,24,5538.205,"p3(x6)*sigmoid(x8*x13)","x12","x9*x13",1,0.999999999999983,0.999999999669025
"S4",16,0.894297705963429,2.869538960893,4.52324041159141,-974.852578549634,0.798061651916567,16,3917.077,"x9*p3(x6)","x9*p0(x13)","x9",1,1,1
"S5",16,0.870551699786893,3.01537039148608,5.16322553128152,-974.898746021234,0.736875281866925,15,4080.883,"x9","x11*(x5*(x10*x13))","p3(x6)*x9",1,1,1
"S6",16,0.819071988517292,3.59546069277826,6.86649251732771,-967.840512560446,0.53463966969225,14,3645.499,"x6*x10","x10","x13*x10",1,1,1
