"Experiment","Run","F1","F2","F3","F4","Count_FP","Correlation","Correlation_FP","MAE","LMP","R2","Count_P","Time","First","Second","Third","FirstM","SecondM","ThirdM"
"P1",14,FALSE,FALSE,FALSE,FALSE,13,0.631415325448289,0.631415325448289,0.0391028522440688,619.993131995649,0.997906759852712,13,NA,"x4*x6","p0(x4)","troot(x4)",1,0.999761103518003,0.999761103518003
"P2",14,TRUE,FALSE,FALSE,FALSE,4,0.583161027119836,0.478951283899795,0.000842226504835623,687.684548542455,0.999999891637977,5,NA,"troot(x4*(x6*x4))","x4","x6*x4",1,0.999998622796938,0.999998616862697
"P3",14,FALSE,FALSE,FALSE,FALSE,4,0.457735012426131,0.457735012426131,0.000980195828010096,673.488289482678,0.999999909818581,4,NA,"(troot(x4)*troot(x4))*x6","troot(x4)*troot(x4)","x2",0.999999999999965,0.999999999999965,0.132267593852367
"P6",14,FALSE,TRUE,FALSE,FALSE,4,0.387649136801856,0.23456150913815,0.00295777374053135,684.115612382365,0.999994528927348,5,NA,"x6*troot((x4*x9)*x4)","troot((x4*x9)*x4)","p3(x7)",0.999596851870763,0.999596851870763,0.999596851870414
