"Experiment","Run","F1","F2","F3","F4","Count_FP","Correlation","Correlation_FP","MAE","LMP","R2","Count_P","Time","First","Second","Third","FirstM","SecondM","ThirdM"
"P1",14,FALSE,FALSE,FALSE,FALSE,13,0.631415325448289,0.631415325448289,0.0391121866188063,619.993131995649,0.997905755454684,13,383.304999999999,"p0(x4)","x4*x6","troot(x4)",1,1,1
"P2",14,FALSE,FALSE,FALSE,FALSE,11,0.65338321613499,0.65338321613499,0.00588361300628493,616.206779297374,0.999974653357298,11,404.362000000001,"(x7*x4)*(x6*x6)","x4","troot(x7*x4)*troot(x7*x4)",1,1,1
"P3",14,FALSE,FALSE,FALSE,FALSE,7,0.242406263360571,0.242406263360571,0.00255875045371422,642.508901322926,0.999997550812153,7,393.173000000003,"troot(x6*(x4*(troot(p0(1))*(x4*x9))))","troot(x4*(troot(p0(1))*(x4*x9)))","x7",1,1,0.99827852756406
"P6",14,FALSE,FALSE,FALSE,FALSE,13,0.648122661836267,0.648122661836267,0.77697840895544,574.094704517892,-0.0841669045908817,13,404.502999999997,"x4","(x7*x4)*x9","x3*(x4*x4)",1,1,1
