"Experiment","Run","F1","F2","F3","F4","Count_FP","Correlation","Correlation_FP","MAE","LMP","R2","Count_P","Time","First","Second","Third","FirstM","SecondM","ThirdM"
"P1",14,FALSE,FALSE,FALSE,FALSE,11,0.473523745025628,0.473523745025628,0.00204891042345608,611.653890691092,0.999999453499143,11,386.281,"troot(x4)*troot(x4)","x2*x4","p0(x4*x4)*x4",1,1,1
"P2",14,FALSE,FALSE,FALSE,FALSE,14,0.363936596187199,0.363936596187199,128.419024179065,298.519603232906,-29975.4960891604,14,425.804,"x4*(x4*x2)","(troot(x10*x6)*(x4*x2))*x2","(p0(x9)*(x4*x5))*((x4*x9)*x2)",1,1,1
"P3",14,FALSE,FALSE,FALSE,FALSE,11,0.721425388770581,0.721425388770581,0.0376130871540811,620.855666989066,0.998083620295529,11,496.121999999996,"x4","x4*x6","troot((x4*x6)*(x4*x6))",1,1,1
"P6",14,FALSE,FALSE,FALSE,FALSE,6,0.828351204342184,0.828351204342184,0.00188680235301907,625.927490734734,0.999999305933491,6,430.626000000004,"x9","sin_deg(troot(x4)*x6)*sin_deg(troot(x4)*x6)","troot(x4)*troot(x4)",1,1,1
