"Experiment","Run","F1","F2","F3","F4","Count_FP","Correlation","Correlation_FP","MAE","LMP","R2","Count_P","Time","First","Second","Third","FirstM","SecondM","ThirdM"
"P3",17,TRUE,FALSE,FALSE,FALSE,3,0.994644746673362,0.992859662231149,0.000830224200418843,687.881431327977,0.999999889977128,4,NA,"troot((x6*x4)*x4)","x4","x7*x4",1,0.999999999047308,0.54887686693231
"P4",17,TRUE,FALSE,FALSE,FALSE,1,0.999999656085019,0.999999312170039,0.000808832393885136,679.647472546039,0.999999909835534,2,NA,"troot((x6*x4)*x4)","troot(x4)*troot(x4)",NA,1,0.99028061783686,NA
