"Experiment","Run","F1","F2","F3","F4","Count_FP","Correlation","Correlation_FP","MAE","LMP","R2","Count_P","Time","First","Second","Third","FirstM","SecondM","ThirdM"
"P1",38,FALSE,FALSE,FALSE,FALSE,5,0.557482027171021,0.557482027171021,0.0960507058270338,-99.5125191073178,0.996031984387721,5,372.326000000001,"x4","x4*x10","x4*troot(x4)",1,0.999999999958829,0.999995125858927
"P4",38,TRUE,FALSE,FALSE,FALSE,1,0.453213554521817,-0.0935728909563669,0.0343599295790756,-99.6543306684783,0.999939949179915,2,393.449000000008,"troot(x4*x6)*troot(x4)","x2",NA,0.999999998454797,0.354055261635458,NA
