"Experiment","Run","F1","F2","F3","F4","Count_FP","Correlation","Correlation_FP","MAE","LMP","R2","Count_P","Time","First","Second","Third","FirstM","SecondM","ThirdM"
"P2",1,TRUE,FALSE,FALSE,TRUE,1,0.635475343487986,-0.0935728909563669,0.0374392479524325,-94.3406692127019,0.999924690932246,3,NA,"troot((x7*x4)*x4)","troot(x4*(x4*x6))","x2",0.544030029621316,0.45270545576817,0.14187942152756
"P3",1,FALSE,FALSE,FALSE,FALSE,7,0.836559620271695,0.836559620271695,0.053008934110038,-102.146901329513,0.999344432123138,7,NA,"x4","x4*p0(x4)","x4*x7",0.999999990391881,0.987013348937264,0.64522453295345
"P4",1,FALSE,FALSE,FALSE,FALSE,6,0.678663800257779,0.678663800257779,0.031143785982885,-96.7669448270558,0.999957580475368,6,NA,"troot(x4*x4)","x4*x2","x2",0.890518545639729,0.852506385625232,0.194058472304622
"P6",1,TRUE,FALSE,FALSE,FALSE,1,0.996429648845025,0.992859297690051,0.0311156094506771,-94.5244319535552,0.999967172331295,2,NA,"troot(x4*(x4*x6))","x4",NA,0.90198393126731,0.100324825225406,NA
