"Experiment","Run","F1","F2","F3","F4","Count_FP","Correlation","Correlation_FP","MAE","LMP","R2","Count_P","Time","First","Second","Third","FirstM","SecondM","ThirdM"
"P2",1,TRUE,FALSE,FALSE,FALSE,0,1,NA,0.0318825051671291,-94.5244319535552,0.999963369072245,1,362.627,"troot(x4*(x4*x6))",NA,NA,1,NA,NA
"P3",1,FALSE,FALSE,FALSE,FALSE,7,0.570197351555695,0.570197351555695,0.173824722377998,-105.408909858785,0.982238914496944,7,504.085000000006,"x4*x4","x4","x4*x10",1,0.999999998999028,0.999917740420742
"P4",1,FALSE,FALSE,FALSE,FALSE,4,0.715723221996778,0.715723221996778,0.0971812981892979,-99.5125191073178,0.9959603868753,4,393.498,"x4","x4*troot(x4)","x10*x4",1,0.999999999584868,0.99994454010983
"P6",1,FALSE,FALSE,FALSE,FALSE,3,0.991909776349539,0.991909776349539,0.0512627497284517,-102.268534022448,0.999287448116455,3,413.925000000003,"x4","p0(x4)*x4","x9*x4",1,0.999999999999999,0.999999999985771
