"Experiment","Run","F1","F2","F3","F4","Count_FP","Correlation","Correlation_FP","MAE","LMP","R2","Count_P","Time","First","Second","Third","FirstM","SecondM","ThirdM"
"P2",1,FALSE,FALSE,FALSE,FALSE,6,0.643084436164458,0.643084436164458,0.0803015587194777,-102.367590429956,0.996748947187607,6,402.004000000001,"x4*x10","troot(x4*x4)","x4",0.999999999999956,0.99999999742827,0.998371180909134
"P3",1,FALSE,FALSE,FALSE,FALSE,5,0.563500362603089,0.563500362603089,0.0555819907350334,-102.146901329513,0.999282703145685,5,402.366999999998,"x4*x7","x4","x4*p0(x4)",0.999999999863166,0.999999971683765,0.999999647518159
"P4",1,FALSE,FALSE,FALSE,FALSE,3,0.371839007534399,0.371839007534399,0.0402404354100067,-96.7669448270558,0.999866185392446,3,384.195999999996,"troot(x4*x4)","x4*x2","x2",1,0.999999999865403,0.193768392969673
"P6",1,FALSE,FALSE,FALSE,FALSE,2,0.604544956779782,0.604544956779782,0.0389857100081964,-96.7669448270559,0.99987309723418,2,395.076000000001,"x2*x4","troot(x4*x4)",NA,0.999999994598898,0.999775114853501,NA
