"Experiment","Run","F1","F2","F3","F4","Count_FP","Correlation","Correlation_FP","MAE","LMP","R2","Count_P","Time","First","Second","Third","FirstM","SecondM","ThirdM"
"P1",16,FALSE,FALSE,FALSE,FALSE,8,0.444938477411089,0.444938477411089,0.00313654325122653,619.980961915337,0.999997129217002,8,402.291,"(sin_deg(p0(x4))*troot(x4))*(x6*p0(x4))","x4","x8*x4",1,1,1
"P2",16,TRUE,FALSE,FALSE,FALSE,3,0.782114214660598,0.709485619547464,0.000895120366499857,687.684548542456,0.999999884443503,4,455.738000000001,"troot((x4*x4)*x6)","x4","x4*x6",1,1,1
"P3",16,FALSE,FALSE,FALSE,FALSE,12,0.445066100722549,0.445066100722549,0.0131240867905421,615.526209109005,0.999782480617041,12,441.037000000004,"p0(x4)","x4","((x6*x7)*x4)*troot(troot(x4))",1,1,1
"P4",16,FALSE,FALSE,FALSE,FALSE,14,0.52364092936653,0.52364092936653,0.0222944359784588,544.758270540088,0.999218706180731,14,385.317999999999,"troot(x4)*x7","troot(x4)","p3(troot(x4)*x5)",1,1,1
"P5",16,FALSE,FALSE,FALSE,FALSE,15,0.295518741656802,0.295518741656802,34.9993722517167,297.177258598107,-2165.36837033019,15,404.706999999995,"((x4*x2)*(x4*x2))*x2","(x4*x2)*x4","x4",1,1,1
"P6",16,FALSE,FALSE,FALSE,FALSE,12,0.6032681299753,0.6032681299753,0.00382255338074251,588.982185268888,0.999995048767524,12,431.963000000003,"p0(x4)*troot(x4)","(x7*x4)*(x7*x4)","troot(1+troot(x4))",1,1,1
