"Experiment","Run","F1","F2","F3","F4","Count_FP","Correlation","Correlation_FP","MAE","LMP","R2","Count_P","Time","First","Second","Third","FirstM","SecondM","ThirdM"
"P1",16,FALSE,FALSE,FALSE,FALSE,11,0.625983277249344,0.625983277249344,0.102440669125213,614.800436197404,0.981845921103829,11,383.198,"p0(x4)","exp_dbl(troot(x4))","x4",1,1,1
"P2",16,FALSE,TRUE,FALSE,FALSE,6,0.125794298759365,-0.0199065926901877,0.0039031810081235,688.367063870027,0.999990106184153,7,385.035,"troot((x9*x4)*x4)","x8*troot((x9*x4)*x4)","p3(x7)",1,1,1
"P3",16,FALSE,FALSE,FALSE,FALSE,10,NA,NA,2.31952207873468e+298,269.076274256611,-Inf,10,434.653999999995,"x4","(x2*x4)*x3","x3",1,1,1
"P4",16,FALSE,FALSE,FALSE,FALSE,11,0.701561018883078,0.701561018883078,0.108538089451674,598.883550058304,0.979400224911516,11,521.253000000004,"((x3*x4)*x4)*x3","troot(x9*x4)","x4*x4",1,1,1
"P5",16,FALSE,FALSE,FALSE,FALSE,12,0.246958370947536,0.246958370947536,0.00459010712624209,471.328384359531,0.999996738672152,12,381.722000000009,"exp_dbl(p0(troot(1+((x6*(x10*x10))+(x3+(x4+x2))))))*x4","troot(x4*x2)*(x4*((x4*x2)*x2))","x4*((x4*x2)*x2)",1,1,1
"P6",16,FALSE,FALSE,FALSE,FALSE,4,0.537075439052054,0.537075439052054,0.000917737925218536,678.825313212839,0.999999914601541,4,398.411000000007,"sin_deg(x6)*troot(x4*x4)","troot(x4*x4)","x9",1,0.999970918371825,0.581749455079227
