"Experiment","Run","F1","F2","F3","F4","Count_FP","Correlation","Correlation_FP","MAE","LMP","R2","Count_P","Time","First","Second","Third","FirstM","SecondM","ThirdM"
"P1",9,FALSE,FALSE,FALSE,FALSE,5,0.988103537540709,0.988103537540709,0.0459902858551229,-100.720409257459,0.999690648706029,5,367.525,"x4","troot(x4*x4)","x4*x9",0.999598458710977,0.989324226968737,0.840256600126305
"P2",9,FALSE,FALSE,FALSE,FALSE,4,0.505745956157171,0.505745956157171,0.0674925849108467,-99.688620267966,0.998012841785598,4,413.637000000002,"x4","x2*(x4*x10)","p0(x4)*x4",1,1,1
"P3",9,FALSE,TRUE,FALSE,FALSE,3,0.572543851434134,0.430058586093285,0.0337124950050229,-101.881380727833,0.999943647386478,4,406.887999999999,"troot(x4*(x9*x4))","x3*x4","x4",0.999999999903272,0.732208835280295,0.324686384668561
"P4",9,FALSE,FALSE,FALSE,FALSE,5,0.686991353691319,0.686991353691319,0.155467093906743,-145.459381656824,0.989530036576441,5,336.917000000001,"x4","p0(x4)","sin_deg(p0(x4))",1,0.999725672921717,0.995196966793143
"P5",9,FALSE,FALSE,FALSE,FALSE,7,0.682552362980576,0.682552362980576,0.369130701472129,-119.544553833318,0.882386121878455,7,467.939999999988,"x4","x10*x4","p3(x4)",1,1,1
"P6",9,FALSE,FALSE,FALSE,FALSE,3,0.985488592981159,0.985488592981159,0.0923985895192948,-99.5125191073179,0.996063854083983,3,384.837999999989,"x4","x10*x4","x4*troot(x4)",1,1,0.987603097289168
