"Experiment","Run","F1","F2","F3","F4","Count_FP","Correlation","Correlation_FP","MAE","LMP","R2","Count_P","Time","First","Second","Third","FirstM","SecondM","ThirdM"
"P1",9,FALSE,FALSE,FALSE,FALSE,3,0.371839007534399,0.371839007534399,0.0402436785841885,-96.7669448270559,0.999866050935287,3,372.422,"troot(x4*x4)","x4*x2","x2",1,0.999886575392545,0.193738628401743
"P2",9,FALSE,FALSE,FALSE,FALSE,3,0.284002128515961,0.284002128515961,0.0384903775059841,-96.7669448270559,0.999874374635365,3,359.309000000001,"x4*x2","troot(x4*x4)","x3",1,1,0.105168926266567
"P3",9,FALSE,FALSE,FALSE,FALSE,5,0.589353475862462,0.589353475862462,0.0631055083032245,-99.688620267966,0.998563440345545,5,373.157999999996,"x4","x4*p0(x4)","(x10*x4)*x2",1,1,0.865938956243502
"P4",9,FALSE,FALSE,FALSE,FALSE,5,0.775003306776744,0.775003306776744,0.0519668864935945,-102.146901329513,0.999292021697458,5,382.034999999996,"x4","x4*p0(x4)","x4*x7",1,1,0.629677820693646
"P5",9,TRUE,FALSE,FALSE,FALSE,1,0.462258623933997,-0.075482752132005,0.0314352144179716,-94.5244319535552,0.999963070692007,2,371.713999999993,"troot(x4*(x6*x4))","x6","NA",1,0.117673521264414,"NA"
"P6",9,FALSE,FALSE,FALSE,FALSE,5,0.988749458738025,0.988749458738025,0.0467656816588565,-102.237348925172,0.999429203605018,5,378.259999999995,"p0(x4)*x4","x4","x4*x9",0.999999999999897,0.997962452322598,0.571137272113284
