"Experiment","Run","F1","F2","F3","F4","Count_FP","Correlation","Correlation_FP","MAE","LMP","R2","Count_P","Time","First","Second","Third","FirstM","SecondM","ThirdM"
"P1",20,FALSE,FALSE,FALSE,FALSE,4,0.284507143719764,0.284507143719764,0.0328022608688589,-96.7669448270558,0.999941648429973,4,NA,"troot(x4*x4)","x4*x2","x6",0.939625158414871,0.934901908596761,0.18028092840623
"P2",20,FALSE,FALSE,FALSE,FALSE,2,0.604544956779782,0.604544956779782,0.038678822031371,-96.7669448270559,0.999879862095513,2,NA,"troot(x4*x4)","x4*x2",NA,0.990886311843187,0.990690591188779,NA
"P3",20,TRUE,FALSE,FALSE,FALSE,1,0.462258623933997,-0.075482752132005,0.0316284152271533,-94.5244319535552,0.999963197924944,2,NA,"troot(x6*(x4*x4))","x6",NA,0.999944412679967,0.103155824236523,NA
"P4",20,FALSE,FALSE,FALSE,FALSE,3,0.381478412441251,0.381478412441251,0.0388659654590775,-96.7669448270558,0.999875175256687,3,NA,"troot(x4*x4)","x2*x4","x7",1,0.99995599884885,0.157387083545851
"P5",20,FALSE,FALSE,FALSE,FALSE,5,0.870275492085258,0.870275492085258,NA,-99.877214903911,NA,5,NA,"troot(x4*x4)","x4","x3*x4",0.915719016620848,0.551175224410131,0.529617354028471
