"Experiment","Run","F1","F2","F3","F4","Count_FP","Correlation","Correlation_FP","MAE","LMP","R2","Count_P","Time","First","Second","Third","FirstM","SecondM","ThirdM"
"P5",8,FALSE,FALSE,FALSE,FALSE,12,0.345149155115271,0.345149155115271,0.0510786252006939,578.951739611502,0.996056447067032,12,NA,"troot(x4*x4)","x4","x4*x4",1,0.999999999999923,0.999999999998378
"P1",8,TRUE,FALSE,FALSE,FALSE,2,0.995239780774171,0.992859671161257,0.000816483318609339,687.684548542454,0.999999898750369,3,NA,"troot(x4*(x6*x4))","x4","x6*x4",1,0.952879278239851,0.948200018669247
"P2",8,TRUE,FALSE,FALSE,FALSE,1,0.999999656085019,0.999999312170039,0.00080881736768807,684.777371260963,0.99999991000975,2,NA,"troot(x4*(x6*x4))","troot(x4*x4)","NA",0.997299982071933,0.99722731451639,"NA"
"P3",8,FALSE,FALSE,FALSE,FALSE,8,0.34916877249284,0.34916877249284,0.00757589569424429,608.067551414567,0.999977544094214,8,NA,"x7","(x4*x4)*x2","x7*((x3*x4)*x3)",1,0.999999999997165,0.999999999997165
"P4",8,FALSE,FALSE,FALSE,FALSE,6,0.713033437593343,0.713033437593343,0.00152241474693473,676.629215618837,0.999999822104725,6,NA,"troot(x4)*(x9*troot(x4))","troot(x4)*troot(x4)","(x6*(troot(x4)*troot(x4)))*x7",1,0.999999999993032,0.999999999993032
"P6",8,FALSE,FALSE,FALSE,FALSE,3,0.641504292373729,0.641504292373729,0.00075858841699446,655.967110827332,0.999999906915459,3,NA,"troot((x4*x6)*(x4*x6))","exp_dbl(x6)*troot((x4*x6)*(x4*x6))","x6",0.999999999606424,0.999956138963235,0.483526853935042
