"Experiment","Run","F1","F2","F3","F4","Count_FP","Correlation","Correlation_FP","MAE","LMP","R2","Count_P","Time","First","Second","Third","FirstM","SecondM","ThirdM"
"P5",8,FALSE,FALSE,FALSE,FALSE,10,0.151449567890427,0.151449567890427,0.57826464681781,-258.52311552765,0.935722124051232,10,290.489999999991,"x4","x4*x6","x8",1,0.999999930295695,0.99999345167286
"P1",8,TRUE,FALSE,FALSE,FALSE,1,0.999999656085019,0.999999312170039,0.000806513299780505,684.777371260963,0.999999910964674,2,620.890000000014,"troot(x6*(x4*x4))","troot(x4*x4)","NA",1,0.999888319838581,"NA"
"P2",8,FALSE,TRUE,FALSE,FALSE,5,0.385458437465873,0.262550195467711,0.00227184978000897,678.865577846376,0.999998921948184,6,602.239999999991,"troot((x9*x4)*x4)","x6*troot((x9*x4)*x4)","x5",1,0.999973483687189,0.999973483687179
"P3",8,FALSE,FALSE,FALSE,FALSE,14,0.332443856909722,0.332443856909722,0.0724540205366179,581.478709869556,0.991375603133278,14,658.039999999979,"exp_dbl(troot(x4))","x4*troot(troot(x4))","x4",1,1,1
"P4",8,FALSE,FALSE,FALSE,FALSE,12,0.436870130671034,0.436870130671034,0.0568332124328644,557.658209128413,0.994543117826848,12,606.45000000007,"x6*troot(x4)","x4","x4*x4",1,1,1
"P6",8,FALSE,FALSE,FALSE,FALSE,13,0.366346166199826,0.366346166199826,1.79089206878392,329.174544565515,-4.27097531117645,13,719.410000000033,"x5*((x3*x4)*(x3*x4))","x4*sigmoid(x2*x8)","(x3*x4)*x6",1,1,1
