"Experiment","Run","F1","F2","F3","F4","Count_FP","Correlation","Correlation_FP","MAE","LMP","R2","Count_P","Time","First","Second","Third","FirstM","SecondM","ThirdM"
"P1",27,FALSE,FALSE,FALSE,FALSE,5,0.57441356626177,0.57441356626177,0.0353542067776462,-100.717970320674,0.999905553410951,5,428.928,"troot(x4*x4)","x4","x8*x4",0.999999999162644,0.773079527395018,0.557070453176937
"P2",27,FALSE,FALSE,FALSE,FALSE,4,0.287214162693813,0.287214162693813,0.0389621055620271,-96.7669448270559,0.999875024778553,4,360.689000000002,"troot(x4*x4)","x2*x4","x10",1,0.993987284460637,0.198488117186421
"P3",27,FALSE,FALSE,FALSE,FALSE,3,0.404503775670354,0.404503775670354,0.0389698699434871,-96.7669448270559,0.999871856200969,3,362.706000000006,"troot(x4*x4)","x2*x4","x10",0.99999999999985,0.99999359025048,0.173059837664388
"P4",27,FALSE,FALSE,FALSE,FALSE,5,0.57441356626177,0.57441356626177,0.0358979867478177,-100.717970320674,0.99989808588842,5,355.885999999999,"troot(x4*x4)","x4","x4*x8",1,0.803836186893266,0.597563836014407
"P5",27,FALSE,FALSE,FALSE,FALSE,4,0.527094080073312,0.527094080073312,0.039933438596218,-96.7669448270558,0.999875302277495,4,375.298999999999,"troot(x4*x4)","x4*x2","x2",0.999580759953395,0.968968637176117,0.192311779982084
