"Experiment","Run","F1","F2","F3","F4","Count_FP","Correlation","Correlation_FP","MAE","LMP","R2","Count_P","Time","First","Second","Third","FirstM","SecondM","ThirdM"
"P5",21,FALSE,FALSE,FALSE,FALSE,12,0.436327029415786,0.436327029415786,0.0774971089364823,593.88423524845,0.991025148579064,12,NA,"x4","troot(x4*x4)*(x4*x3)","x4*sigmoid(x6)",1,0.91763330439184,0.91763330439184
"P1",21,FALSE,FALSE,FALSE,FALSE,5,0.78956832380257,0.78956832380257,0.00131337541850666,663.635666479408,0.999999864847531,5,NA,"troot(x4*x4)","x4","troot(x4*x4)*x9",1,1,1
"P2",21,TRUE,FALSE,FALSE,FALSE,3,0.782114114595216,0.709485486126955,0.000897770852855923,687.881431327978,0.999999883976212,4,NA,"x4","troot(x4*(x6*x4))","x4*x7",0.999997574236684,0.999997574236684,0.995161402534323
"P3",21,FALSE,FALSE,FALSE,FALSE,6,0.501573864996699,0.501573864996699,0.00193076921420561,676.915399006157,0.999999704546451,6,NA,"troot(x4*x4)","x5","(troot(x4*x4)*x9)*(x7*x7)",0.999999999999999,0.999999217794703,0.999988617432653
"P4",21,FALSE,FALSE,FALSE,FALSE,9,0.538730609203127,0.538730609203127,0.00173672143176108,640.466600460847,0.99999973308088,9,NA,"(x9*troot(x4))*(x9*troot(x4))","troot(x4)*x4","sin_deg(troot(x4))*troot(x4)",1,1,1
"P6",21,FALSE,FALSE,FALSE,FALSE,7,0.396199168053531,0.396199168053531,0.00130748834068909,662.045767601899,0.99999983171419,7,NA,"troot(x4)*(x9*troot(x4))","x9*(troot(x4)*(x9*troot(x4)))","x1*x4",1,1,1
