"Experiment","Run","F1","F2","F3","F4","Count_FP","Correlation","Correlation_FP","MAE","LMP","R2","Count_P","Time","First","Second","Third","FirstM","SecondM","ThirdM"
"P5",21,FALSE,FALSE,FALSE,FALSE,10,0.406964670959997,0.406964670959997,0.0210533898855544,591.473618563885,0.999540407077538,10,561.850000000035,"troot(troot(x4))","x4","exp_dbl(troot(x4))",1,1,1
"P1",21,FALSE,FALSE,FALSE,FALSE,10,0.498923529503601,0.498923529503601,0.0521577920361001,613.749020802618,0.995683914498234,10,595.320000000007,"x4*x4","x9","(x4*x3)*x4",1,1,1
"P2",21,FALSE,FALSE,FALSE,FALSE,4,0.742223839579643,0.742223839579643,0.00149831464829065,674.956917355921,0.999999798211016,4,583.910000000033,"x9*troot(x4*x4)","troot(x4*x4)","x7*troot(x4*x4)",1,1,0.999999969028554
"P3",21,FALSE,FALSE,FALSE,FALSE,12,0.541058450208584,0.541058450208584,2.07987691243303,503.104826142675,-6.82820039014129,12,587,"x4*x4","troot(troot(x4))","x4",1,1,1
"P4",21,FALSE,FALSE,FALSE,FALSE,15,0.204502431877404,0.204502431877404,57.3457436271319,387.898030954542,-5945.90914048685,15,733.45000000007,"(x4*x10)*x4","troot(x8*x4)*x4","x4",1,1,1
"P6",21,FALSE,FALSE,FALSE,FALSE,7,0.396199168053531,0.396199168053531,0.00130748834068926,662.045767601899,0.99999983171419,7,595.209999999963,"troot(x4)*(x9*troot(x4))","x9*(troot(x4)*(x9*troot(x4)))","x1*x4",1,1,1
