"Experiment","Run","Correlation","MAE","RMSE","LMP","R2","Count_P","Time","First","Second","Third","FirstM","SecondM","ThirdM"
"S1",2,0.862898999508336,3.17324362212225,5.13334954142509,-2327.61948861208,0.73991151105129,15,7690.502,"x1","p0(x8)*x6","x5",1,1,1
"S2",2,0.834909655046973,3.52097359480842,5.87978597480888,-2055.39886068605,0.658773703356649,15,7208.405,"x1","x10*x10","sigmoid(x6)",1,1,1
"S3",2,0.866083445008559,3.13696058139824,5.05055884482893,-2240.13169441479,0.748233276622505,15,7582.363,"x1","x4","x5",1,1,1
"S4",2,0.845090595327477,3.58350898157493,5.40372053502521,-2832.72519452639,0.711792540159845,15,7771.992,"x1","x2","x6",1,1,1
"S5",2,0.859343996367374,3.31867314178425,5.1638144578122,-2101.19775643027,0.736815253512938,14,6953.708,"x1","x11*x5","x6*(x11*x5)",1,1,1
"S6",2,0.840288995024555,3.51140708256498,5.4807205218785,-2760.52695679635,0.703520431326262,15,3091.176,"x1","x13*x7","x5",1,1,1
