"Experiment","Run","F1","F2","F3","F4","Count_FP","Correlation","Correlation_FP","MAE","RMSE","LMP","R2","Count_P","Time","First","Second","Third","FirstM","SecondM","ThirdM"
"S1",23,FALSE,FALSE,FALSE,FALSE,5,0.628232210442299,0.628232210442299,0.000914698403134499,0.00157655464705689,683.955183587773,0.999999916019261,5,1907.387,"troot(x4*x4)","x6*troot(x4*x4)","x9",1,1,0.589834701481166
"S2",23,FALSE,FALSE,FALSE,FALSE,7,0.41479135458395,0.41479135458395,0.00156145082083459,0.00242312369450497,700.057650136979,0.999999801613185,7,2224.825,"troot(x4*x4)","troot(x4*x4)*x9","troot(x4*x4)*x7",1,1,0.999999999999944
"S3",23,FALSE,FALSE,FALSE,FALSE,14,0.528910799312752,0.528910799312752,0.0465595321837414,0.309161582255672,631.799605979524,0.996770519411413,14,2256.512,"sin_deg(x4*x7)*x4","troot(x4)*x4","(x4*x4)*x10",1,1,1
"S4",23,TRUE,FALSE,FALSE,FALSE,9,0.35076186050444,0.278624289449378,0.0016331797188942,0.00309114734556948,736.177659538979,0.999999677149807,10,2298.327,"troot(x4*(x6*x4))","x4*x8","troot(x4*(x6*x4))*troot(x4*x8)",1,1,1
"S5",23,FALSE,FALSE,TRUE,FALSE,5,0.536363991502977,0.443636831464045,0.00164805650216608,0.00252500951596317,667.305364782238,0.99999978457918,6,2189.276,"x7*(troot(x4*x9)*troot(x4*x9))","troot(x4*x9)*troot(x4*x9)","troot(x4*x4)",1,1,1
"S6",23,FALSE,FALSE,FALSE,FALSE,4,0.537075438630361,0.537075438630361,0.000917709733220623,0.00158984321853499,673.695386157929,0.999999914597569,4,2272.132,"(x6*troot(x4))*troot(x4)","troot(x4)*troot(x4)","x9",1,1,0.581584940818915
