"Experiment","Run","F1","F2","F3","F4","Count_FP","Correlation","Correlation_FP","MAE","RMSE","LMP","R2","Count_P","Time","First","Second","Third","FirstM","SecondM","ThirdM"
"S1",9,TRUE,FALSE,FALSE,FALSE,1,0.462258623933997,-0.075482752132005,0.0314380751576187,0.0328054281131251,-94.5244319535552,0.999963637556849,2,2547.528,"troot(x4*(x4*x6))","x6","NA",1,0.111885084489041,"NA"
"S2",9,FALSE,FALSE,FALSE,TRUE,1,0.996429109555188,0.992859297690051,0.0438584307007614,0.0769986765776971,-94.3406692127019,0.999799678226077,2,2748.376,"troot((x7*x4)*x4)","x4","NA",1,0.161340578608756,"NA"
"S3",9,FALSE,FALSE,FALSE,FALSE,7,0.691404075412193,0.691404075412193,0.0483218036176407,0.113930559233621,-100.949257458856,0.999561426795419,7,2849.694,"x4*p0(x4)","x4","x4*troot(x10)",1,1,0.651833381922853
"S4",9,TRUE,FALSE,FALSE,FALSE,2,0.665760237047183,0.498640355570775,0.0313470397981302,0.0340521832599502,-94.5244319535552,0.999960821161218,3,2802.594,"troot(x4*(x4*x6))","x10","x4",1,0.306851538792561,0.103746966991155
"S5",9,FALSE,FALSE,FALSE,FALSE,10,0.380098505753046,0.380098505753046,0.0687759359714749,0.222959512037596,-107.118923837443,0.998320369909842,10,2804.97,"x4","p0(p3(x4))*x4","p3(x4)",1,1,0.938880759224388
"S6",9,FALSE,FALSE,FALSE,TRUE,0,0.999998921420326,NA,0.0446181209547566,0.0763032355812586,-94.3406692127019,0.999803280439969,1,1987.685,"troot((x4*x4)*x7)","NA","NA",1,"NA","NA"
