"Experiment","Run","Correlation","MAE","RMSE","LMP","R2","Count_P","Time","First","Second","Third","FirstM","SecondM","ThirdM"
"S1",11,0.832787395744426,3.46831291393688,6.7374647316027,-960.394068906232,0.551964458914446,15,4865.523,"x10*x6","x6*x6","x13*x10",1,0.999999999995519,0.999996735289273
"S2",11,0.899107171005945,2.79242373698093,4.411391813226,-964.694092402456,0.807925052766842,19,5341.15,"p0(x13)*x9","x6","p0(x6)",1,1,0.999999981557948
"S3",11,0.831672176228879,3.40164429586298,6.70516255542897,-965.575987332613,0.55625029340634,14,6157.01,"x1","x10*p3(x6)","x6*(x13*x10)",1,1,1
"S4",11,0.887097161411098,3.00681803324341,4.66124766026351,-974.093867669378,0.785551104620962,19,4158.335,"x9*x6","x6*x6","x9",1,1,1
"S5",11,0.893903813815324,2.91498092130122,4.52521543425231,-975.111368925908,0.797885265145037,18,3973.263,"x10*x6","x6","x10*troot(x13)",1,1,0.999994843296829
"S6",11,0.894718763005061,2.85212813800703,4.49940354119274,-965.340886928853,0.800184419817028,13,3498.208,"x6","x10","p0(x13)*x10",1,1,1
