"Experiment","Run","F1","F2","F3","F4","Count_FP","Correlation","Correlation_FP","MAE","RMSE","LMP","R2","Count_P","Time","First","Second","Third","FirstM","SecondM","ThirdM"
"S1",7,FALSE,FALSE,FALSE,FALSE,4,0.551592656175278,0.551592656175278,0.038844616877395,0.0602478321816294,-96.7669448270558,0.999877356514201,4,2297.90999999997,"troot(x4*x4)","x4*x2","x10",1,0.980071182100619,0.185785907051642
"S2",7,FALSE,FALSE,FALSE,FALSE,4,0.715723221996778,0.715723221996778,0.0954216353227293,0.344285715435645,-99.5125191073178,0.995995026526842,4,2321.35999999999,"x4","x4*troot(x4)","x4*x10",1,1,0.999999999999998
"S3",7,FALSE,FALSE,FALSE,TRUE,2,0.665759877520625,0.498640355570775,0.0446945441262537,0.0798519919924261,-94.3406692127019,0.999784556624445,3,2125.30299999996,"troot((x4*x7)*x4)","x10","x4",0.999999999990554,0.200616713262616,0.149907431295443
"S4",7,TRUE,FALSE,FALSE,FALSE,2,0.64273487381808,0.46410231072712,0.0318148283674999,0.0331456180532752,-94.5244319535552,0.999962879494736,3,2286.99700000003,"troot((x4*x4)*x6)","x7","x4",1,0.110433166109303,0.100034207066652
"S5",7,FALSE,FALSE,FALSE,FALSE,3,0.985488592981159,0.985488592981159,0.0933790796272689,0.343558479112399,-99.5125191073178,0.996011928105639,3,2252.73199999996,"x4","troot(x4)*x4","x4*x10",1,0.999999902384038,0.976195339479595
"S6",7,FALSE,FALSE,FALSE,TRUE,2,0.639125155659457,0.458688272779023,0.0438539300491622,0.0769967713743867,-94.3406692127019,0.999799688139208,3,2385.91599999997,"troot(x7*(x4*x4))","x4","x6",0.999999999988666,0.14230742407724,0.118912724452432
