"Experiment","Run","F1","F2","F3","F4","Count_FP","Correlation","Correlation_FP","MAE","RMSE","LMP","R2","Count_P","Time","First","Second","Third","FirstM","SecondM","ThirdM"
"S1",4,TRUE,FALSE,FALSE,FALSE,6,0.719813445042623,0.673115685883061,0.00090176789332802,0.00181273311053839,687.881431327976,0.999999888972804,7,1057.636,"troot((x4*x6)*x4)","x4","x4*x7",1,0.999999996490098,0.673494679227744
"S2",4,FALSE,FALSE,FALSE,FALSE,4,0.537075438630361,0.537075438630361,0.000918172441865837,0.00159015866434835,673.695386157929,0.999999914563676,4,1094.69299999997,"troot(x4)*troot(x4)","x6*(troot(x4)*troot(x4))","x9",1,0.99999999089032,0.579757052075366
"S3",4,FALSE,FALSE,FALSE,FALSE,7,0.406196834041075,0.406196834041075,0.00157211058953678,0.0024061841757339,678.327002486858,0.999999804377246,7,934.156000000017,"troot(x4)*troot(x4)","(troot(x4)*troot(x4))*x9","x7*(troot(x4)*troot(x4))",1,1,0.999999999999543
"S4",4,FALSE,FALSE,FALSE,FALSE,6,0.987612048997712,0.987612048997712,0.00219608957647121,0.00444751342800126,600.67240529722,0.999999331661974,6,1129.73200000002,"x4","x7*(troot(x4)*(sigmoid(x7)*troot(x4)))","troot(x4)*(sigmoid(x7)*troot(x4))",1,1,1
"S5",4,FALSE,FALSE,FALSE,FALSE,8,0.203173542037159,0.203173542037159,0.00240511745131514,0.0033011111201956,513.132082318224,0.999999631801578,8,999.230999999971,"troot(x4)*troot(x4)","x9*troot(1+(((x10*x4)*x7)+(x7+((troot(x6*(x10*x4))*troot(x6*(x10*x4)))+(x4*x4)))))","x10",1,1,1
"S6",4,FALSE,TRUE,FALSE,FALSE,7,0.0884205072890489,-0.0418050841634703,0.00445815586407652,0.0193544987377099,670.478572134466,0.999987343154118,8,1146.37299999996,"troot(x4*(x4*x9))","(x6*(troot(x4*(x4*x9))*x8))*x5","x7",1,1,1
