"Experiment","Run","F1","F2","F3","F4","Count_FP","Correlation","Correlation_FP","MAE","RMSE","LMP","R2","Count_P","Time","First","Second","Third","FirstM","SecondM","ThirdM"
"S1",6,FALSE,TRUE,FALSE,FALSE,2,0.664528816420878,0.496793400902976,0.00150588436524989,0.00224832143610594,688.274439086883,0.999999829203708,3,773.128,"x7*(x6*(troot((x4*x9)*x4)*x9))","troot((x4*x9)*x4)","p3(x5)",1,1,0.998712998832179
"S2",6,FALSE,FALSE,FALSE,FALSE,4,0.516812614245192,0.516812614245192,0.000973890639935571,0.0016050958086762,683.748086912524,0.999999912951046,4,750.508,"troot(x4*x4)","x6*troot(x4*x4)","x5",1,0.999999996091363,0.355982370233837
"S3",6,FALSE,FALSE,FALSE,FALSE,3,0.64150431355363,0.64150431355363,0.000984194376760755,0.00164860334530099,673.488289482678,0.999999908168011,3,690.02,"x6*(troot(x4)*troot(x4))","troot(x4)*troot(x4)","x6",1,1,0.129063063684323
"S4",6,FALSE,FALSE,FALSE,FALSE,4,0.516810913741932,0.516810913741932,0.0014417666535381,0.00195374576962659,631.496192350971,0.999999871027316,4,759.269,"exp_dbl(x6)*troot(1+((x4*x4)+x5))","troot(1+((x4*x4)+x5))","x5",1,1,0.906795255803942
"S5",6,FALSE,FALSE,FALSE,FALSE,10,0.624409969170298,0.624409969170298,0.00279526919301955,0.00755311876840916,624.722681651402,0.999998072411781,10,764.414,"(p0(x4)*p0(x4))*troot(x4*x6)","x4*p0(x4)","p0(x4)",1,1,1
"S6",6,FALSE,FALSE,FALSE,FALSE,5,0.400513486281406,0.400513486281406,0.000935309408532879,0.00172692025868323,637.382302197955,0.999999899235813,5,754.327,"x6*troot((x4*x6)*((x4*x6)*x6))","troot((x4*x6)*((x4*x6)*x6))*exp_dbl(x6)","x6",1,0.999999685848756,0.884654458785041
