"Experiment","Run","Correlation","MAE","RMSE","LMP","R2","Count_P","Time","First","Second","Third","FirstM","SecondM","ThirdM"
"S1",1,0.844654045428827,3.56886484857248,5.47067458192573,-3426.17897894042,0.70460630544592,15,7510.786,"x1","x2","x4",1,1,1
"S2",1,0.838702851355806,3.47529842276928,5.91057091040758,-2252.65855188399,0.655191216075107,15,7815.025,"x13","p0(x9)","exp_dbl(x6)",1,1,1
"S3",1,0.835641946922714,3.47553232847514,5.54517838379152,-2658.88514840307,0.696505727181946,15,8037.808,"x1","x9","x5",1,1,1
"S4",1,0.854579597099313,3.25277656344144,5.24345849599352,-2482.27631456429,0.728634191705713,15,7726.671,"x2","x5*x1","x6",1,1,1
"S5",1,0.857709234248805,3.56823819595379,5.25674001848953,-3287.49748018919,0.727257727796117,15,7467.573,"x1","x5","x6",1,1,1
"S6",1,0.80667056282685,3.9460224442962,5.96602184295688,-3324.77963610276,0.648691114011131,15,3294.681,"x1","x4","x5",1,1,1
