"Experiment","Run","F1","F2","F3","F4","Count_FP","Correlation","Correlation_FP","MAE","RMSE","LMP","R2","Count_P","Time","First","Second","Third","FirstM","SecondM","ThirdM"
"S1",8,FALSE,FALSE,FALSE,FALSE,4,0.48252037151739,0.48252037151739,0.00092276173321685,0.00162461108484676,683.81122596715,0.999999910821439,4,911.361000000034,"troot(x4*x4)","x6*troot(x4*x4)","x9",1,1,0.557804739339254
"S2",8,FALSE,FALSE,FALSE,FALSE,10,0.483912560608733,0.483912560608733,0.144354057308737,0.905394843424578,568.585856982097,0.972302685063699,10,1023.93099999998,"x4","(sin_deg(sin_deg(x4))*x4)*x8","troot(x4)",1,1,1
"S3",8,FALSE,TRUE,FALSE,FALSE,5,0.543291549639237,0.451949930075747,0.00157455046872584,0.00255788736040496,685.971717810141,0.99999977893272,6,979.605999999971,"troot((x4*x9)*x4)","x5","sigmoid(x5)",1,0.999999999998466,0.999998091479582
"S4",8,FALSE,FALSE,FALSE,FALSE,7,0.694983549108739,0.694983549108739,0.00178373823424019,0.00279665159162112,676.374201872924,0.99999973573578,7,1070.12400000001,"(troot(x4)*x9)*(troot(x4)*x9)","x7","troot(x4)*troot(x4)",1,1,1
"S5",8,FALSE,FALSE,FALSE,FALSE,7,0.48565155218845,0.48565155218845,0.00179824236780674,0.00327678065463483,677.854494621786,0.999999637209106,7,919.419999999984,"x9*(troot(x4)*troot(x4))","troot(x4)*troot(x4)","(troot(x4)*troot(x4))*(x7*x7)",1,1,0.999999999999998
"S6",8,FALSE,FALSE,FALSE,FALSE,3,0.644250570726447,0.644250570726447,0.00086921586797648,0.00161645506607719,675.186902062726,0.999999911714596,3,1036.02799999999,"troot((x4*x6)*(x4*x6))","troot(x4)*troot(x4)","x1",1,1,0.163340700631582
