"Experiment","Run","F1","F2","F3","F4","Count_FP","Correlation","Correlation_FP","MAE","LMP","R2","Count_P","Time","First","Second","Third","FirstM","SecondM","ThirdM"
"P1",4,FALSE,FALSE,FALSE,FALSE,13,0.706660721694156,0.706660721694156,0.0583388793565651,602.299336312986,0.994309004773073,13,NA,"x4","troot(x4)*x4","troot(x4)",1,1,0.999999999999737
"P2",4,TRUE,FALSE,FALSE,FALSE,2,0.995239780774171,0.992859671161257,0.000825928259557648,687.684548542455,0.999999893605285,3,NA,"troot((x4*x6)*x4)","x4","x4*x6",0.979634207223034,0.979621919544211,0.979474182489556
"P3",4,FALSE,FALSE,FALSE,FALSE,5,0.314599591611576,0.314599591611576,0.000917008505526902,683.81122596715,0.999999911846048,5,NA,"x6*troot(x4*x4)","troot(x4*x4)","x9",1,1,0.524842528456983
"P4",4,FALSE,FALSE,FALSE,FALSE,4,0.537075438630361,0.537075438630361,0.000919469632068458,683.955183587772,0.999999915963948,4,NA,"troot(x4*x4)","troot(x4*x4)*x6","x9",1,0.950815603657493,0.371180635711789
"P5",4,FALSE,FALSE,FALSE,FALSE,6,0.659412675170091,0.659412675170091,0.00151556695667104,685.626222586267,0.999999804931576,6,NA,"troot(x4*x4)","x9*troot(x4*x4)","(troot(x4)*troot(x4))*x7",1,0.859964677228359,0.859964677228359
"P6",4,FALSE,FALSE,FALSE,FALSE,4,0.537075438630361,0.537075438630361,1.18884819407834e+250,683.955183587772,-Inf,4,NA,"troot(x4*x4)","troot(x4*x4)*x6","x9",1,0.999999999526477,0.571805870346252
