"Experiment","Run","F1","F2","F3","F4","Count_FP","Correlation","Correlation_FP","MAE","LMP","R2","Count_P","Time","First","Second","Third","FirstM","SecondM","ThirdM"
"P1",4,FALSE,FALSE,FALSE,FALSE,7,0.55638865768109,0.55638865768109,0.0391999703223286,522.020222282784,0.997511572817762,7,449.873,"(p0(p0(1+(x4+x3))*p0(1+(x4+x3)))*x4)*x6","x4","troot(((p0(1)*x4)*x9)*x4)",1,1,1
"P2",4,FALSE,TRUE,FALSE,FALSE,7,0.725352711444911,0.6861174348718,237.401765954388,556.269236934242,-102826.248196377,8,479.522000000001,"x4*x4","p0(x4*x4)*x4","p3(x4*x5)",1,1,1
"P3",4,FALSE,FALSE,FALSE,FALSE,5,0.314599591611576,0.314599591611576,0.000917008505526902,683.81122596715,0.999999911846048,5,372.594999999994,"x6*troot(x4*x4)","troot(x4*x4)","x9",1,1,0.524842528456983
"P4",4,FALSE,FALSE,FALSE,FALSE,6,0.513939731114874,0.513939731114874,0.000957818854362552,683.955183587772,0.999999915123302,6,393.139000000003,"troot(x4*x4)","troot(x4*x4)*x6","x5",1,0.8616471922672,0.530883368255996
"P5",4,FALSE,FALSE,FALSE,FALSE,4,0.485227390491439,0.485227390491439,0.000925694089472886,683.81122596715,0.999999911748003,4,421.392999999996,"troot(x4*x4)*x6","troot(x4*x4)","x9",1,1,0.453653930769483
"P6",4,FALSE,FALSE,FALSE,FALSE,10,NA,NA,4.09782617845368e+297,574.496212519064,-Inf,10,450.373999999996,"p3(p0(x4))","x4","((x3*x4)*x4)*troot(x4)",1,1,1
