"Experiment","Run","F1","F2","F3","F4","Count_FP","Correlation","Correlation_FP","MAE","RMSE","LMP","R2","Count_P","Time","First","Second","Third","FirstM","SecondM","ThirdM"
"S1",10,FALSE,FALSE,FALSE,TRUE,1,0.996429109555188,0.992859297690051,0.0438506824564296,0.0769952891569775,-94.3406692127019,0.999799695851295,2,2277.49900000001,"troot((x4*x4)*x7)","x4","NA",0.999999751238379,0.161568783982861,"NA"
"S2",10,FALSE,FALSE,FALSE,TRUE,0,0.999998921420326,NA,0.0449732896459173,0.0762922824464676,-94.3406692127019,0.999803336913097,1,2156.34100000001,"troot(x7*(x4*x4))","NA","NA",1,"NA","NA"
"S3",10,FALSE,FALSE,FALSE,FALSE,3,0.985488592981159,0.985488592981159,0.0932296304139095,0.342774759760791,-99.5125191073179,0.996030102386635,3,2298.05099999998,"x4","x4*troot(x4)","x4*x10",1,1,0.984602086240616
"S4",10,FALSE,FALSE,FALSE,TRUE,1,0.996429109555188,0.992859297690051,0.0438560537808792,0.0770027467487647,-99.4705679276249,0.99979965704739,2,2432.76500000001,"troot(x4*x4)*troot(x7)","x4","NA",1,0.161560367494923,"NA"
"S5",10,FALSE,FALSE,FALSE,FALSE,3,0.371839007534399,0.371839007534399,0.0401640312007815,0.0627264895288041,-101.896843541979,0.99986705757332,3,2101.71600000001,"troot(x4)*troot(x4)","x4*x2","x2",0.999999999999992,0.999999997851689,0.181487351611734
"S6",10,FALSE,FALSE,FALSE,TRUE,1,0.996429109555188,0.992859297690051,0.0439229461071917,0.0771267460909257,-94.3406692127019,0.999799011293894,2,2233.79999999999,"troot((x4*x7)*x4)","x4","NA",1,0.161325395294463,"NA"
