"Experiment","Run","F1","F2","F3","F4","Count_FP","Correlation","Correlation_FP","MAE","RMSE","LMP","R2","Count_P","Time","First","Second","Third","FirstM","SecondM","ThirdM"
"S1",14,FALSE,FALSE,FALSE,FALSE,4,0.479962657327061,0.479962657327061,0.001370267961118,0.00211300038296905,679.85491006923,0.999999849144625,4,2392.834,"(troot(((x7*x4)*x7)*x4)*x9)*x6","troot(((p0(1)*x4)*x9)*x4)","x2*(x1*x4)",1,1,0.999999816225628
"S2",14,FALSE,FALSE,FALSE,FALSE,6,0.517560521539111,0.517560521539111,0.00154777700567762,0.0024074939907001,684.66795399221,0.999999804164212,6,1797.773,"troot(x4)*troot(x4)","x7*(troot(x4)*troot(x4))","(troot(x4)*troot(x4))*x9",1,1,1
"S3",14,FALSE,FALSE,FALSE,FALSE,5,0.592525122582957,0.592525122582957,0.00154832272281337,0.00240471902719514,700.057650136979,0.999999804615407,5,2091.99,"troot(x4*x4)*x9","troot(x4*x4)","x7*troot(x4*x4)",1,1,1
"S4",14,FALSE,FALSE,FALSE,FALSE,5,0.828519361314341,0.828519361314341,0.00128428037814564,0.00176375778999825,684.235139419477,0.999999894891092,5,1805.962,"troot(x4*x4)","x5","troot(x4*x4)*x9",1,0.706315728588302,0.515036588162565
"S5",14,FALSE,FALSE,FALSE,FALSE,4,0.537075438630361,0.537075438630361,0.000917404459754077,0.00158981746205645,683.955183587772,0.999999914600336,4,2398.72,"x6*troot(x4*x4)","troot(x4*x4)","x9",1,1,0.579395312248942
"S6",14,TRUE,FALSE,FALSE,FALSE,4,0.362551260170622,0.203189075213278,0.00163172444650313,0.00713864404783342,677.708491696211,0.999998278158819,5,1834.308,"troot((x4*x6)*x4)","x3*x4","x6*(x3*x4)",1,0.943081803080577,0.904593795478316
