"Experiment","Run","F1","F2","F3","F4","Count_FP","Correlation","Correlation_FP","MAE","LMP","R2","Count_P","Time","First","Second","Third","FirstM","SecondM","ThirdM"
"P1",20,FALSE,FALSE,FALSE,TRUE,2,0.63309510938467,0.449643203366842,0.0461232651099624,-94.3406692127019,0.999783812233065,3,NA,"troot((x4*x7)*x4)","x2","x4",0.995546900390147,0.215933059163743,0.128459380902086
"P2",20,FALSE,FALSE,FALSE,TRUE,1,0.996429109555188,0.992859297690051,0.0427996775372116,-94.3406692127019,0.999822935218502,2,NA,"troot(x4*(x4*x7))","x4","NA",0.913607233859499,0.153365525075869,"NA"
"P3",20,FALSE,FALSE,FALSE,TRUE,1,0.996429109555188,0.992859297690051,0.0434518772385,-94.3406692127019,0.999810155285822,2,NA,"troot(x4*(x7*x4))","x4","NA",0.992646679743666,0.166904771396615,"NA"
"P4",20,TRUE,FALSE,FALSE,FALSE,0,1,NA,0.0312385316714731,-94.5244319535552,0.999966331370672,1,NA,"troot((x4*x6)*x4)","NA","NA",0.89681867509843,"NA","NA"
"P5",20,TRUE,FALSE,FALSE,TRUE,2,0.724821332038503,0.449643203366842,0.0373158020944061,-94.3406692127019,0.999920684143739,4,NA,"troot((x7*x4)*x4)","troot((x6*x4)*x4)","x2",0.545808881853988,0.454185697789527,0.140393849922521
"P6",20,FALSE,FALSE,FALSE,FALSE,6,0.694996184325757,0.694996184325757,0.030553503794495,-96.7669448270558,0.999960111136991,6,NA,"troot(x4*x4)","x4*x2","x4",0.85423930271381,0.838480032061494,0.215863358989667
