"Experiment","Run","F1","F2","F3","F4","Count_FP","Correlation","Correlation_FP","MAE","RMSE","LMP","R2","Count_P","Time","First","Second","Third","FirstM","SecondM","ThirdM"
"S1",28,FALSE,FALSE,FALSE,FALSE,6,0.477904508460273,0.477904508460273,0.00154809217716154,0.00243575394531951,678.263597506423,0.999999799539659,6,683.983,"(troot(x4)*troot(x4))*x7","x9*(troot(x4)*troot(x4))","troot(x4)*troot(x4)",1,1,1
"S2",28,TRUE,FALSE,FALSE,FALSE,2,0.995239780774171,0.992859671161257,0.000822947370000714,0.00177116715851317,682.554649827532,0.999999894006133,3,760.08,"troot(((x4*x6)*x4))","x4","x4*x6",1,0.972125950477247,0.971191664540958
"S3",28,FALSE,FALSE,FALSE,FALSE,4,0.740209812033418,0.740209812033418,0.00176646602106733,0.00267168508584091,692.722050182157,0.999999758825066,4,764.3,"troot(x4*x4)","troot(x4*x4)*x9","x7*troot(x4*x4)",1,1,1
"S4",28,FALSE,FALSE,FALSE,FALSE,4,0.537075438630361,0.537075438630361,4.68685218294446e+268,Inf,673.695386157928,-Inf,4,882.263,"troot(x4)*troot(x4)","x6*(troot(x4)*troot(x4))","x9",1,1,0.581584939024445
"S5",28,FALSE,FALSE,FALSE,FALSE,5,0.975945874197084,0.975945874197084,0.00286914478267391,0.00885134922537549,601.870017910425,0.999997352837586,5,753.214,"x4","(x9*x4)*x4","troot(x4*x6)*troot(x4*x6)",1,1,1
"S6",28,FALSE,FALSE,FALSE,FALSE,3,0.641494117379427,0.641494117379427,0.00158072237900305,0.00321392032129612,633.379132566208,0.999999650994841,3,824.791,"troot(x4)*(troot(x4)*x6)","x6*(troot(x4)*(troot(x4)*x6))","x6",1,1,0.999002946239804
