"Experiment","Run","F1","F2","F3","F4","Count_FP","Correlation","Correlation_FP","MAE","RMSE","LMP","R2","Count_P","Time","First","Second","Third","FirstM","SecondM","ThirdM"
"S1",20,FALSE,FALSE,FALSE,TRUE,1,0.321457696704322,-0.357083528011682,0.0435659175590875,0.0722441189192627,-94.3406692127019,0.99982365358567,2,2587.078,"troot(x7*(x4*x4))","x3","NA",0.926175136559708,0.112285549788793,"NA"
"S2",20,FALSE,FALSE,FALSE,TRUE,2,0.63309510938467,0.449643203366842,0.0464361196019225,0.081541744880586,-94.3406692127019,0.999775342130043,3,2759.439,"troot((x7*x4)*x4)","x2","x4",1,0.228082331978764,0.124626213610356
"S3",20,FALSE,FALSE,FALSE,FALSE,2,0.604544956779782,0.604544956779782,0.0389497273187559,0.0601659307140043,-96.7669448270558,0.999877689732964,2,2824.682,"troot(x4*x4)","x4*x2","NA",0.999663711978467,0.992472808548562,"NA"
"S4",20,TRUE,FALSE,FALSE,FALSE,1,0.453213554521817,-0.0935728909563669,0.0340395707131649,0.044345449811099,-94.5244319535552,0.999933555388757,2,2793.866,"troot((x4*x6)*x4)","x2","NA",0.999999999999999,0.40472939241212,"NA"
"S5",20,FALSE,TRUE,FALSE,FALSE,4,0.322261403365217,0.15282684234235,0.0461345999292917,0.0817593211732903,-101.881380727833,0.999774141629866,5,2761.065,"troot(x9*(x4*x4))","x4*x3","x4",1,0.613129463063408,0.282671239651425
"S6",20,FALSE,FALSE,FALSE,TRUE,2,0.183114167484092,-0.225328209484025,0.0449802086464338,0.0762991672763963,-99.4705679276249,0.999803301416636,3,2108.852,"troot(x7)*troot(x4*x4)","x2","x3",0.999391065620132,0.253450191690267,0.118060530679347
