"Experiment","Run","Correlation","RMSE","MAE","LMP","R2","Count_P","Time","First","Second","Third","FirstM","SecondM","ThirdM"
"P1",3,0.853009274999175,5.8586639618469,3.15922419372717,-969.637927273249,0.661220881097211,18,NA,"x10","x9","x1",1.56597193374464,1.299930764666,1.1766315921951
"P2",3,0.884845871206258,4.85791778660341,2.90509418861771,-965.28799245686,0.767073029487224,16,NA,"x10","x6","x8",1.60069465380172,1.56244101763668,1.15887527588946
"P3",3,0.809997674548357,7.12875098941064,3.70135568599184,-971.798631601694,0.498412913961905,13,NA,"x6","x1","x11",1.8430026993789,1.76059247661082,1.19382908852691
"P4",3,0.815242016112526,7.5456206552065,3.68099919761988,-967.815878520125,0.43803483865016,13,NA,"x10","x1","x11",1.67377534411551,1.64774352069481,1.57703540132092
"P5",3,0.894904548358303,4.49554937678754,2.85604691546314,-965.340886928853,0.800526595062487,11,NA,"x6","x1","x9",1.45718351296203,1.36209849558619,1.29559292696817
"P6",3,0.894718750943408,4.4994037543831,2.85212747130185,-965.340886928853,0.800184400881737,11,NA,"x13","x1","x6*x10",1.33217733706227,1.32832007079347,1.00005479376727
