"Experiment","Run","F1","F2","F3","F4","Count_FP","Correlation","Correlation_FP","MAE","LMP","R2","Count_P","Time","First","Second","Third","FirstM","SecondM","ThirdM"
"P1",8,FALSE,FALSE,FALSE,FALSE,10,0.256207011541178,0.256207011541178,0.252406311338776,-109.870768060867,0.937229680260563,10,499.316,"p3(x4)*x2","x4","x4*x10",1,1,1
"P2",8,FALSE,FALSE,FALSE,TRUE,2,0.63309510938467,0.449643203366842,0.0464326939457122,-94.3406692127019,0.999775378823308,3,423.338,"troot((x7*x4)*x4)","x2","x4",1,0.227898841720095,0.124644565279995
"P4",8,FALSE,FALSE,FALSE,FALSE,4,0.910694223191921,0.910694223191921,0.072846817492311,-100.061923553727,0.997345606457603,4,372.515999999996,"x4*p0(x4)","x4","x3*(x4*x10)",1,0.999995281654141,0.873211976891227
"P5",8,FALSE,FALSE,FALSE,FALSE,3,0.995239401024006,0.995239401024006,0.0446011247199306,-105.850307972382,0.999820572875016,3,467.228000000003,"troot(x4)*troot(x4)","x4","x4*x9",0.999999999999356,0.99699334057371,0.991551208158044
"P6",8,FALSE,FALSE,FALSE,FALSE,3,0.995239401024006,0.995239401024006,0.0448539332358392,-105.850307972382,0.999817013654004,3,376.330000000002,"troot(x4)*troot(x4)","x4","x9*x4",0.99999999999978,0.997844343463376,0.992026134161797
