"Experiment","Run","F1","F2","F3","F4","Count_FP","Correlation","Correlation_FP","MAE","RMSE","LMP","R2","Count_P","Time","First","Second","Third","FirstM","SecondM","ThirdM"
"S1",24,FALSE,FALSE,FALSE,FALSE,4,0.568021232906383,0.568021232906383,0.0710135790551551,0.246369272146993,-99.877214903911,0.997949146128929,4,771.802,"x4*x3","troot(x4*x4)","x2",0.999997688332957,0.99804287785557,0.164456003668282
"S2",24,TRUE,FALSE,FALSE,FALSE,1,0.50221070672575,0.00442141345149907,0.0311644354661416,0.0340910124114698,-94.5244319535552,0.999960731760288,2,759.231,"troot(x4*(x6*x4))","x10","NA",0.999999999999989,0.263944762970924,"NA"
"S3",24,FALSE,TRUE,FALSE,FALSE,2,0.788552719289514,0.682829255205929,0.0363373354310451,0.0424273870231914,-101.881380727833,0.999939178908854,3,730.982,"troot((x4*x4)*x9)","x3*x4","x4",1,0.809431765412008,0.281426927540158
"S4",24,FALSE,FALSE,FALSE,FALSE,4,0.740221798098744,0.740221798098744,0.0947260845488218,0.343149492668381,-99.5125191073179,0.996021417590522,4,823.16,"x4","x4*troot(x4)","x4*x10",1,1,0.99999999969121
"S5",24,TRUE,FALSE,FALSE,FALSE,0,1,NA,0.0322754071004751,0.033271390640615,-94.5244319535552,0.999962597249291,1,738.859,"troot(x4*(x4*x6))","NA","NA",1,"NA","NA"
"S6",24,FALSE,FALSE,FALSE,FALSE,3,0.371839007534399,0.371839007534399,0.0402283014003784,0.0618809193379432,-101.896843541979,0.999870617615678,3,757.416,"troot(x4)*troot(x4)","x2*x4","x2",1,0.999999999999997,0.231312056833893
