"Experiment","Run","F1","F2","F3","F4","Count_FP","Correlation","Correlation_FP","MAE","RMSE","LMP","R2","Count_P","Time","First","Second","Third","FirstM","SecondM","ThirdM"
"S1",15,FALSE,FALSE,FALSE,FALSE,6,0.495761152409245,0.495761152409245,0.001571265145007,0.0023333319055113,695.312635688231,0.999999816043696,6,1041.82300000003,"troot(x4*x4)","x7*troot(x4*x4)","x9*troot(x4*x4)",1,1,1
"S2",15,TRUE,FALSE,FALSE,FALSE,4,0.600958891463023,0.501198618025275,0.00146924779138939,0.00225473637601938,671.716965893096,0.999999828227681,5,1112.18599999999,"troot(1+(x4*(x6*x4)))","x4","x6*x4",1,0.999999999999915,0.999999999999863
"S3",15,FALSE,FALSE,FALSE,TRUE,10,0.431183488649088,0.374301945371964,0.00237175851683525,0.00528524422673706,663.969691000843,0.999999056174391,11,1045.63900000002,"troot(x4*(x7*x4))*x6","x9*(x7*x4)","x9*x4",1,1,1
"S4",15,FALSE,TRUE,FALSE,FALSE,4,0.359557822252332,0.199447365951244,0.00190835520107047,0.00498666630467944,687.434398200034,0.999999159800826,5,1112.68300000002,"troot((x4*x9)*x4)","x1*x4","x7",1,1,1
"S5",15,FALSE,TRUE,FALSE,FALSE,6,0.159017514697992,0.0188538259048773,0.00303214764646987,0.00996399893614866,688.86961880933,0.99999664549085,7,1030.05099999998,"troot(x4*(x4*x9))","troot(x4*(x4*x9))*x8","x5",1,1,1
"S6",15,FALSE,TRUE,FALSE,FALSE,6,0.409286495635436,0.310834303667263,0.0014155925246187,0.00199611189330259,673.062139427176,0.999999865373238,7,1005.84299999999,"troot(x4)*troot(1+(x4*x9))","troot(x4*((x4*x6)*x7))*x6","x5",1,1,0.999836916038231
