"Experiment","Run","F1","F2","F3","F4","Count_FP","Correlation","Correlation_FP","MAE","RMSE","LMP","R2","Count_P","Time","First","Second","Third","FirstM","SecondM","ThirdM"
"S1",26,FALSE,FALSE,FALSE,FALSE,2,0.994005128830536,0.994005128830536,0.0600084947062588,0.0970767416427211,-26.9973496849291,0.999681586100305,2,2571.765,"sigmoid(pm05(x6*x4))","x4","NA",1,0.999991462830831,"NA"
"S2",26,FALSE,FALSE,FALSE,FALSE,1,0.99999974420151,0.99999974420151,0.0764721334068748,0.379534462534467,-24.0166299391974,0.995132969479739,1,2545.18,"x9*troot(x4*x4)","NA","NA",1,"NA","NA"
"S3",26,FALSE,FALSE,FALSE,FALSE,2,0.982068314829844,0.982068314829844,0.155173872464328,0.249090451523785,-28.2364995747419,0.997903592061233,2,2548.137,"x4","troot(x4)*x9","NA",0.932785523285501,0.900416983844031,"NA"
"S4",26,FALSE,FALSE,FALSE,FALSE,1,0.99999974420151,0.99999974420151,0.0627229476945176,0.308514345661658,-24.0166299391974,0.996784027234874,1,2525.552,"x9*troot(x4*x4)","NA","NA",0.930941139589371,"NA","NA"
"S5",26,TRUE,FALSE,FALSE,FALSE,0,1,NA,0.00185065430651477,0.00888866319653358,-20.5220457792714,0.999997330471653,1,2789.267,"troot(x6*(x4*x4))","NA","NA",1,"NA","NA"
"S6",26,FALSE,FALSE,FALSE,FALSE,2,0.996429304930045,0.996429304930045,0.12418235306731,0.650941908106927,-26.7809518466237,0.985683195284176,2,2555.199,"troot(x4*x4)","x4","NA",1,0.144045997055879,"NA"
