"Experiment","Run","F1","F2","F3","F4","Count_FP","Correlation","Correlation_FP","MAE","LMP","R2","Count_P","Time","First","Second","Third","FirstM","SecondM","ThirdM"
"P1",14,FALSE,FALSE,FALSE,FALSE,12,0.538330385293023,0.538330385293023,4.03755790118031,559.031708005356,-28.4943585834785,12,374.627,"troot(troot(x4))","x4","troot(x4)",1,1,1
"P2",14,FALSE,FALSE,FALSE,FALSE,7,0.697378558288642,0.697378558288642,0.00564460804695144,636.722264856732,0.999968789902912,7,417.148999999998,"p3(x7)","troot(x4*x4)","x4*x7",1,1,1
"P3",14,FALSE,FALSE,FALSE,FALSE,12,0.661346541862555,0.661346541862555,0.00576048358485728,607.791397851963,0.999974282559644,12,475.222999999998,"p3(p0(x4))*x4","p0(x4)*x4","p0(x9)*x4",1,1,1
"P4",14,FALSE,FALSE,FALSE,FALSE,12,0.606758192710812,0.606758192710812,1.38570629267694,609.78320223228,-2.48803625373922,12,426.898999999998,"x4*x4","x9","x4",1,1,1
"P5",14,FALSE,TRUE,FALSE,FALSE,6,0.369862953436354,0.264840171101009,2.37653301137765e+295,554.100727009502,-Inf,7,373.375999999989,"x4*x8","(x4*x8)*troot(x4)","troot(1+(p0(x3)+((x9*x4)*x4)))",1,1,1
"P6",14,TRUE,FALSE,FALSE,FALSE,1,0.686399606360904,0.372799212721808,0.00109037594831215,676.299809114571,0.999999704621523,2,355.159,"troot(x4*(x6*x4))","x4*x3","NA",1,1,"NA"
