"Experiment","Run","F1","F2","F3","F4","Count_FP","Correlation","Correlation_FP","MAE","LMP","R2","Count_P","Time","First","Second","Third","FirstM","SecondM","ThirdM"
"P1",2,FALSE,FALSE,FALSE,FALSE,2,0.982401464192023,0.982401464192023,8.9012014106987e+254,-Inf,-Inf,2,NA,"x4","troot(x4)","NA",1,0.999998942197121,"NA"
"P2",2,FALSE,FALSE,FALSE,FALSE,2,0.982401464192023,0.982401464192023,0.228398565716745,-Inf,0.990207085047705,2,NA,"x4","troot(x4)","NA",1,0.998857683994531,"NA"
"P3",2,FALSE,FALSE,FALSE,FALSE,2,0.994020528242907,0.994020528242907,0.14117284766896,-Inf,0.989459517800149,2,NA,"x4","x4*pm05(x4)","NA",1,0.999688379984019,"NA"
"P4",2,FALSE,FALSE,FALSE,FALSE,4,0.834400363318973,0.834400363318973,0.13820352395797,-Inf,0.99620105958011,4,NA,"troot(x4)","x4","troot(x4)*troot(x4)",0.549482833869804,0.502836695952053,0.449473208865638
"P5",2,FALSE,FALSE,FALSE,FALSE,9,0.379860988027014,0.379860988027014,0.180013147809161,-Inf,0.987423646287901,9,NA,"x4","x4*x4","p3(x4)",0.99890055635511,0.998836920917467,0.421323539292907
"P6",2,FALSE,FALSE,FALSE,FALSE,3,0.979987047971655,0.979987047971655,0.177793678162253,-Inf,0.997241070970928,3,NA,"x9*x4","troot(x4)","x4*x4",0.999995304849589,0.999995304847938,0.212210960767861
