"Experiment","Run","F1","F2","F3","F4","Count_FP","Correlation","Correlation_FP","MAE","LMP","R2","Count_P","Time","First","Second","Third","FirstM","SecondM","ThirdM"
"P1",2,FALSE,FALSE,FALSE,FALSE,8,0.494263261374751,0.494263261374751,0.178243563365562,-44.9247576029262,0.988946093627523,8,2.482,"x4","p3(x4)","x4*x10",1,1,0.790265897821457
"P2",2,FALSE,FALSE,FALSE,FALSE,2,0.984008608849547,0.984008608849547,0.257698500058147,-38.349774074753,0.96299116144737,2,3.282,"x4","x4*x4","NA",1,0.999997156294137,"NA"
"P3",2,FALSE,FALSE,FALSE,FALSE,7,0.540909480789818,0.540909480789818,0.234158966896279,-38.349774074753,0.970541246713363,7,3.035,"x4","x4*x4","p3(x4)",1,0.999618159750553,0.308659715554935
"P4",2,FALSE,FALSE,FALSE,FALSE,3,0.982568781881533,0.982568781881533,0.28969686760719,-37.7513785337014,0.977080918632668,3,2.375,"x4","x4*x10","troot(x4*x10)",1,1,1
"P5",2,FALSE,FALSE,FALSE,FALSE,5,0.210975299505962,0.210975299505962,0.342704599456208,-44.4403249395587,0.918845925886403,5,2.313,"p3(x2)*p3(x4)","x9*x4","x10",1,1,0.622273674295255
"P6",2,FALSE,FALSE,FALSE,FALSE,4,0.508113772638257,0.508113772638257,0.304867658638715,-46.0447515714115,0.95076020372713,4,2.4,"x4","p3(x4)","x6",1,1,0.583185665345926
