"Experiment","Run","F1","F2","F3","F4","Count_FP","Correlation","Correlation_FP","MAE","RMSE","LMP","R2","Count_P","Time","First","Second","Third","FirstM","SecondM","ThirdM"
"S1",4,FALSE,FALSE,FALSE,FALSE,2,0.604544956779782,0.604544956779782,0.0375453619917754,0.0510753907393816,-101.896843541979,0.999911857567562,2,2132.51199999999,"troot(x4)*troot(x4)","x4*x2","NA",1,0.957423989865856,"NA"
"S2",4,TRUE,FALSE,FALSE,TRUE,0,0.999999460710163,NA,0.0354629864906386,0.0428637686184307,-94.3406692127019,0.999937921339167,2,2331.973,"troot(x7*(x4*x4))","troot(x6*(x4*x4))","NA",0.513490796338099,0.486509215784712,"NA"
"S3",4,FALSE,FALSE,FALSE,FALSE,5,0.569116245224947,0.569116245224947,0.0414254436658369,0.0680221061981316,-100.717970320674,0.999843662995648,5,2302.679,"troot(x4*x4)","x4*x6","x4",1,1,0.982099164085119
"S4",4,FALSE,FALSE,FALSE,TRUE,1,0.502210167435913,0.00442141345149907,0.0453757484991179,0.0796000831228237,-94.3406692127019,0.999785913797631,2,2287.03399999999,"troot(x7*(x4*x4))","x10","NA",0.999999977514211,0.218462961701544,"NA"
"S5",4,FALSE,FALSE,FALSE,TRUE,2,0.215778935620048,-0.176331057280092,0.0450620765241816,0.0785478947782439,-94.3406692127019,0.99979153615913,3,2225.82500000001,"troot((x7*x4)*x4)","x10","x3",1,0.195254812656236,0.104521674170014
"S6",4,FALSE,FALSE,FALSE,TRUE,2,0.63309510938467,0.449643203366842,0.0446122325069723,0.0762858384489086,-94.3406692127019,0.999803370133834,3,2419.66000000003,"troot(x7*(x4*x4))","x2","x4",0.999988533671053,0.199988782885276,0.109489672115371
