"Experiment","Run","F1","F2","F3","F4","Count_FP","Correlation","Correlation_FP","MAE","RMSE","LMP","R2","Count_P","Time","First","Second","Third","FirstM","SecondM","ThirdM"
"S1",28,FALSE,FALSE,FALSE,FALSE,4,0.537075438630361,0.537075438630361,0.00092004917932617,0.001582039753315,683.955183587773,0.999999915433877,4,929.398999999976,"troot(x4*x4)*x6","troot(x4*x4)","x9",1,1,0.559428414540455
"S2",28,FALSE,TRUE,FALSE,FALSE,4,0.378894845872189,0.223618645478156,0.00228148130846816,0.00471652776958257,664.751774095068,0.999999248365982,5,1088.57400000002,"x5*x5","troot(1+((x9*x4)*x4))","x6",0.999999194015876,0.997396509582513,0.958006673748158
"S3",28,FALSE,FALSE,FALSE,FALSE,15,0.550944880633584,0.550944880633584,0.0441261787661481,0.313495418079841,589.523279418,0.996679342901067,15,964.004999999946,"x4*x4","x5","x2*(x4*x4)",1,1,1
"S4",28,FALSE,FALSE,FALSE,FALSE,10,0.515438456779578,0.515438456779578,0.00206141619394265,0.0042114212649754,673.455430995666,0.999999400734871,10,1053.81800000003,"troot(x4)*troot(x4)","(troot(x4)*troot(x4))*x9","x5",1,1,0.999999999985737
"S5",28,FALSE,FALSE,FALSE,TRUE,6,0.410596535082289,0.312362804025949,0.00641939055068444,0.0370241058768217,660.765593428372,0.999953684026764,7,1120.98100000003,"troot(x7*(x4*x4))*x9","troot(x7*(x4*x4))","troot(x7)*troot(x7*(x4*x4))",1,1,1
"S6",28,FALSE,FALSE,FALSE,FALSE,5,0.142933630129394,0.142933630129394,0.00241553049626424,0.0033500373520237,540.650385822559,0.999999620806456,5,1049.82699999999,"sigmoid(x6)*troot(1+(((x4*x4)*exp_dbl(x4))+(x2+((x4*x4)+troot(x4)))))","troot(x2)","x5",1,0.998110110557024,0.997647706159238
