"Experiment","Run","F1","F2","F3","F4","Count_FP","Correlation","Correlation_FP","MAE","LMP","R2","Count_P","Time","First","Second","Third","FirstM","SecondM","ThirdM"
"P1",34,FALSE,FALSE,FALSE,FALSE,3,0.377869053809186,0.377869053809186,0.0370055173510849,-96.7669448270558,0.999884443387536,3,NA,"troot(x4*x4)","x2*x4","x6",0.996855907942553,0.968742607277076,0.142274183551804
"P3",34,TRUE,FALSE,FALSE,FALSE,2,0.313255579071896,-0.0301166313921558,0.0311011511049522,-94.5244319535552,0.999959890741993,3,NA,"troot((x6*x4)*x4)","x10","x7",0.997446600527251,0.274831062849864,0.110820084899328
"P4",34,TRUE,FALSE,FALSE,FALSE,0,1,NA,0.0322343870458316,-94.5244319535552,0.999962659215385,1,NA,"troot(x4*(x4*x6))",NA,NA,0.995553966960597,NA,NA
