"Experiment","Run","F1","F2","F3","F4","Count_FP","Correlation","Correlation_FP","MAE","LMP","R2","Count_P","Time","First","Second","Third","FirstM","SecondM","ThirdM"
"P1",26,FALSE,FALSE,FALSE,FALSE,5,0.41236235657636,0.41236235657636,0.0330761496678523,-96.7669448270558,0.999943296071526,5,NA,"troot(x4*x4)","x2*x4","x6",0.940652243916406,0.897037504303684,0.17470209261638
"P2",26,TRUE,FALSE,FALSE,TRUE,1,0.635475343487986,-0.0935728909563669,0.0378048591937861,-94.3406692127019,0.99992001296814,3,NA,"troot((x4*x7)*x4)","troot(x4*(x6*x4))","x2",0.544590566229525,0.45392906638527,0.164014428215694
"P4",26,FALSE,FALSE,FALSE,FALSE,4,0.262715586591847,0.262715586591847,0.0365438500049952,-96.7669448270559,0.999929280847124,4,NA,"troot(x4*x4)","x2*x4","x2",0.881356229574732,0.864765239353645,0.178992890720873
