"Experiment","Run","F1","F2","F3","F4","Count_FP","Correlation","Correlation_FP","MAE","LMP","R2","Count_P","Time","First","Second","Third","FirstM","SecondM","ThirdM"
"P1",26,FALSE,FALSE,FALSE,FALSE,4,0.267238121297937,0.267238121297937,0.0373288736329765,-96.7669448270558,0.99988110672562,4,393.902999999998,"troot(x4*x4)","x2*x4","x6",1,0.971846486545583,0.189258529873819
"P2",26,FALSE,FALSE,FALSE,FALSE,2,0.604544956779782,0.604544956779782,0.0390281052810997,-101.896843541979,0.999874233401253,2,401.989999999998,"x2*x4","troot(x4)*troot(x4)",NA,1,1,NA
"P4",26,FALSE,FALSE,FALSE,FALSE,3,0.985488592981159,0.985488592981159,0.0930656484414593,-99.5125191073179,0.996056242052482,3,355.589,"x4*troot(x4)","x4","x10*x4",1,1,0.99999999983465
