"Experiment","Run","F1","F2","F3","F4","Count_FP","Correlation","Correlation_FP","MAE","LMP","R2","Count_P","Time","First","Second","Third","FirstM","SecondM","ThirdM"
"P1",26,FALSE,FALSE,FALSE,FALSE,3,0.985488592981159,0.985488592981159,0.0929327528713923,-99.5125191073178,0.99605871100763,3,398.130000000001,"x4","x4*x10","x4*troot(x4)",1,0.999988052848875,0.999753687810928
"P2",26,TRUE,FALSE,FALSE,FALSE,1,0.453213554521817,-0.0935728909563669,0.0335204737643518,-94.5244319535552,0.999940935346023,2,359.951999999997,"troot(x4*(x6*x4))","x2",NA,1,0.361199685743906,NA
"P4",26,FALSE,FALSE,FALSE,TRUE,1,0.467672149080886,-0.0646546762358107,0.0452717905060359,-99.3843379050409,0.999805090362438,2,369.510999999999,"troot(1+(x7*(x4*x4)))","x7",NA,1,0.100414449165223,NA
