"Experiment","Run","F1","F2","F3","F4","Count_FP","Correlation","Correlation_FP","MAE","RMSE","LMP","R2","Count_P","Time","First","Second","Third","FirstM","SecondM","ThirdM"
"S1",31,FALSE,FALSE,FALSE,FALSE,4,0.534323633753451,0.534323633753451,0.0388763064427059,0.0600722919204507,-96.7669448270558,0.999878070150031,4,2698.337,"troot(x4*x4)","x4*x2","x7",0.999999962866806,0.969381296942427,0.161402587438265
"S2",31,FALSE,FALSE,FALSE,TRUE,0,0.999998921420326,NA,0.0447055181854904,0.0759156570975822,-94.3406692127019,0.999805273818853,1,2674.4,"troot(x4*(x4*x7))","NA","NA",0.999999934207138,"NA","NA"
"S3",31,FALSE,FALSE,FALSE,FALSE,3,0.381478412441251,0.381478412441251,0.0386509845931972,0.0599644817962924,-96.7669448270558,0.999878507405748,3,2723.93,"troot(x4*x4)","x4*x2","x7",1,0.985368244031267,0.152287351250432
"S4",31,FALSE,FALSE,FALSE,TRUE,1,0.996429109555188,0.992859297690051,0.0435682082839678,0.0758637608701578,-94.3406692127019,0.999805539958947,2,2678.934,"troot((x7*x4)*x4)","x4","NA",1,0.135457949630558,"NA"
"S5",31,FALSE,FALSE,FALSE,FALSE,3,0.733983070416538,0.733983070416538,0.0388625782878221,0.0600429920933774,-96.7669448270559,0.999878189061835,3,2749.41,"troot(x4*x4)","x4*x2","x4",0.999842114821792,0.979231395914867,0.103523503862665
"S6",31,FALSE,FALSE,FALSE,FALSE,2,0.604544956779782,0.604544956779782,0.0389617841960997,0.0601923006643235,-96.7669448270558,0.999877582495448,2,2304.835,"troot(x4*x4)","x2*x4","NA",1,0.999999377211508,"NA"
