"Experiment","Run","Correlation","MAE","RMSE","Time","FirstFeature","SecondFeature","ThirdFeature","FourthFeature","FifthFeature"
"S1",9,0.761721853172375,1.52665750945969,2.08912436915949,2568.692,"x6","troot(x7)","x4*x5","x4","x5*x5"
"S2",9,0.770007662166343,1.49417815026481,2.05725707772812,3893.342,"troot(x7)","troot(x4)*x3","troot(x5)*x3","x6","x9"
"S3",9,0.770282777807815,1.49118936822583,2.05682010700469,3562.464,"x4","x4*troot(x5)","x6","x5","x9"
"S4",9,0.758005198806623,1.51164959052793,2.1031289881189,3723.438,"x4","x7","x5*x5","x5","x9"
"S5",9,0.748864085913681,1.55309136194549,2.13669705739735,2888.339,"exp_dbl(x4)","x5","x5*x5","x6","x7"
"S6",9,0.75482673986085,1.51778880091426,2.1152430870088,3391.389,"x5","exp_dbl(x4)","x6","x7","exp_dbl(x5)"
