"Experiment","Run","Correlation","MAE","RMSE","Time","FirstFeature","SecondFeature","ThirdFeature","FourthFeature","FifthFeature"
"S1",26,0.764937066033533,1.50057028345518,2.07685836377597,2785.663,"x5*x5","x4","x5","troot(x7)","x6"
"S2",26,0.765194179786393,1.50011992115218,2.07590698919468,3739.609,"x5","troot(x7)","x6","x4","x8"
"S3",26,0.754831681607385,1.51774536887291,2.11522535691988,3790.278,"x7","exp_dbl(x4)","x6","exp_dbl(x5)","x5"
"S4",26,0.762085394536118,1.50462496779324,2.0867607206568,3709.872,"x5","x7","x5*x5","x4","x7*x5"
"S5",26,0.757727123626196,1.51816819410021,2.10410377406489,3544.79,"exp_dbl(x5)","x4","x9","x8","p0(x7)"
"S6",26,0.75578836554458,1.51672658003409,2.11154362913455,3134.761,"exp_dbl(x5)","exp_dbl(x4)","x4","troot(x7)","exp_dbl(x5)*x6"
