"Experiment","Run","Correlation","MAE","RMSE","Time","FirstFeature","SecondFeature","ThirdFeature","FourthFeature","FifthFeature"
"S1",15,0.764936881946453,1.50056555796944,2.07685897965957,2941.333,"x4","x5","x5*x4","troot(x7)","x5*x5"
"S2",15,0.762099863196022,1.51003958912742,2.08738579281495,3713.544,"x7","exp_dbl(x5)","x6","x5","x9"
"S3",15,0.764936966468217,1.50056410348971,2.07685865076558,3454.168,"troot(x7)","x4","x5","x5*x4","x6"
"S4",15,0.761727725090622,1.52664239238754,2.08910254975847,2874.124,"x5*x5","x5","x6","x4","troot(x7)"
"S5",15,0.76493709405346,1.50057172046661,2.07685827735877,3451.986,"x5","x4","x5*x5","troot(x7)","x6"
"S6",15,0.76518287819683,1.49905700574688,2.07576029079668,3485.281,"x5","exp_dbl(x5)","x4*exp_dbl(x5)","x6","x9"
