"Experiment","Run","Correlation","MAE","RMSE","Time","FirstFeature","SecondFeature","ThirdFeature","FourthFeature","FifthFeature"
"S1",6,0.754839972296752,1.51769442323199,2.11519349351257,2747.728,"exp_dbl(x4)","x7","x5","exp_dbl(x5)","x9"
"S2",6,0.76493689138748,1.50056935336801,2.07685898584187,3517.196,"x4","x5","x5*x5","troot(x7)","x6"
"S3",6,0.764949875994202,1.50109132125078,2.07662739245487,3736.075,"x4*exp_dbl(x5)","x5","exp_dbl(x5)","x6","troot(x7)"
"S4",6,0.769301510051533,1.49393293403301,2.06059760635957,3551.824,"x5","x6","exp_dbl(x5)","x9","x8"
"S5",6,0.753654805951373,1.52402006994337,2.12002396249221,3429.899,"troot(x4)","troot(x7)","x6","troot(x5)","x9"
"S6",6,0.766935484019441,1.5003686884445,2.06865209420078,3235.798,"x3*troot(x4)","troot(x5)*x3","troot(x7)","x6","x8"
