"Experiment","Run","Correlation","MAE","RMSE","Time","FirstFeature","SecondFeature","ThirdFeature","FourthFeature","FifthFeature"
"S1",17,0.770429207469784,1.49076232194931,2.05624854697294,3887.762,"x5","exp_dbl(x5)","x4","x7","x6"
"S2",17,0.754826317461371,1.51779198253774,2.11524460020335,3467.785,"exp_dbl(x5)","exp_dbl(x4)","x6","x7","x5"
"S3",17,0.764936966473586,1.50056410347835,2.0768586507446,3547.932,"x5","x4","x5*x5","troot(x7)","x6"
"S4",17,0.754834295783864,1.51774886504007,2.11521391701021,3772.496,"sin_deg(x7)","exp_dbl(x4)","exp_dbl(x5)","x5","x9"
"S5",17,0.764534901427343,1.50035427209063,2.07817019821517,3287.062,"x5","x6","x4*exp_dbl(x5)","exp_dbl(x5)","x9"
"S6",17,0.751571908421314,1.53845925844074,2.12741966996226,3820.358,"exp_dbl(x4)","x7","exp_dbl(x5)","x6","x5"
