"Experiment","Run","Correlation","MAE","RMSE","Time","FirstFeature","SecondFeature","ThirdFeature","FourthFeature","FifthFeature"
"S1",24,0.76943686859796,1.51223869310407,2.06048559573372,3001.628,"x6","x7","troot(x4)","x5","exp_dbl(troot(x4))"
"S2",24,0.75110900213064,1.54143246356324,2.12911843481651,3486.353,"x7","exp_dbl(x4)","exp_dbl(x5)","x6","x5"
"S3",24,0.764904050911745,1.50057239551499,2.07698211023355,3506.776,"x4","x5","x6","troot(x7)","x5*x5"
"S4",24,0.770954683799383,1.49183269943888,2.05424166644775,3688.291,"x4*p0(x5)","x5","exp_dbl(x5)","x7","x6"
"S5",24,0.747279959177247,1.53575012626175,2.1449716651957,3711.665,"x4","x5","x5*x5","p0(x5)*x7","p0(x3)"
"S6",24,0.758108923429211,1.51642721922161,2.10262903051606,3379.49,"x4","exp_dbl(x5)","troot(x7)","x9","x8"
