"Experiment","Run","Correlation","MAE","RMSE","Time","FirstFeature","SecondFeature","ThirdFeature","FourthFeature","FifthFeature"
"S1",23,0.765185787062646,1.50002715761169,2.07594146155392,2759.671,"x5*x5","x4","x5","x6","x8"
"S2",23,0.770284013021283,1.49118746777941,2.05681549894519,3970.009,"x4","x5","x4*troot(x5)","exp_dbl(x5)","x6"
"S3",23,0.754831087420165,1.51775751853595,2.11522744934784,3643.156,"exp_dbl(x5)","x7","x5","exp_dbl(x4)","x6"
"S4",23,0.754956216914041,1.51742969581154,2.11478708388401,3622.524,"exp_dbl(x4)","exp_dbl(x5)","x7","x9","x3"
"S5",23,0.761678991299378,1.52665514449924,2.08928396832425,3422.385,"x5","x5*x5","x4","troot(x7)","x5*x4"
"S6",23,0.760739800066742,1.52644462617168,2.09271711378024,3733.851,"x4","x6","x1","x4*x4","x5*exp_dbl(x5)"
