"Experiment","Run","Correlation","MAE","RMSE","Time","FirstFeature","SecondFeature","ThirdFeature","FourthFeature","FifthFeature"
"S1",4,0.764936488278191,1.50056375443777,2.07686045780048,2886.135,"x4","x4*x5","x5*x5","x5","x6"
"S2",4,0.765535427606033,1.49846793991255,2.07445501443105,3986.009,"exp_dbl(x5)","x5","x4*exp_dbl(x5)","x6","x3"
"S3",4,0.755440486562774,1.51677334905705,2.11311124498959,3566.195,"exp_dbl(x4)","x7","x6","x9","x5"
"S4",4,0.768444172524797,1.51689030486075,2.06448453370421,3301.835,"x6","x4","exp_dbl(troot(x4))","troot(x4*x5)","exp_dbl(x4)"
"S5",4,0.754960620530366,1.51741623485064,2.11476916209695,3443.482,"exp_dbl(x5)","exp_dbl(x4)","x7","x6","x9"
"S6",4,0.767265615373711,1.4958629542918,2.06745739023518,3410.846,"x5","x7","exp_dbl(x5)","x4","p0(x4)*x5"
