"Experiment","Run","Correlation","MAE","RMSE","Time","FirstFeature","SecondFeature","ThirdFeature","FourthFeature","FifthFeature"
"S1",16,0.774884920200761,1.47889681948291,2.0398460306985,3048.229,"x5*exp_dbl(x4)","x4","exp_dbl(x5)","x5","x7"
"S2",16,0.767108913140566,1.4990936357887,2.06872043531386,3636.74,"exp_dbl(x5)*x4","x5","exp_dbl(x5)","x6","x7"
"S3",16,0.768752850786621,1.49397363854093,2.06298890776814,3509.795,"x5","exp_dbl(x5)","p0(x7)","x6","x9"
"S4",16,0.757852894979689,1.51190190053633,2.10372922625695,3706.805,"x7","x4","x5","x7*x5","x5*x5"
"S5",16,0.757264746858724,1.51304160032043,2.105994751523,3359.659,"x6","troot(x7)","x4","x9","exp_dbl(x4)"
"S6",16,0.754950524232784,1.51747571594315,2.11480744778569,3583.573,"x5","exp_dbl(x4)","x6","exp_dbl(x5)","x7"
