"Experiment","Run","Correlation","MAE","RMSE","Time","FirstFeature","SecondFeature","ThirdFeature","FourthFeature","FifthFeature"
"S1",7,0.773799720258311,1.48726598339522,2.04395507804737,3092.289,"x5","troot(x4*x4)","troot(x5*x4)","x4","x7"
"S2",7,0.769047572812636,1.50634547234472,2.06161543448055,3549.395,"troot(x4*x7)","troot(x5*x7)","x5","x4","x6"
"S3",7,0.755383511700325,1.52004774647471,2.11274486544034,3422.341,"x5","x6","x7","x5*x5","x9"
"S4",7,0.764970373893086,1.50058550134859,2.07673915524606,3891.352,"x4","x5","x5*x5","x4*x5","x6"
"S5",7,0.764936964070764,1.50056410263217,2.07685865958631,3329.519,"troot(x7)","x5*x5","x4","x5","x5*x4"
"S6",7,0.769455416934927,1.49571314413123,2.06054838871834,3696.209,"x4","p0(x7)","x5*x4","exp_dbl(x5)","x6"
