"Experiment","Run","Correlation","MAE","RMSE","Time","FirstFeature","SecondFeature","ThirdFeature","FourthFeature","FifthFeature"
"S1",19,0.765061696627377,1.50039895434957,2.07638069117046,3276.955,"troot(x7)","x4","sin_deg(x5)","x4*x5","x5*x5"
"S2",19,0.764937159470953,1.50056372018863,2.0768579226914,3803.4,"troot(x7)","x4*x5","x5*x5","x4","x6"
"S3",19,0.754956191827449,1.51743030957756,2.11478720696185,3908.63,"x6","exp_dbl(x4)","x8","x9","exp_dbl(x5)"
"S4",19,0.763427411586268,1.50182204697405,2.08240791790172,3357.585,"x4","x8","x9","x5*x5","x5"
"S5",19,0.754906172724036,1.51759816755609,2.11495227725879,3447.762,"x5","exp_dbl(x5)","x7","exp_dbl(x4)","x6"
"S6",19,0.762241906980966,1.52582164890925,2.08698581830019,3394.551,"exp_dbl(x5)","exp_dbl(x5)*x4","x6","p0(x7)","x5"
