"Experiment","Run","Correlation","MAE","RMSE","Time","FirstFeature","SecondFeature","ThirdFeature","FourthFeature","FifthFeature"
"S1",8,0.765539765125079,1.50924291155763,2.07417506088696,2818.162,"troot(x7)","x3*troot(x4)","x3*troot(x5)","x6","x9"
"S2",8,0.755820434133263,1.51575307720533,2.1115364997286,3472.399,"troot(x7)","x6","x4","exp_dbl(x4)","exp_dbl(x5)"
"S3",8,0.764671041189587,1.49955678512663,2.07814887959513,3750.924,"troot(x5*x6)","x9","x7","x8","troot(x6)"
"S4",8,0.765281307951548,1.50000257826822,2.07557129712872,3452.439,"x4","x5","x5*x4","x8","x9"
"S5",8,0.767102246645765,1.50865467145407,2.06891606036949,3438.079,"exp_dbl(x5)","x4","x5","x5*troot(x4)","x6"
"S6",8,0.762085494185485,1.50462487989626,2.08676035580443,3761.319,"x7","x4","x5","x7*x5","x5*x5"
