"Experiment","Run","Correlation","MAE","RMSE","Time","FirstFeature","SecondFeature","ThirdFeature","FourthFeature","FifthFeature"
"S1",25,0.765122473469788,1.49908422359883,2.07598850979931,2825.536,"exp_dbl(x5)","x5","troot(x7)","x4*exp_dbl(x5)","x9"
"S2",25,0.763945920067254,1.52201600366566,2.08037611649318,3936.692,"x5","exp_dbl(x5)*x4","x6","troot(x7)","exp_dbl(x5)"
"S3",25,0.771700930327986,1.48816408417998,2.05145424665439,3881.766,"x4*p0(x5)","x6","x5*exp_dbl(x5)","x5","x7"
"S4",25,0.767337635580477,1.50142034682486,2.06777066885776,3486.682,"x4","x5","x4*x5","x7","x6"
"S5",25,0.765186002995089,1.50018996378737,2.0759411538783,3299.308,"x4*x5","x4","x6","x5*sin_deg(x5)","x5"
"S6",25,0.763997083123518,1.50247348028117,2.08034551550932,3503.002,"x4","x5","x5*x5","x4*x5","troot(x7)"
