"Experiment","Run","Correlation","MAE","RMSE","Time","FirstFeature","SecondFeature","ThirdFeature","FourthFeature","FifthFeature"
"S1",27,0.76225806417646,1.52570739262885,2.08709175904568,3635.075,"troot(x7)","x6","x5*x4","x4","x5*x5"
"S2",27,0.772425954368452,1.4820801784665,2.0482777397995,3594.951,"x4","x5","x8","exp_dbl(x5)","x7"
"S3",27,0.765801787489397,1.49781134546946,2.07337793259748,3471.514,"x6","exp_dbl(x5)*x4","x5","exp_dbl(x5)","x9"
"S4",27,0.754836473621229,1.51772984614871,2.11520614790892,3495.979,"x5","x7","exp_dbl(x5)","exp_dbl(x4)","x6"
"S5",27,0.754374186689015,1.52436842749344,2.11656837271969,3888.779,"exp_dbl(x5)","x6","x9","x8","x4"
"S6",27,0.766737087066942,1.49891625427253,2.07004551498634,3680.479,"x4","x5","x5*x5","x5*x4","x7"
