"Experiment","Run","Correlation","MAE","RMSE","Time","FirstFeature","SecondFeature","ThirdFeature","FourthFeature","FifthFeature"
"S1",5,0.765184166434952,1.50018361445048,2.07594785145318,3114.954,"x4","troot(x7)","x6","x5","x9"
"S2",5,0.765700909806161,1.49923296066021,2.07397808768349,3679.773,"x4","x5","x5*x5","x5*x4","x7"
"S3",5,0.764940448105497,1.50055372181993,2.07684552083327,3649.136,"x4","x5","x8","x9","troot(x7)"
"S4",5,0.755138107815576,1.51532487011236,2.11403905224936,3391.403,"exp_dbl(x5)","exp_dbl(x4)","x7","exp_dbl(x6)","x5"
"S5",5,0.7548347564079,1.51773210772318,2.11521394545937,3475.666,"x7","exp_dbl(x5)","exp_dbl(x4)","x6","x9"
"S6",5,0.765472839346646,1.49848931382019,2.0746944103691,3527.272,"exp_dbl(x5)","exp_dbl(x5)*x4","x5","troot(x7)","x6"
