"Experiment","Run","F1","F2","F3","F4","Count_FP","Correlation","Correlation_FP","MAE","RMSE","LMP","R2","Count_P","Time","First","Second","Third","FirstM","SecondM","ThirdM"
"S5",33,FALSE,FALSE,FALSE,FALSE,9,0.568592669777013,0.568592669777013,0.0494238469105679,0.125885888253214,-102.146901329513,0.999464553932704,9,2722.563,"x4*p0(x4)","x4","x7*x4",0.99999999999335,0.995569399898975,0.404863508793073
