"Experiment","Run","F1","F2","F3","F4","Count_FP","Correlation","Correlation_FP","MAE","RMSE","LMP","R2","Count_P","Time","First","Second","Third","FirstM","SecondM","ThirdM"
"S1",12,FALSE,FALSE,FALSE,FALSE,5,0.976205938753054,0.976205938753054,0.0462622553049895,0.126707028877494,-100.740462289754,0.999457545831854,5,2705.42,"x4","x4*p0(x4)","x4*p0(x10)",0.999999999999544,0.999999972759705,0.704581711664838
"S3",12,FALSE,FALSE,FALSE,FALSE,10,0.0292808536203594,0.0292808536203594,0.653185788755719,1.6991267678691,-228.748667985887,0.902453161282258,10,2506.244,"x4","p3(x8*x2)","sin_deg(x8*x2)",1,0.999999999999999,0.999999999987045
"S4",12,TRUE,FALSE,FALSE,TRUE,1,0.635475343487986,-0.0935728909563669,0.0390073812743778,0.0512405167587639,-94.3406692127019,0.999911286719793,3,2861.913,"troot((x4*x6)*x4)","troot((x4*x7)*x4)","x2",0.507282136963496,0.492717874677698,0.308258236840724
"S5",12,FALSE,FALSE,FALSE,FALSE,4,0.461216420809483,0.461216420809483,0.0383291916077351,0.0589796060349386,-96.7669448270558,0.999882465498301,4,2528.424,"troot(x4*x4)","x2*x4","x4",0.999999999999452,0.967449571724189,0.105779019298139
"S6",12,FALSE,FALSE,FALSE,FALSE,4,0.586171681892373,0.586171681892373,0.0389215224748416,0.0597582269368979,-96.7669448270558,0.999879341744393,4,2119.118,"troot(x4*x4)","x4*x2","x4",1,0.978095797934966,0.108270901895294
