"Experiment","Run","Correlation","MAE","RMSE","LMP","R2","Count_P","Time","First","Second","Third","FirstM","SecondM","ThirdM"
"S1",10,0.870654972957449,3.14204677483259,4.97849098128249,-2399.30977540673,0.755367076028793,15,7740.276,"x6*x13","x1*x12","x5",1,1,1
"S2",10,0.853808958980801,3.55584855195127,5.27270086518857,-2866.07412920039,0.725598978720961,15,7601.648,"x1","x2","x11",1,1,1
"S3",10,0.837815562754869,3.59893924059246,5.56338171502738,-3414.41365805046,0.694509876266652,15,7921.896,"troot(x11)","x1*x12","x6",1,1,1
"S4",10,0.822800474763949,3.63533760881969,5.75511958969153,-3307.27826803675,0.673090032879676,15,3375.029,"x1","x2","p3(x12)",1,1,1
"S5",10,0.834631050512365,3.57401853022504,5.57824705916022,-2921.88754887749,0.69287515727345,15,7560.951,"x1","x6*x1","x4",1,1,1
"S6",10,0.862363420285483,3.30432790614763,5.1282314140809,-2478.99004335176,0.740429886972176,15,3293.64200000001,"sigmoid(x3)","x1","x5",1,1,1
