"Experiment","Run","F1","F2","F3","F4","Count_FP","Correlation","Correlation_FP","MAE","LMP","R2","Count_P","Time","First","Second","Third","FirstM","SecondM","ThirdM"
"P1",14,FALSE,FALSE,FALSE,TRUE,0,0.999998921420326,NA,0.0435735373039305,-94.3406692127019,0.99982260041891,1,NA,"troot((x7*x4)*x4)",NA,NA,0.910015046513443,NA,NA
"P2",14,FALSE,FALSE,FALSE,FALSE,2,0.604544956779782,0.604544956779782,0.0370900797420015,-96.7669448270558,0.999915294945524,2,NA,"troot(x4*x4)","x2*x4",NA,0.969014400665244,0.95784911521711,NA
"P3",14,FALSE,FALSE,FALSE,TRUE,1,0.996429109555188,0.992859297690051,0.0437203438018336,-94.3406692127019,0.999801000501808,2,NA,"troot(x4*(x7*x4))","x4",NA,0.99999971835829,0.150850746570156,NA
"P6",14,FALSE,FALSE,FALSE,FALSE,4,0.531616614779402,0.531616614779402,0.0324105617454062,-96.7669448270558,0.999943295644842,4,NA,"troot(x4*x4)","x2*x4","x6",0.935936609472223,0.919825342682316,0.210162365298938
