"Experiment","Run","F1","F2","F3","F4","Count_FP","Correlation","Correlation_FP","MAE","LMP","R2","Count_P","Time","First","Second","Third","FirstM","SecondM","ThirdM"
"P1",14,FALSE,FALSE,FALSE,TRUE,0,0.999998921420326,NA,0.0445779545249911,-94.3406692127019,0.999805147902911,1,435.308,"troot((x7*x4)*x4)",NA,NA,0.99592257466999,NA,NA
"P2",14,FALSE,FALSE,FALSE,FALSE,2,0.604544956779782,0.604544956779782,0.0389547401441204,-96.7669448270558,0.999877607921302,2,411.953999999998,"troot(x4*x4)","x2*x4",NA,1,0.999999991602981,NA
"P3",14,FALSE,FALSE,FALSE,FALSE,6,0.920475737146288,0.920475737146288,0.124002306629812,-117.206495593606,0.983821635603916,6,391.245000000003,"x4*x7","x4","troot(x3*(x4*x4))",0.954156734386089,0.793316037859097,0.754093223781714
"P6",14,FALSE,FALSE,FALSE,FALSE,6,0.646474971336857,0.646474971336857,0.0454374140887105,-107.276800044436,0.999499137367502,6,389.648000000001,"x4","p0(p3(x4))*x4","x7*x4",1,1,0.528743908244901
