"Experiment","Run","F1","F2","F3","F4","Count_FP","Correlation","Correlation_FP","MAE","LMP","R2","Count_P","Time","First","Second","Third","FirstM","SecondM","ThirdM"
"P1",9,FALSE,FALSE,FALSE,FALSE,4,0.527094080073312,0.527094080073312,0.0396872968056091,-96.7669448270559,0.999880655070066,4,NA,"troot(x4*x4)","x4*x2","x2",0.997737986628978,0.961530491441008,0.186461424146083
"P2",9,FALSE,FALSE,FALSE,TRUE,3,0.800487033167485,0.733983070416538,0.0427907633325058,-94.3406692127019,0.999818023940495,4,NA,"troot(x4*(x4*x7))","x4","troot(x4*x4)",0.846389925037146,0.152793757493759,0.14958304505926
"P3",9,FALSE,FALSE,FALSE,FALSE,2,0.604544956779782,0.604544956779782,0.0362274578389532,-96.7669448270558,0.999922207306317,2,NA,"troot(x4*x4)","x4*x2","NA",0.939732254936923,0.913060334734106,"NA"
"P4",9,FALSE,FALSE,FALSE,TRUE,2,0.639125155659457,0.458688272779023,0.0425775642857792,-94.3406692127019,0.999812670708739,3,NA,"troot(x4*(x4*x7))","x4","x6",0.918465505786634,0.146339610916929,0.100589241048183
"P5",9,TRUE,FALSE,FALSE,FALSE,1,0.462258623933997,-0.075482752132005,0.0304348751731396,-94.5244319535552,0.999967342412931,2,NA,"troot(x4*(x6*x4))","x6","NA",0.904002751403534,0.128169345285361,"NA"
"P6",9,FALSE,FALSE,TRUE,FALSE,5,0.99155407933718,0.989864936865089,0.0646021370221043,-99.5125191073179,0.998381722087295,6,NA,"x4","x10*x4","x4*troot(x4)",0.833070786994672,0.602343944750841,0.594876745469307
