"Experiment","Run","F1","F2","F3","F4","Count_FP","Correlation","Correlation_FP","MAE","LMP","R2","Count_P","Time","First","Second","Third","FirstM","SecondM","ThirdM"
"P1",9,FALSE,TRUE,FALSE,FALSE,4,0.772817855619258,0.716022407659902,0.0638295222849951,-103.291084626166,0.998072440132419,5,348.904,"troot((x9*x4)*x4)","x4","troot(x4)",1,0.644049850503047,0.336984361401034
"P2",9,FALSE,FALSE,FALSE,FALSE,3,0.371839007534399,0.371839007534399,0.0402453806959813,-96.7669448270558,0.999866040178883,3,379.653000000002,"troot(x4*x4)","x4*x2","x2",1,1,0.195259780385484
"P3",9,FALSE,FALSE,FALSE,FALSE,4,0.725061757084287,0.725061757084287,0.052535499171319,-102.237348925172,0.999281440223845,4,381.428999999996,"x4","x4*p0(x4)","x6*x4",0.999999999999949,0.999999965721187,0.999896344394254
"P4",9,FALSE,FALSE,FALSE,FALSE,2,0.604544956779782,0.604544956779782,0.0385997443150816,-96.7669448270558,0.999883568682351,2,356.023000000001,"troot(x4*x4)","x2*x4","NA",1,0.981607436899138,"NA"
"P5",9,FALSE,FALSE,FALSE,FALSE,3,0.377869053809186,0.377869053809186,0.0352668004517462,-96.7669448270558,0.999917382083556,3,462.895000000004,"troot(x4*x4)","x4*x2","x6",1,0.95718419263863,0.227008155092023
"P6",9,FALSE,FALSE,TRUE,FALSE,1,0.453213450370635,-0.0935728909563669,0.0387998445388318,-100.73060235727,0.999886387641852,2,396.46100000001,"troot((x9*x4)*(x9*x4))","x2","NA",1,0.390562523394045,"NA"
