"Experiment","Run","F1","F2","F3","F4","Count_FP","Correlation","Correlation_FP","MAE","LMP","R2","Count_P","Time","First","Second","Third","FirstM","SecondM","ThirdM"
"P1",38,FALSE,FALSE,FALSE,FALSE,4,0.284507143719764,0.284507143719764,0.0328951368459928,-96.7669448270558,0.999939616006231,4,NA,"x4*x2","troot(x4*x4)","x6",0.938506208870808,0.928305879433805,0.240206264953693
"P4",38,FALSE,FALSE,FALSE,FALSE,2,0.604544956779782,0.604544956779782,0.0383393081660355,-96.7669448270558,0.999896430611033,2,NA,"troot(x4*x4)","x4*x2",NA,0.948159527029297,0.912015577986646,NA
