"Experiment","Run","F1","F2","F3","F4","Count_FP","Correlation","Correlation_FP","MAE","LMP","R2","Count_P","Time","First","Second","Third","FirstM","SecondM","ThirdM"
"P1",3,FALSE,FALSE,FALSE,FALSE,4,0.551592656175278,0.551592656175278,0.0346429647600172,-96.7669448270558,0.999937508157704,4,NA,"troot(x4*x4)","x4*x2","x10",0.937145591565492,0.898333678648672,0.162231830512318
"P2",3,TRUE,FALSE,FALSE,FALSE,4,0.408006854094238,0.260008567617798,0.032285144017055,-94.5244319535552,0.99994962006383,5,NA,"troot((x4*x6)*x4)","x2","troot(x4*x4)",0.758395071085073,0.286858111350591,0.241604928914927
"P3",3,FALSE,FALSE,FALSE,FALSE,5,0.989865027149196,0.989865027149196,0.0825335572201062,-99.5125191073178,0.996918903381427,5,NA,"x4","troot(x4)*x4","x10*x4",0.999983648139093,0.869085848055829,0.868475256461669
"P4",3,FALSE,FALSE,FALSE,FALSE,4,0.267238121297937,0.267238121297937,0.0363251189355877,-96.7669448270558,0.999909026763388,4,NA,"troot(x4*x4)","x4*x2","x6",0.938031660197801,0.877226007323044,0.177335808675194
"P5",3,TRUE,FALSE,FALSE,FALSE,0,1,NA,0.0310704327339393,-94.5244319535552,0.999966991038536,1,NA,"troot(x4*(x6*x4))","NA","NA",0.90177024696515,"NA","NA"
"P6",3,TRUE,FALSE,FALSE,FALSE,0,1,NA,0.0328979677442443,-94.5244319535552,0.999958963479426,1,NA,"troot(x4*(x6*x4))","NA","NA",0.986586138755966,"NA","NA"
