"Experiment","Run","F1","F2","F3","F4","Count_FP","Correlation","Correlation_FP","MAE","LMP","R2","Count_P","Time","First","Second","Third","FirstM","SecondM","ThirdM"
"P1",3,FALSE,FALSE,FALSE,FALSE,3,0.985488592981159,0.985488592981159,0.0920323491478977,-99.5125191073178,0.996077301137283,3,623.219999999972,"x4","x4*x10","troot(x4)*x4",1,0.999970631909502,0.989501635734805
"P2",3,FALSE,FALSE,FALSE,FALSE,3,0.733983070416538,0.733983070416538,0.0388859669041483,-96.7669448270558,0.999877839110326,3,632.25,"troot(x4*x4)","x2*x4","x4",1,0.982825214618514,0.100464944964454
"P3",3,FALSE,FALSE,FALSE,FALSE,4,0.657158668765084,0.657158668765084,0.0425096486392723,-105.850307972382,0.999839843690738,4,605.489999999991,"x4","x4*x9","troot(x4)*troot(x4)",1,0.993842797635331,0.987687334225552
"P4",3,FALSE,FALSE,FALSE,TRUE,1,0.996429109555188,0.992859297690051,0.0438560537808789,-99.4705679276249,0.99979965704739,2,623.560000000056,"troot(x4*x4)*troot(x7)","x4","NA",1,0.161560367494925,"NA"
"P5",3,FALSE,FALSE,FALSE,FALSE,3,0.371839007534399,0.371839007534399,0.0401640312007814,-101.896843541979,0.99986705757332,3,590.489999999991,"troot(x4)*troot(x4)","x4*x2","x2",0.999999999999991,0.999999997851689,0.181487351611731
"P6",3,FALSE,FALSE,FALSE,FALSE,5,0.458919296780278,0.458919296780278,0.0672461200794041,-99.877214903911,0.998020688608994,5,620.85999999987,"troot(x4*x4)","x3*x4","x6",1,0.999999999986294,0.225588013730045
