"Experiment","Run","F1","F2","F3","F4","Count_FP","Correlation","Correlation_FP","MAE","RMSE","LMP","R2","Count_P","Time","First","Second","Third","FirstM","SecondM","ThirdM"
"S1",10,FALSE,FALSE,FALSE,FALSE,1,0.99999974420151,0.99999974420151,0.076440730776583,0.379551436068766,-24.0166299391974,0.995132534143479,1,2578.417,"troot(x4*x4)*x9","NA","NA",1,"NA","NA"
"S2",10,TRUE,FALSE,FALSE,FALSE,0,1,NA,0.00192414524754681,0.00891512476894476,-20.5220457792714,0.999997314553609,1,2533.075,"troot((x4*x6)*x4)","NA","NA",1,"NA","NA"
"S3",10,FALSE,FALSE,FALSE,FALSE,1,0.99999974420151,0.99999974420151,0.0628765404744147,0.308981098656707,-24.0166299391974,0.996774288949275,1,2418.393,"troot(x4*x4)*x9","NA","NA",0.931485810770529,"NA","NA"
"S4",10,FALSE,FALSE,FALSE,FALSE,1,0.99999974420151,0.99999974420151,0.0764781017502908,0.379532482293334,-24.0166299391974,0.995133020267585,1,2441.55,"troot(x4*x4)*x9","NA","NA",1,"NA","NA"
"S5",10,FALSE,FALSE,FALSE,TRUE,0,0.999998921420326,NA,0.0184453814959184,0.0723447767764322,-20.678976752487,0.999823161835795,1,2452.057,"troot(x4*(x4*x7))","NA","NA",1,"NA","NA"
"S6",10,FALSE,FALSE,FALSE,FALSE,1,0.99999974420151,0.99999974420151,0.0765012980673241,0.379571880819701,-24.0166299391974,0.995132009751801,1,2526.702,"troot(x4*x4)*x9","NA","NA",1,"NA","NA"
