"Experiment","Run","F1","F2","F3","F4","Count_FP","Correlation","Correlation_FP","MAE","RMSE","LMP","R2","Count_P","Time","First","Second","Third","FirstM","SecondM","ThirdM"
"S1",7,FALSE,TRUE,FALSE,FALSE,0,0.999999647456683,NA,0.0606966543830859,0.303761892167474,-22.889285690445,0.996882343849648,1,2468.199,"troot(x9*(x4*x4))","NA","NA",1,"NA","NA"
"S2",7,FALSE,FALSE,FALSE,FALSE,1,0.99999974420151,0.99999974420151,0.076323503859438,0.378348563086559,-24.0166299391974,0.995163337164536,1,2493.592,"troot(x4*x4)*x9","NA","NA",1,"NA","NA"
"S3",7,FALSE,TRUE,FALSE,FALSE,0,0.999999647456683,NA,0.0608576727420483,0.303916304198238,-28.0191844053681,0.996879173432381,1,2562.703,"troot(x4*x9)*troot(x4)","NA","NA",1,"NA","NA"
"S4",7,FALSE,FALSE,FALSE,FALSE,2,0.982068314829844,0.982068314829844,0.15993298790457,0.25485072033305,-28.2364995747419,0.997805511209603,2,2531.044,"x4","x9*troot(x4)","NA",0.975690381515949,0.971625279833155,"NA"
"S5",7,FALSE,TRUE,FALSE,FALSE,0,0.999999647456683,NA,0.0607430855389285,0.303874324051448,-22.889285690445,0.996880035536238,1,2688.946,"troot((x4*x9)*x4)","NA","NA",0.999999999994448,"NA","NA"
"S6",7,FALSE,FALSE,FALSE,FALSE,1,0.99999974420151,0.99999974420151,0.0763146973378771,0.379026948359599,-24.0166299391974,0.99514597718112,1,2598.368,"x9*troot(x4*x4)","NA","NA",0.999474111846577,"NA","NA"
