"Experiment","Run","F1","F2","F3","F4","Count_FP","Correlation","Correlation_FP","MAE","RMSE","LMP","R2","Count_P","Time","First","Second","Third","FirstM","SecondM","ThirdM"
"S1",17,FALSE,FALSE,FALSE,FALSE,5,0.57441356626177,0.57441356626177,0.0354185602867873,0.052722636374499,-100.717970320674,0.999906080478002,5,2183.99099999998,"troot(x4*x4)","x4","x8*x4",1,0.758772556816588,0.554119944442474
"S2",17,FALSE,FALSE,FALSE,TRUE,1,0.996429109555188,0.992859297690051,0.044225658927395,0.0769235900433755,-94.3406692127019,0.99980006872977,2,2394.73700000002,"troot(x4*(x7*x4))","x4","NA",0.999999999999989,0.147994412629551,"NA"
"S3",17,FALSE,FALSE,FALSE,FALSE,5,0.577080888052594,0.577080888052594,0.0947634772549843,0.341050349331289,-99.5125191073178,0.996069944954419,5,2397.59999999998,"x4","troot(x4)*x4","x10*x4",1,1,0.999987379906332
"S4",17,FALSE,FALSE,FALSE,FALSE,2,0.604544956779782,0.604544956779782,0.0389789888771088,0.0602391125351628,-96.7669448270558,0.999877392011924,2,2206.56400000001,"troot(x4*x4)","x2*x4","NA",1,0.990937853179228,"NA"
"S5",17,FALSE,FALSE,FALSE,FALSE,2,0.462258612015947,0.462258612015947,0.0476680325673932,0.104026954200005,-99.6923314232741,0.99963436025125,2,2163.01500000001,"sigmoid(x6)*troot(x4*x4)","x6","NA",1,0.16340819994881,"NA"
"S6",17,FALSE,FALSE,FALSE,TRUE,1,0.996429109555188,0.992859297690051,0.0438499021504139,0.076994242974397,-94.3406692127019,0.99979970129457,2,2298.08400000003,"troot((x4*x7)*x4)","x4","NA",1,0.161430025840854,"NA"
