"Experiment","Run","F1","F2","F3","F4","Count_FP","Correlation","Correlation_FP","MAE","LMP","R2","Count_P","Time","First","Second","Third","FirstM","SecondM","ThirdM"
"P4",40,TRUE,FALSE,FALSE,TRUE,1,0.668140111623942,0.00442141345149907,0.0370789525549901,-94.3406692127019,0.999918366162743,3,NA,"troot((x7*x4)*x4)","troot((x6*x4)*x4)","x10",0.479711933577841,0.437246414524223,0.246947662878724
"P5",40,FALSE,FALSE,FALSE,FALSE,5,0.783659404012364,0.783659404012364,0.0722686500550424,-99.5125191073178,0.997643979986309,5,NA,"x4","x4*x10","troot(x4)*x4",0.960476571723221,0.769703808752694,0.760148800096356
