"Experiment","Run","F1","F2","F3","F4","Count_FP","Correlation","Correlation_FP","MAE","LMP","R2","Count_P","Time","First","Second","Third","FirstM","SecondM","ThirdM"
"P4",40,FALSE,FALSE,FALSE,FALSE,3,0.371839007534399,0.371839007534399,0.039034760040689,-101.896843541979,0.999899180664646,3,372.830999999991,"troot(x4)*troot(x4)","x2*x4","x2",1,0.965399592777174,0.18843101625648
"P5",40,FALSE,FALSE,FALSE,FALSE,5,0.812467985867091,0.812467985867091,0.0911968919700607,-103.889409415143,0.996336164849909,5,413.024000000005,"x4*x4","x4","x4*x10",0.999999999999992,0.999999999931597,0.999999618694487
