"Experiment","Run","F1","F2","F3","F4","Count_FP","Correlation","Correlation_FP","MAE","RMSE","LMP","R2","Count_P","Time","First","Second","Third","FirstM","SecondM","ThirdM"
"S1",23,FALSE,FALSE,FALSE,FALSE,1,0.99999974420151,0.99999974420151,0.0765002241121585,0.379564623330081,-29.1465286541205,0.995132195903898,1,2509.525,"(troot(x4)*troot(x4))*x9","NA","NA",1,"NA","NA"
"S2",23,FALSE,FALSE,FALSE,FALSE,2,0.996429304930045,0.996429304930045,0.996135470270931,6.44695382744667,-26.7809518466237,-0.40433511550977,2,2507.503,"troot(x4*x4)","x4","NA",0.999989698859365,0.142506304006081,"NA"
"S3",23,FALSE,FALSE,FALSE,FALSE,3,0.986445043714515,0.986445043714515,0.156144839229541,0.276534340661875,-28.2364995747419,0.997416194744883,3,2462.976,"x4","x9*troot(x4)","sigmoid(pm05(x4))",1,0.788095514646833,0.211902316866051
"S4",23,FALSE,FALSE,FALSE,FALSE,1,0.99999974420151,0.99999974420151,0.0643592205123288,0.317964403670475,-24.0166299391974,0.99658399386368,1,2456.114,"x9*troot(x4*x4)","NA","NA",0.940695375464478,"NA","NA"
"S5",23,FALSE,FALSE,FALSE,FALSE,2,0.982068314829844,0.982068314829844,0.156034954804054,0.249635347068385,-28.2364995747419,0.9978944100731,2,2674.937,"x4","troot(x4)*x9","NA",0.947810262797987,0.911582348286923,"NA"
"S6",23,FALSE,FALSE,FALSE,FALSE,1,0.99999974420151,0.99999974420151,0.0764968056055978,0.37956587082119,-29.1465286541205,0.995132163906436,1,2530.671,"x9*(troot(x4)*troot(x4))","NA","NA",1,"NA","NA"
