"Experiment","Run","F1","F2","F3","F4","Count_FP","Correlation","Correlation_FP","MAE","RMSE","LMP","R2","Count_P","Time","First","Second","Third","FirstM","SecondM","ThirdM"
"S1",2,FALSE,FALSE,FALSE,FALSE,3,0.985488592981159,0.985488592981159,0.0930671519862279,0.341644076666887,-99.5125191073178,0.996056249544446,3,727.326,"x4","x4*troot(x4)","x4*x10",1,0.99999984637858,0.999967435602847
"S2",2,FALSE,FALSE,FALSE,FALSE,4,0.720245756702868,0.720245756702868,0.0925848439452363,0.340431952140959,-99.5125191073178,0.99608418409327,4,841.333,"x4*x10","x4","troot(x4)*x4",0.999999999999946,0.99999999952846,0.984614744311168
"S3",2,FALSE,FALSE,FALSE,FALSE,3,0.371839007534399,0.371839007534399,0.0402404354100067,0.0629319145701945,-96.7669448270558,0.999866185392446,3,725.12,"troot(x4*x4)","x4*x2","x2",1,0.999999999865403,0.193768392969673
"S4",2,FALSE,FALSE,FALSE,FALSE,3,0.371839007534399,0.371839007534399,0.0401650039168347,0.0626944976751083,-96.7669448270558,0.999867193145711,3,808.864,"troot(x4*x4)","x4*x2","x2",1,1,0.181813958811194
"S5",2,FALSE,FALSE,FALSE,FALSE,2,0.604544956779782,0.604544956779782,0.0389857100081964,0.0612850755539274,-96.7669448270559,0.99987309723418,2,778.328,"x2*x4","troot(x4*x4)","NA",0.999999994598898,0.999775114853501,"NA"
"S6",2,FALSE,FALSE,FALSE,FALSE,4,0.284336945897374,0.284336945897374,0.0368066376356847,0.0596534955971258,-101.849184576814,0.999879764301351,4,781.523,"troot(x4*x4)","(x9*x4)*x2","x6",1,0.999891381049838,0.18306236447601
