"Experiment","Run","F1","F2","F3","F4","Count_FP","Correlation","Correlation_FP","MAE","RMSE","LMP","R2","Count_P","Time","First","Second","Third","FirstM","SecondM","ThirdM"
"S1",24,FALSE,FALSE,FALSE,FALSE,1,0.99999974420151,0.99999974420151,0.0640725799662193,0.316221075935947,-24.0166299391974,0.996621349571458,1,2454.756,"troot(x4*x4)*x9","NA","NA",0.938198551185034,"NA","NA"
"S2",24,FALSE,FALSE,FALSE,FALSE,1,0.99999974420151,0.99999974420151,0.0643618202396094,0.317984288770202,-24.0166299391974,0.99658356658474,1,2588.318,"troot(x4*x4)*x9","NA","NA",0.940717530565695,"NA","NA"
"S3",24,FALSE,FALSE,FALSE,FALSE,2,0.982068314829844,0.982068314829844,0.162998180432357,0.25912345350622,-28.2364995747419,0.99773131038947,2,2537.945,"x4","x9*troot(x4)","NA",0.994307515410251,0.959042273347374,"NA"
"S4",24,FALSE,FALSE,FALSE,FALSE,1,0.99999974420151,0.99999974420151,0.0642657885683002,0.317493617939747,-24.0166299391974,0.996594102016364,1,2583.036,"troot(x4*x4)*x9","NA","NA",0.940242170152143,"NA","NA"
"S5",24,FALSE,FALSE,FALSE,FALSE,2,0.999999528185775,0.999999528185775,0.0623831407594149,0.314828759523004,-29.1465286541205,0.996651036361191,2,2470.234,"x9*(troot(x4)*troot(x4))","troot(x4)*troot(x4)","NA",0.876453796804799,0.123546238116721,"NA"
"S6",24,FALSE,FALSE,FALSE,FALSE,1,0.99999974420151,0.99999974420151,0.0643579015302207,0.317879870620336,-29.1465286541205,0.996585809960259,1,2580.892,"(troot(x4)*troot(x4))*x9","NA","NA",0.940932423245268,"NA","NA"
