"Experiment","Run","F1","F2","F3","F4","Count_FP","Correlation","Correlation_FP","MAE","LMP","R2","Count_P","Time","First","Second","Third","FirstM","SecondM","ThirdM"
"P1",8,FALSE,FALSE,FALSE,FALSE,3,0.733983070416538,0.733983070416538,0.0346072325599774,-96.7669448270558,0.999939502767333,3,NA,"troot(x4*x4)","x2*x4","x4",0.939659301980408,0.912220638216215,0.15806052383568
"P2",8,FALSE,FALSE,FALSE,TRUE,4,0.621675048342715,0.527094080073312,0.0446192064852245,-94.3406692127019,0.99980703415313,5,NA,"troot((x7*x4)*x4)","x2","troot(x4*x4)",0.845734109330637,0.192743794130444,0.149480818283822
"P4",8,FALSE,FALSE,FALSE,TRUE,1,0.996429109555188,0.992859297690051,0.0436489428840859,-94.3406692127019,0.999808808315472,2,NA,"troot(x7*(x4*x4))","x4",NA,0.996405112891577,0.127386729652321,NA
"P5",8,FALSE,FALSE,FALSE,FALSE,3,0.404503775670354,0.404503775670354,0.0388483825553778,-96.7669448270559,0.999872752332298,3,NA,"troot(x4*x4)","x2*x4","x10",0.99593508821718,0.995697823909079,0.173072239829372
"P6",8,TRUE,FALSE,FALSE,FALSE,2,0.286620857210728,-0.0700687141839079,0.0308982789089724,-94.5244319535552,0.999963028414858,3,NA,"troot(x6*(x4*x4))","x7","x6",0.999352497161584,0.113928089190497,0.109280365253815
