"Experiment","Run","F1","F2","F3","F4","Count_FP","Correlation","Correlation_FP","MAE","LMP","R2","Count_P","Time","First","Second","Third","FirstM","SecondM","ThirdM"
"P1",8,FALSE,FALSE,FALSE,FALSE,3,0.733983070416538,0.733983070416538,0.0389060370229639,-96.7669448270558,0.999877873472304,3,355.434,"troot(x4*x4)","x2*x4","x4",1,0.970799348544346,0.103997008000359
"P2",8,FALSE,FALSE,FALSE,FALSE,2,0.604544956779782,0.604544956779782,0.0389941194123373,-96.7669448270558,0.999873062783759,2,405.310000000001,"troot(x4*x4)","x2*x4",NA,1,0.999999908981178,NA
"P4",8,FALSE,FALSE,FALSE,FALSE,3,0.788552607527299,0.788552607527299,0.0694030695777121,-99.877214903911,0.998006384285132,3,430.752,"troot(x4*x4)","x3*x4","x4",1,1,0.155640368055608
"P5",8,FALSE,FALSE,FALSE,FALSE,4,0.745037685625029,0.745037685625029,0.0517506712933794,-102.268534022448,0.999297631761496,4,408.886999999988,"x4","x4*p0(x4)","x4*x9",1,1,0.999999924146523
"P6",8,FALSE,FALSE,FALSE,FALSE,4,0.725522201285854,0.725522201285854,0.121016076693187,-130.358442905595,0.996868555594896,4,344.038,"troot(x4)","x4","x8*(x4*x2)",1,1,0.999999999999994
