"Experiment","Run","F1","F2","F3","F4","Count_FP","Correlation","Correlation_FP","MAE","LMP","R2","Count_P","Time","First","Second","Third","FirstM","SecondM","ThirdM"
"P5",30,FALSE,FALSE,FALSE,FALSE,7,0.451230351226635,0.451230351226635,0.486852228509615,588.962476636651,0.577103734364204,7,576.190000000002,"troot(x4*x4)","troot(x7)","x4*x4",1,1,0.999999998099647
"P1",30,TRUE,FALSE,FALSE,FALSE,3,0.736887717752322,0.649183623669762,0.000824846991235728,687.881431327978,0.99999989226635,4,544.039999999979,"troot(x4*(x6*x4))","x4","x7*x4",1,0.989459550630114,0.547850537712365
"P2",30,FALSE,FALSE,FALSE,FALSE,4,0.4779978368113,0.4779978368113,0.000925640431782313,673.551428537305,0.999999911594083,4,602.899999999965,"troot(x4)*troot(x4)","x6*(troot(x4)*troot(x4))","x9",1,1,0.521211513597606
"P3",30,FALSE,FALSE,FALSE,FALSE,10,0.870029784499148,0.870029784499148,2.10698986989165,393.696119944267,-6.58303731720039,10,520.809999999939,"troot(((x4*x10)*x6)*x4)","x4","(x4*x10)*(x4*x10)",1,1,1
"P4",30,TRUE,FALSE,FALSE,FALSE,3,0.782114214660598,0.709485619547464,0.000894379990084494,687.684548542455,0.999999884447066,4,602.609999999986,"x4*x6","troot(x4*(x4*x6))","x4",1,1,0.999999999994315
"P6",30,FALSE,FALSE,FALSE,FALSE,7,0.834977291575388,0.834977291575388,0.140546975767005,428.375283928455,0.967100144291398,7,597.79999999993,"x4*(x4*x10)","x7*(x4*(x4*x10))","troot(x5*(x4*x4))",1,1,1
