"Experiment","Run","F1","F2","F3","F4","Count_FP","Correlation","Correlation_FP","MAE","LMP","R2","Count_P","Time","First","Second","Third","FirstM","SecondM","ThirdM"
"P5",30,FALSE,FALSE,FALSE,FALSE,13,0.318357367401362,0.318357367401362,0.60342795949999,526.322225068545,0.356670484705295,13,689.590000000026,"sin_deg(x4)*sin_deg(1+x4)","(x6*x4)*x4","x4",1,1,1
"P1",30,FALSE,FALSE,FALSE,FALSE,8,0.354988256156979,0.354988256156979,0.016786946588296,609.849526060528,0.999676553915853,8,596.890000000014,"x4*((x4*x2)*x2)","(x4*x2)*x10","x4*x2",1,1,1
"P2",30,FALSE,FALSE,FALSE,FALSE,15,0.461064338181801,0.461064338181801,0.638353591754618,587.788226057012,0.283763958341119,15,750.640000000014,"exp_dbl(troot(x4))","sigmoid(sin_deg(x4))","x4",1,1,1
"P3",30,FALSE,FALSE,FALSE,FALSE,14,0.604979842234451,0.604979842234451,0.157022649256537,611.750812769313,0.957475797926412,14,622.780000000028,"(x3*x5)*(x4*x4)","x4","x4*x6",1,1,1
"P4",30,FALSE,FALSE,FALSE,FALSE,10,0.505744283983235,0.505744283983235,0.019588496730862,601.454254493514,0.999593225906986,10,658.069999999949,"x4*x10","troot(x4)*troot(x4)","x2*x4",1,1,0.999999999999969
"P6",30,FALSE,FALSE,FALSE,FALSE,3,0.64150431355363,0.64150431355363,0.000993288642742581,683.748086912524,0.999999907700715,3,697.599999999977,"troot(x4*x4)","x6*troot(x4*x4)","x6",0.999999999985157,0.99980616988856,0.108410409366131
