"Experiment","Run","F1","F2","F3","F4","Count_FP","Correlation","Correlation_FP","MAE","LMP","R2","Count_P","Time","First","Second","Third","FirstM","SecondM","ThirdM"
"P5",30,FALSE,FALSE,FALSE,FALSE,11,0.740171447447772,0.740171447447772,0.297223741168382,513.65900945819,0.853698152079511,11,594.809999999998,"((x3*x4)*x4)*troot(x4)","troot(x4)*(x3*x4)","x4",1,1,1
"P1",30,FALSE,FALSE,FALSE,FALSE,7,0.265665619444816,0.265665619444816,0.00266471897648199,599.992064046212,0.99999936365095,7,562.959999999963,"troot(x4*x4)","troot((exp_dbl(troot(x5)*x4)*x4)*x4)*x7","x7*troot(x4*x4)",1,1,0.999999999277174
"P2",30,FALSE,FALSE,FALSE,FALSE,5,0.358243645301953,0.358243645301953,0.000909816211265378,683.955183587772,0.999999915455947,5,613.549999999988,"troot(x4*x4)","troot(x4*x4)*x6","x9",1,0.999999999767237,0.529299019674893
"P3",30,FALSE,FALSE,FALSE,FALSE,11,0.626835975800774,0.626835975800774,0.805969193270844,496.900218777439,-0.108930694195541,11,568.75,"x4","troot(1+(1+(1+(x4+x6))))*x4","(x7*x4)*(x7*x4)",1,1,1
"P4",30,FALSE,FALSE,FALSE,FALSE,8,0.4148791027184,0.4148791027184,0.00501604829805267,607.304808047142,0.99999365427643,8,585.210000000079,"troot(x4*x4)","x7","(x9*(x4*x2))*x4",1,1,1
"P6",30,FALSE,FALSE,FALSE,FALSE,10,0.552708228333117,0.552708228333117,0.687284856069683,515.595209785032,0.162378151782647,10,610.149999999907,"troot(x4)*((x4*x8)*(x4*x8))","x7","x4",1,1,1
