"Experiment","Run","F1","F2","F3","F4","Count_FP","Correlation","Correlation_FP","MAE","RMSE","LMP","R2","Count_P","Time","First","Second","Third","FirstM","SecondM","ThirdM"
"S1",27,FALSE,FALSE,FALSE,FALSE,10,NA,NA,NA,NA,648.793464755762,NA,10,2206.741,"x6","x1*(x4*x8)","troot(((x4*(x4*x8))*sigmoid(x8)))",1,1,1
"S2",27,TRUE,FALSE,FALSE,FALSE,2,0.995239780774171,0.992859671161257,0.000830811137047954,0.00180395987906067,687.684548542455,0.999999890044898,3,2200.184,"troot((x4*x6)*x4)","x4","x4*x6",1,0.999999989271495,0.9999999882114
"S3",27,FALSE,FALSE,TRUE,FALSE,8,0.535761914333392,0.47773217966464,0.00383547992168846,0.0137839390044668,643.332466728008,0.999993580394785,9,2379.169,"troot(1+(x9*x4))*troot(1+(x9*x4))","x4*x9","p3(x1*x5)",1,0.999999999999982,0.99999999964153
"S4",27,TRUE,FALSE,FALSE,FALSE,5,0.639740251194438,0.567688301433325,0.00101515137858254,0.0019928604114375,687.914827432202,0.99999986581147,6,1728.555,"troot(x4*(x4*x6))","x4","x9*x4",1,0.998154774022654,0.724103541054902
"S5",27,FALSE,FALSE,FALSE,FALSE,10,0.305008377371991,0.305008377371991,9.54456109491749,69.0812290889085,567.054034646035,-160.243325933382,10,2284.557,"x4*p0(x6)","x4","sin_deg(x4)*(x4*(p0(x4)*x4))",1,1,1
"S6",27,TRUE,FALSE,FALSE,FALSE,2,0.995239780774171,0.992859671161257,0.000833831784322005,0.00180242274654042,687.684548542455,0.999999890232201,3,1959.118,"troot((x4*x6)*x4)","x4*x6","x4",1,0.999999999999931,0.999999998608884
