"Experiment","Run","Correlation","MAE","RMSE","LMP","R2","Count_P","Time","First","Second","Third","FirstM","SecondM","ThirdM"
"S1",30,0.801852654748774,3.88510266936724,6.75697709518912,-2782.70462300717,0.549365590672323,15,8126.876,"x5","x6","x9",1,1,1
"S2",30,0.863715695572175,3.16123133899728,5.07722881569148,-2240.12961832129,0.7455672984745,15,7403.678,"x1","x4","x5",1,1,1
"S3",30,0.813776297014725,3.6601231030538,5.8724247377189,-3356.07203991627,0.65962756957542,15,7796.197,"x1","x5","x6",1,1,1
"S4",30,0.846520567590012,3.32372626572729,5.37475641115983,-2308.82051504156,0.714873863332705,15,3420.208,"x1","x2","sigmoid(x6)",1,1,1
"S5",30,0.87263070818484,3.47762750301487,5.04988678374561,-3198.94337334918,0.74830027568714,14,7818.565,"x1","troot(x11)","x4",1,1,1
"S6",30,0.86000308853324,3.63186657698947,5.21016410256791,-3272.3640012193,0.732069434053285,15,3260.613,"x1","x2","exp_dbl(x9)",1,1,1
