"Experiment","Run","F1","F2","F3","F4","Count_FP","Correlation","Correlation_FP","MAE","RMSE","LMP","R2","Count_P","Time","First","Second","Third","FirstM","SecondM","ThirdM"
"S1",3,FALSE,FALSE,FALSE,FALSE,8,0.384541957998663,0.384541957998663,0.00158422046677788,0.00238408079495779,695.312635688231,0.999999807954748,8,2492.979,"x7*troot(x4*x4)","x9*troot(x4*x4)","troot(x4*x4)",1,1,1
"S2",3,FALSE,TRUE,FALSE,FALSE,6,0.400667993611521,0.300779384637327,0.0014774984537536,0.00239733403862576,697.842148775098,0.999999805813632,7,1841.603,"troot((x4*x4)*x9)","troot(x4*x4)","x7*troot(x4*x4)",1,1,1
"S3",3,FALSE,FALSE,FALSE,FALSE,6,0.517560521539111,0.517560521539111,0.00148988672748962,0.00233128394316218,684.667953992209,0.999999816366471,6,2326.217,"troot(x4)*troot(x4)","x9*(troot(x4)*troot(x4))","x7*(troot(x4)*troot(x4))",1,1,1
"S4",3,FALSE,FALSE,TRUE,FALSE,4,0.588068472332437,0.485085642491137,0.00152246317815855,0.00274265050024198,671.078349896605,0.999999745842709,5,2634.788,"(troot((x9*x4)*(x4*x9))*x9)*(x7*x7)","sigmoid(p0(x5))","troot((x9*x4)*(x4*x9))",1,0.99985884287898,0.999413978615105
"S5",3,FALSE,FALSE,FALSE,FALSE,6,0.491002715510606,0.491002715510606,0.00182211233212236,0.00311086920512219,660.420055964077,0.999999673017026,6,2109.209,"(troot(x4)*troot(x4))*x9","((troot(x4)*troot(x4))*x9)*x7","x9*(((troot(x4)*troot(x4))*x9)*x7)",1,1,1
"S6",3,FALSE,FALSE,FALSE,FALSE,4,0.504767665872465,0.504767665872465,0.00119843046438053,0.00179353270772009,638.651815421276,0.99999989131234,4,2275.46,"troot(1+(x6+(x4*x4)))","troot(1+(x6+(x4*x4)))*x6","exp_dbl(x4)",1,1,0.996723272606513
