"Experiment","Run","F1","F2","F3","F4","Count_FP","Correlation","Correlation_FP","MAE","RMSE","LMP","R2","Count_P","Time","First","Second","Third","FirstM","SecondM","ThirdM"
"S1",19,FALSE,FALSE,FALSE,FALSE,3,0.377869053809186,0.377869053809186,0.0367107470475156,0.0590224599409324,-96.7669448270558,0.999882294637806,3,925.472999999998,"troot(x4*x4)","x4*x2","x6",1,0.999598195700517,0.230091665390379
"S2",19,FALSE,FALSE,FALSE,FALSE,4,0.531616614779402,0.531616614779402,0.0367108462274734,0.058733706676801,-96.7669448270558,0.999883443511268,4,1028.81200000003,"troot(x4*x4)","x4*x2","x6",1,0.982627920872934,0.225830426078647
"S3",19,FALSE,FALSE,FALSE,FALSE,3,0.404503735497516,0.404503735497516,0.0387278568373942,0.0621048062156662,-117.119989615563,0.999869679703957,3,965.246999999974,"troot(1+((x4*x4)+x6))","x4*x2","x10",1,1,0.202178533293313
"S4",19,FALSE,FALSE,FALSE,FALSE,4,0.260008567617798,0.260008567617798,0.0381480513323369,0.0620545668323757,-96.7669448270558,0.999869890462626,4,997.315000000002,"troot(x4*x4)","x4*x2","x6",1,1,0.267257284613464
"S5",19,FALSE,FALSE,FALSE,TRUE,0,0.999998921420326,NA,0.0444549554407826,0.075236820819135,-94.3406692127019,0.99980874072393,1,1003.92600000004,"troot(x4*(x4*x7))","NA","NA",0.996077920653755,"NA","NA"
"S6",19,FALSE,FALSE,FALSE,FALSE,5,0.865852860767065,0.865852860767065,0.0716014507533544,0.286013917279545,-99.5125191073179,0.997236013177262,5,1065.098,"x4","x10*x4","troot(x4*x4)",0.584875338709941,0.522589593920192,0.506745443988155
