"Experiment","Run","F1","F2","F3","F4","Count_FP","Correlation","Correlation_FP","MAE","RMSE","LMP","R2","Count_P","Time","First","Second","Third","FirstM","SecondM","ThirdM"
"S1",23,FALSE,FALSE,FALSE,FALSE,4,0.537075438630361,0.537075438630361,0.000917694144726101,0.00158981004323556,683.955183587772,0.999999914601133,4,736.909,"troot(x4*x4)*x6","troot(x4*x4)","x9",1,1,0.581404144249443
"S2",23,TRUE,FALSE,FALSE,FALSE,1,0.999999656085019,0.999999312170039,0.000808911212854071,0.00163352543257036,679.64747254604,0.999999909840097,2,815.139,"troot(x6*(x4*x4))","troot(x4)*troot(x4)","NA",1,0.99454988174195,"NA"
"S3",23,TRUE,FALSE,FALSE,FALSE,5,0.687622986077471,0.625147583292965,0.000901185985695708,0.00184495062011662,687.881431327976,0.999999884991185,6,731.04,"troot(x4*(x6*x4))","x4","x7*x4",1,0.999847072725653,0.598637718810303
"S4",23,TRUE,FALSE,FALSE,FALSE,3,0.785683302278193,0.714244403037591,0.000851862182531407,0.00160933136909527,684.777371260963,0.999999912491027,4,856.477,"troot(x4*x4)","troot((x4*x4)*x6)","x5",0.995872011620092,0.697384021870078,0.348715577353809
"S5",23,FALSE,FALSE,FALSE,FALSE,4,0.502496412913266,0.502496412913266,0.000926614156207349,0.00161310819090317,673.551428537307,0.999999912079808,4,729.761,"(x6*troot(x4))*troot(x4)","troot(x4)*troot(x4)","x9",1,1,0.549366104019964
"S6",23,FALSE,FALSE,FALSE,FALSE,5,0.624759981035616,0.624759981035616,0.00161531079016543,0.00240458001930034,696.427431941537,0.999999804637995,5,840.916,"troot(x4*x4)*x7","troot(x4*x4)","troot(x4*x4)*x9",1,1,1
