"Experiment","Run","F1","F2","F3","F4","Count_FP","Correlation","Correlation_FP","MAE","RMSE","LMP","R2","Count_P","Time","First","Second","Third","FirstM","SecondM","ThirdM"
"S1",29,FALSE,FALSE,FALSE,FALSE,4,0.284507143719764,0.284507143719764,0.0368297605700111,0.0579985764715076,-96.7669448270559,0.999886342969676,4,2250.67200000002,"troot(x4*x4)","x4*x2","x6",1,0.978191059366503,0.193254860839298
"S2",29,TRUE,FALSE,FALSE,FALSE,1,0.50221070672575,0.00442141345149907,0.0314083328159746,0.0348682547789818,-94.5244319535552,0.999958920792442,2,2204.85700000002,"troot(x4*(x4*x6))","x10","NA",1,0.3030166987361,"NA"
"S3",29,TRUE,FALSE,FALSE,FALSE,1,0.462258623933997,-0.075482752132005,0.0310391216421703,0.033033756534249,-94.5244319535552,0.999963129624289,2,2266.75400000002,"troot((x4*x6)*x4)","x6","NA",0.998546862944734,0.111394089538838,"NA"
"S4",29,FALSE,FALSE,FALSE,FALSE,3,0.985488592981159,0.985488592981159,0.0930065882629159,0.341270324950087,-99.5125191073178,0.996064873591224,3,2323.54399999999,"x4","troot(x4)*x4","x10*x4",1,0.999999950305471,0.997215030806322
"S5",29,TRUE,FALSE,FALSE,FALSE,1,0.996429648845025,0.992859297690051,0.0321164540596739,0.0329945068904983,-94.5244319535552,0.99996321718862,2,2153.80200000003,"troot((x4*x6)*x4)","x4","NA",0.998171986295037,0.101234572971367,"NA"
"S6",29,FALSE,FALSE,FALSE,FALSE,2,0.995823743880316,0.995823743880316,0.0547529656847427,0.165051705672094,-104.88961984164,0.999079546890108,2,2279.32000000001,"x4","troot((troot(x4)*x9)*(x4*x4))","NA",1,0.999967862985684,"NA"
