"Experiment","Run","F1","F2","F3","F4","Count_FP","Correlation","Correlation_FP","MAE","LMP","R2","Count_P","Time","First","Second","Third","FirstM","SecondM","ThirdM"
"P1",28,FALSE,FALSE,FALSE,FALSE,5,0.41236235657636,0.41236235657636,0.0321556457315394,-96.7669448270559,0.999953875505646,5,NA,"troot(x4*x4)","x4*x2","x6",0.938734312386467,0.877227624056224,0.172431643297782
"P2",28,TRUE,FALSE,FALSE,FALSE,1,0.50221070672575,0.00442141345149907,0.0315162469773091,-94.5244319535552,0.999962686049282,2,NA,"troot(x4*(x4*x6))","x10","NA",0.995139809089613,0.152114103609013,"NA"
"P3",28,FALSE,FALSE,FALSE,FALSE,3,0.733983070416538,0.733983070416538,0.0387512070175449,-96.7669448270559,0.999881562484763,3,NA,"troot(x4*x4)","x4*x2","x4",0.995232952714779,0.952537900536014,0.115445944792563
"P4",28,FALSE,FALSE,TRUE,FALSE,7,0.730812722486823,0.692357426885278,0.0597887469793576,-99.5125191073178,0.998751814742839,8,NA,"x4","x4*troot(x4)","x4*x10",0.794659933152662,0.529480792554346,0.525009436399997
"P5",28,FALSE,FALSE,FALSE,FALSE,6,0.887020724744631,0.887020724744631,0.0699033821544235,-99.5125191073179,0.997543100736244,6,NA,"x4","x4*x10","x4*troot(x4)",0.712515489879526,0.586427478018839,0.580099836416194
