"Experiment","Run","F1","F2","F3","F4","Count_FP","Correlation","Correlation_FP","MAE","LMP","R2","Count_P","Time","First","Second","Third","FirstM","SecondM","ThirdM"
"P2",26,FALSE,FALSE,FALSE,FALSE,8,0.348078567775443,0.348078567775443,0.0017179190483909,699.010338532581,0.999999761940144,8,NA,"troot(x4*x4)","x9*troot(x4*x4)","troot(x4*x4)*x7",1,0.999999999991223,0.999999999990295
"P3",26,FALSE,FALSE,FALSE,FALSE,10,0.625852567524298,0.625852567524298,0.00517644413019046,627.683333813061,0.999990583760133,10,NA,"troot(x4*x4)","x4*x4","x10*x4",1,1,1
"P5",26,TRUE,FALSE,FALSE,FALSE,3,0.736887717752322,0.649183623669762,0.000829713933493961,687.881431327977,0.999999889972455,4,NA,"troot(x4*(x6*x4))","x4","x7*x4",1,0.99999706418785,0.551675286750138
