"Experiment","Run","F1","F2","F3","F4","Count_FP","Correlation","Correlation_FP","MAE","RMSE","LMP","R2","Count_P","Time","First","Second","Third","FirstM","SecondM","ThirdM"
"S1",20,FALSE,FALSE,FALSE,FALSE,7,0.47062377009349,0.47062377009349,0.0015221609130881,0.00240137593801918,697.519928711663,0.999999805158284,7,2496.462,"troot(x4*x4)*x9","troot(x4*x4)","troot(x4*x4)*x7",1,1,0.999999999777934
"S2",20,FALSE,FALSE,FALSE,FALSE,14,0.563475191598787,0.563475191598787,0.0159399731601329,0.0996107578803873,642.646691626762,0.99966474587923,14,2538.71600000001,"(x4*x6)*troot(troot(x4))","troot(x4)","x4*x3",1,1,1
"S3",20,FALSE,FALSE,FALSE,FALSE,4,0.537075438630361,0.537075438630361,0.000912445443784365,0.00158287102329038,683.955183587773,0.999999915344985,4,2478.42800000001,"troot(x4*x4)","troot(x4*x4)*x6","x9",1,1,0.541933773129794
"S4",20,FALSE,FALSE,FALSE,FALSE,7,0.722320698983855,0.722320698983855,0.00149263562137022,0.00266545981551201,669.608151420012,0.999999759947676,7,2399.78100000002,"x6*x4","troot(1+(((x4*x4)*x6)+(x4*troot(x4*x6))))*sigmoid(x4)","(x1*x4)*x2",1,1,1
"S5",20,FALSE,FALSE,FALSE,FALSE,5,0.358243645301953,0.358243645301953,0.000910754846714848,0.00157368685252681,683.955183587773,0.999999916324509,5,2458.91499999998,"troot(x4*x4)","x6*troot(x4*x4)","x9",1,0.999999985278338,0.511114976372303
"S6",20,FALSE,FALSE,FALSE,FALSE,4,0.537075438630361,0.537075438630361,0.000917709733354437,0.00158984321837808,673.695386157929,0.999999914597569,4,2212.50099999999,"troot(x4)*troot(x4)","x6*(troot(x4)*troot(x4))","x9",1,0.99999999861154,0.581584940011515
