"Experiment","Run","F1","F2","F3","F4","Count_FP","Correlation","Correlation_FP","MAE","RMSE","LMP","R2","Count_P","Time","First","Second","Third","FirstM","SecondM","ThirdM"
"S1",22,FALSE,FALSE,FALSE,FALSE,3,0.733983070416538,0.733983070416538,0.033669951445611,0.0395732253815896,-96.7669448270558,0.999947086738352,3,2527.544,"x4*x2","troot(x4*x4)","x4",0.923937958172739,0.923937366463462,0.154323243628983
"S2",22,TRUE,FALSE,FALSE,FALSE,0,1,NA,0.0322774997107097,0.0332364473985922,-94.5244319535552,0.999962675772431,1,2807.277,"troot((x6*x4)*x4)","NA","NA",0.997959651442916,"NA","NA"
"S3",22,FALSE,FALSE,FALSE,FALSE,4,0.720245756702868,0.720245756702868,0.0930279990505071,0.341527993907185,-99.5125191073178,0.996058929079626,4,2678.812,"x4","x4*x10","x4*troot(x4)",0.999999985579351,0.999970956286332,0.999784302762629
"S4",22,TRUE,FALSE,FALSE,FALSE,0,1,NA,6.3396575327304e+283,Inf,-94.5244319535552,-Inf,1,2839.737,"troot(x4*(x6*x4))","NA","NA",0.999999999493997,"NA","NA"
"S5",22,FALSE,FALSE,FALSE,FALSE,2,0.604544956779782,0.604544956779782,0.0389618588840645,0.0601901148720353,-101.896843541979,0.999877591386099,2,2908.667,"x4*x2","troot(x4)*troot(x4)","NA",0.999999999547077,0.999999999547064,"NA"
"S6",22,FALSE,FALSE,FALSE,FALSE,3,0.377869053809186,0.377869053809186,0.036804395900537,0.05992352350011,-101.896843541979,0.999878673318303,3,2595.905,"troot(x4)*troot(x4)","x2*x4","x6",1,0.99999935581127,0.211721205670481
