"Experiment","Run","F1","F2","F3","F4","Count_FP","Correlation","Correlation_FP","MAE","RMSE","LMP","R2","Count_P","Time","First","Second","Third","FirstM","SecondM","ThirdM"
"S1",23,TRUE,FALSE,FALSE,FALSE,0,1,NA,0.0321596680937259,0.0330379472229953,-94.5244319535552,0.999963120268885,1,692.74,"troot(x4*(x6*x4))","NA","NA",0.999999401410714,"NA","NA"
"S2",23,FALSE,FALSE,FALSE,FALSE,2,0.604544956779782,0.604544956779782,0.0389634710942759,0.0602605452833794,-96.7669448270558,0.999877304749894,2,739.745,"troot(x4*x4)","x2*x4","NA",1,0.992476505545754,"NA"
"S3",23,FALSE,FALSE,FALSE,FALSE,3,0.371839007534399,0.371839007534399,0.0402403749405573,0.0629339219758067,-96.7669448270559,0.999866176855459,3,725.583,"x2*x4","troot(x4*x4)","x2",1,1,0.193538489464773
"S4",23,FALSE,FALSE,FALSE,FALSE,4,0.740221798098744,0.740221798098744,0.0945839644801076,0.342899633980704,-99.5125191073179,0.996027209360512,4,796.164,"x4*troot(x4)","x4","x4*x10",1,0.99999999999985,0.999981263172088
"S5",23,FALSE,FALSE,TRUE,FALSE,2,0.309646151005711,-0.035530669340253,0.0352402782794132,0.0537213384212271,-100.73060235727,0.999902488624135,3,720.305,"troot((x9*x4)*(x9*x4))","x10","x6",1,0.326204329013511,0.100020127492184
"S6",23,TRUE,FALSE,FALSE,FALSE,1,0.467672661882095,-0.0646546762358107,0.0318614370609306,0.0332002535368143,-94.5244319535552,0.999962757018923,2,748.884,"troot(x4*(x6*x4))","x7","NA",1,0.111771073953909,"NA"
