"Experiment","Run","F1","F2","F3","F4","Count_FP","Correlation","Correlation_FP","MAE","RMSE","LMP","R2","Count_P","Time","First","Second","Third","FirstM","SecondM","ThirdM"
"S1",2,FALSE,FALSE,FALSE,FALSE,2,0.604544956779782,0.604544956779782,0.0384687230467759,0.0600292499638342,-96.7669448270558,0.999878244813558,2,2579.626,"troot(x4*x4)","x2*x4","NA",1,0.999979857980012,"NA"
"S2",2,FALSE,FALSE,FALSE,TRUE,2,0.639125155659457,0.458688272779023,0.0434520420225754,0.0760158236539996,-94.3406692127019,0.999804759618761,3,2793.315,"troot(x4*(x4*x7))","x4","x6",1,0.164930112304027,0.148437527975559
"S3",2,FALSE,FALSE,FALSE,FALSE,2,0.604544956779782,0.604544956779782,0.0386681404115435,0.0598906562181913,-96.7669448270558,0.999878806374053,2,2817.603,"troot(x4*x4)","x2*x4","NA",0.999999999999999,0.984397811060878,"NA"
"S4",2,FALSE,FALSE,FALSE,TRUE,2,0.642734514291522,0.46410231072712,0.0444008465076754,0.0773451488397457,-94.3406692127019,0.999797871387446,3,2727.158,"troot((x4*x7)*x4)","x4","x7",1,0.15807215879903,0.120421218866216
"S5",2,FALSE,FALSE,FALSE,FALSE,3,0.371839007534399,0.371839007534399,0.0400611975327363,0.0618194804635258,-96.7669448270558,0.999870874404426,3,2687.288,"troot(x4*x4)","x2*x4","x2",1,0.982308433826443,0.167087190534205
"S6",2,FALSE,FALSE,FALSE,FALSE,2,0.604544956779782,0.604544956779782,0.0389857100081964,0.0612850755539274,-96.7669448270559,0.99987309723418,2,2243.953,"x2*x4","troot(x4*x4)","NA",0.999999994598898,0.999775114853501,"NA"
