"Experiment","Run","F1","F2","F3","F4","Count_FP","Correlation","Correlation_FP","MAE","LMP","R2","Count_P","Time","First","Second","Third","FirstM","SecondM","ThirdM"
"P1",6,FALSE,FALSE,FALSE,FALSE,2,0.982401464192023,0.982401464192023,0.228179005757237,-31.5762099246959,0.990238747840526,2,2.498,"x4","troot(x4)","NA",1,1,"NA"
"P2",6,FALSE,FALSE,FALSE,FALSE,2,0.984008608849547,0.984008608849547,0.257556002472739,-38.349774074753,0.962959234785788,2,1.619,"x4","x4*x4","NA",1,1,"NA"
"P3",6,FALSE,FALSE,FALSE,FALSE,7,0.225666339499378,0.225666339499378,0.305666927878195,-46.2695812648768,0.950389927091,7,3.273,"x4","p3(x4)","x7",1,1,0.62490078872168
"P4",6,FALSE,FALSE,FALSE,FALSE,2,0.984008608849547,0.984008608849547,0.257556002472752,-38.349774074753,0.962959234785792,2,1.56800000000001,"x4","x4*x4","NA",1,1,"NA"
"P5",6,FALSE,FALSE,FALSE,FALSE,6,0.336299867008001,0.336299867008001,0.303857408578879,-46.1544832080321,0.950517699020275,6,2.83799999999999,"x4","p3(x4)","x7",1,1,0.437482722396811
"P6",6,FALSE,FALSE,FALSE,FALSE,2,0.982401611952961,0.982401611952961,0.211106754858246,-33.9296733598296,0.995880370670045,2,1.70000000000002,"troot(x4)","x9*x4","NA",1,1,"NA"
