"Experiment","Run","F1","F2","F3","F4","Count_FP","Correlation","Correlation_FP","MAE","LMP","R2","Count_P","Time","First","Second","Third","FirstM","SecondM","ThirdM"
"P1",6,FALSE,FALSE,FALSE,FALSE,3,0.986958954023343,0.986958954023343,0.179815754197658,-42.1568365043198,0.989775881140036,3,2.062,"x4*x7","x4*x4","x4",1,1,0.999999712448697
"P2",6,FALSE,FALSE,FALSE,FALSE,2,0.982401464192023,0.982401464192023,0.228209840754899,-31.5762099246959,0.990229131098862,2,1.498,"x4","troot(x4)","NA",1,1,"NA"
"P3",6,FALSE,FALSE,FALSE,FALSE,2,0.982401464192023,0.982401464192023,0.22831275615998,-31.5762099246959,0.990165394371504,2,3.128,"x4","troot(x4)","NA",1,0.999998745827643,"NA"
"P4",6,FALSE,FALSE,FALSE,FALSE,4,0.633368752356953,0.633368752356953,0.638603867473859,-49.1085514694735,0.569948380768497,4,1.593,"x2*x4","x4*x3","x10*x4",1,1,1
"P5",6,FALSE,FALSE,FALSE,FALSE,2,0.982401464192023,0.982401464192023,0.228634300507817,-31.5762099246959,0.99021342506739,2,3.304,"x4","troot(x4)","NA",1,0.999999999977764,"NA"
"P6",6,FALSE,FALSE,FALSE,FALSE,3,0.982552927440526,0.982552927440526,0.180492580973305,-32.1483910339475,0.986772345053748,3,1.57599999999999,"x4","x4*x4","x10*x4",1,1,1
