"Experiment","Run","F1","F2","F3","F4","Count_FP","Correlation","Correlation_FP","MAE","RMSE","LMP","R2","Count_P","Time","First","Second","Third","FirstM","SecondM","ThirdM"
"S1",28,FALSE,FALSE,FALSE,FALSE,6,0.542395629426602,0.542395629426602,0.00153306832446908,0.00242488673467133,697.90152886298,0.999999801324392,6,2143.35,"troot(x4*x4)","x9*troot(x4*x4)","x5",1,1,0.999560657536195
"S2",28,TRUE,FALSE,FALSE,FALSE,1,0.999999656085019,0.999999312170039,0.000808899392150528,0.00163347874905358,684.777371260963,0.99999990984525,2,2138.187,"troot(x4*x4)","troot((x4*x4)*x6)","NA",1,1,"NA"
"S3",28,FALSE,TRUE,FALSE,FALSE,5,0.309156234549676,0.170987551968274,0.0130078227576003,0.0878767489515326,677.128356953075,0.999739078660723,6,2067.633,"troot(x4*(x4*x9))*x6","troot(x4*(x4*x9))","p3(p3(x5))",1,1,0.999999307300775
"S4",28,FALSE,FALSE,FALSE,FALSE,6,0.542395629426602,0.542395629426602,0.00152413930446139,0.00241450861866068,697.90152886292,0.99999980302135,6,2377.601,"x7*troot(x4*x4)","troot(x4*x4)","troot(x4*x4)*x9",1,1,1
"S5",28,FALSE,FALSE,TRUE,FALSE,9,0.494424940750749,0.438249957312205,0.0125133134772297,0.0788287638974557,689.662456057785,0.999790042656649,10,2126.61,"x4","troot(x9*x4)*troot(x9*x4)","x7*x4",1,1,1
"S6",28,FALSE,FALSE,FALSE,FALSE,13,0.555273020687696,0.555273020687696,0.0101632054079071,0.046307630252398,630.664504079783,0.999927545268766,13,2315.762,"exp_dbl(troot(x4))","x4","(x4*x6)*x6",1,1,1
