"Experiment","Run","F1","F2","F3","F4","Count_FP","Correlation","Correlation_FP","MAE","LMP","R2","Count_P","Time","First","Second","Third","FirstM","SecondM","ThirdM"
"P5",29,TRUE,FALSE,FALSE,FALSE,3,0.727559047482245,0.636745396642993,0.000814434119227866,687.881431327978,0.999999897678361,4,581.270000000019,"troot(x6*(x4*x4))","x4","x4*x7",1,0.959114075199415,0.955875017344637
"P1",29,FALSE,FALSE,FALSE,FALSE,11,0.585979337038171,0.585979337038171,0.00358981622971505,614.312530795259,0.999998016400184,11,621.040000000037,"sigmoid(troot(x4))","x10*x4","troot(x4)",1,1,1
"P2",29,FALSE,FALSE,FALSE,FALSE,5,0.592301457853856,0.592301457853856,0.001685673184755,690.002846213335,0.999999767003981,5,640.570000000007,"troot(x4*x4)","x9*troot(x4*x4)","x7*troot(x4*x4)",1,1,0.999999999418763
"P3",29,FALSE,FALSE,FALSE,FALSE,12,0.388645453852252,0.388645453852252,0.00733815876202465,501.790886090221,0.999979036461308,12,637.580000000075,"x4*x3","x4","troot(x4)*(troot(1+(x7+(x2+x6)))*troot(x4))",1,1,1
"P4",29,FALSE,FALSE,FALSE,FALSE,7,0.701337125648844,0.701337125648844,0.00119793970519633,642.559503375942,0.999999882599331,7,695.880000000005,"troot(x4)*troot(x4)","x9*(troot(x4)*troot(x4))","(x6*(x4*x9))*x6",1,1,0.999999999988605
"P6",29,FALSE,FALSE,FALSE,FALSE,8,0.856045672326427,0.856045672326427,0.00697060466081599,637.606974133767,0.999972826877473,8,622.030000000028,"x6*(x6*x4)","x6*x4","x4",1,1,1
