"Experiment","Run","F1","F2","F3","F4","Count_FP","Correlation","Correlation_FP","MAE","LMP","R2","Count_P","Time","First","Second","Third","FirstM","SecondM","ThirdM"
"P5",29,FALSE,FALSE,FALSE,FALSE,13,0.257095351583663,0.257095351583663,2.22808482711913,438.529694990219,-7.768875239445,13,599.960000000021,"(x4*x3)*troot(x4*x3)","x4*x3","x4",1,1,1
"P1",29,FALSE,FALSE,FALSE,FALSE,15,0.612939937877156,0.612939937877156,1.5060062267217,474.592958152187,-3.09494875220747,15,727.5,"(x10*x4)*(x10*x4)","x4","sin_deg(x4)",1,1,1
"P2",29,FALSE,TRUE,FALSE,FALSE,4,0.451931544192731,0.314914518378833,0.00144972083913914,665.259209664065,0.999999836756982,5,607.330000000016,"troot(1+(x4*(x9*x4)))","x7*((troot(1+(x4*(x9*x4)))*x9)*x6)","x5",1,0.99999999999974,0.999942661002645
"P3",29,FALSE,FALSE,FALSE,FALSE,12,0.166196140939522,0.166196140939522,0.0189440429424493,526.751441819563,0.999594835683817,12,648.339999999967,"troot(1+(x4+x3))*troot(1+(x4+x3))","x3","x4*x8",1,1,1
"P4",29,FALSE,FALSE,TRUE,FALSE,8,0.558006562056006,0.502757408351691,0.00815423870339752,633.722953733199,0.999937713544673,9,650.580000000075,"x8*(x4*x2)","troot((1+(x9*x4))*(x9*x4))","(x3*x4)*x7",1,1,1
"P6",29,FALSE,FALSE,FALSE,FALSE,13,0.407136632657804,0.407136632657804,0.0450664603516902,567.784038922306,0.997038316155828,13,704.050000000047,"troot(troot(x4*x9))*troot(x4*x9)","x4","x7*((x2*x4)*x4)",1,1,1
