"Experiment","Run","F1","F2","F3","F4","Count_FP","Correlation","Correlation_FP","MAE","LMP","R2","Count_P","Time","First","Second","Third","FirstM","SecondM","ThirdM"
"P5",29,FALSE,FALSE,FALSE,FALSE,14,0.521992328608193,0.521992328608193,0.224375093637648,391.662274648667,0.939004941539369,14,674.159999999974,"sigmoid(troot(x4))","troot(x4)","((x4*x6)*x3)*x3",1,1,1
"P1",29,FALSE,FALSE,FALSE,FALSE,14,0.342295570680537,0.342295570680537,1.21356337813624,492.766484292417,-1.63557205505013,14,712.25,"x4","troot(x8)","troot(x8*x4)",1,1,1
"P2",29,TRUE,FALSE,FALSE,FALSE,4,0.783285524393456,0.72910690549182,0.000954027591327604,685.63547628784,0.999999876621461,5,647.349999999977,"troot(x4*x6)*troot(x4)","x4","x4*x6",1,0.999720069987721,0.961445889244384
"P3",29,FALSE,FALSE,FALSE,FALSE,7,0.174799124793016,0.174799124793016,0.00221704834413855,635.252348574825,0.999999392102951,7,604.890000000014,"x8*troot(x4*x4)","troot(x4*x4)","x5",1,1,0.999999999893447
"P4",29,FALSE,FALSE,FALSE,FALSE,4,0.537075438630361,0.537075438630361,0.000914476112698111,683.955183587773,0.999999914876669,4,648.709999999963,"troot(x4*x4)*x6","troot(x4*x4)","x9",1,1,0.578046548916814
"P6",29,FALSE,FALSE,FALSE,FALSE,7,0.404702506349315,0.404702506349315,0.00154212019648853,678.263597506423,0.999999808663303,7,666.949999999953,"(troot(x4)*troot(x4))*x7","(troot(x4)*troot(x4))*x9","troot(x4)*troot(x4)",1,1,1
