"Experiment","Run","F1","F2","F3","F4","Count_FP","Correlation","Correlation_FP","MAE","LMP","R2","Count_P","Time","First","Second","Third","FirstM","SecondM","ThirdM"
"P5",28,TRUE,FALSE,FALSE,FALSE,3,0.782114214660598,0.709485619547464,0.000878468490992417,687.684548542454,0.999999891823762,4,NA,"troot((x4*x6)*x4)","x4","x6*x4",0.980856475454522,0.962491494674603,0.955199677089995
"P1",28,FALSE,FALSE,FALSE,FALSE,8,0.398729398482114,0.398729398482114,0.00152907167851212,697.519928711665,0.999999804191269,8,NA,"troot(x4*x4)*x9","troot(x4*x4)*x7","troot(x4*x4)",0.999998442938569,0.999998442938569,0.999998442938569
"P2",28,FALSE,FALSE,FALSE,FALSE,4,0.537075438630361,0.537075438630361,0.000918330500054061,683.955183587773,0.999999914589581,4,NA,"troot(x4*x4)","x6*troot(x4*x4)","x9",0.999999071364135,0.999999071364135,0.581261270149626
"P3",28,FALSE,FALSE,FALSE,FALSE,11,0.526748979159569,0.526748979159569,0.0101422654162753,587.6629018297,0.999858146858194,11,NA,"x4","x6*x4","troot(x4)",1,1,0.999999999997499
"P4",28,TRUE,FALSE,FALSE,FALSE,6,0.592439319372247,0.524512539267622,0.000897373169119112,707.349365390883,0.999999879580777,7,NA,"exp_dbl(x8*x4)","x8*x4","troot(x4*(x6*x4))",1.00001243024387,0.999984745828513,0.999984745828513
"P6",28,FALSE,FALSE,FALSE,FALSE,9,0.64073017854118,0.64073017854118,0.00133288335671643,616.800152557891,0.99999978662179,9,NA,"troot(x4)","x4","troot(x4)*x4",1,1,1
