"Experiment","Run","F1","F2","F3","F4","Count_FP","Correlation","Correlation_FP","MAE","LMP","R2","Count_P","Time","First","Second","Third","FirstM","SecondM","ThirdM"
"P5",28,FALSE,FALSE,FALSE,FALSE,12,0.643931887081154,0.643931887081154,0.00346891660136449,592.155600005631,0.999997577982544,12,544.649999999965,"troot(x9*x4)*x9","x4","troot((x9*x4)*troot(1+(x9*x4)))",1,1,1
"P1",28,FALSE,FALSE,FALSE,FALSE,8,0.398729398482114,0.398729398482114,0.00152907299202089,697.519928711665,0.999999804190874,8,543.330000000016,"troot(x4*x4)*x9","troot(x4*x4)*x7","troot(x4*x4)",1,1,1
"P2",28,FALSE,FALSE,FALSE,FALSE,4,0.537075438630361,0.537075438630361,0.000918330571780376,683.955183587773,0.999999914589483,4,587.799999999988,"x6*troot(x4*x4)","troot(x4*x4)","x9",1,1,0.58125818843738
"P3",28,FALSE,FALSE,FALSE,FALSE,11,0.526748979159569,0.526748979159569,0.00268180507404709,587.6629018297,0.999996246154232,11,552.820000000065,"troot(x4)","x4","x6*x4",1,1,1
"P4",28,FALSE,FALSE,FALSE,FALSE,5,0.57948196066062,0.57948196066062,0.00168817016724155,696.258719132755,0.999999754606283,5,563.5,"x7*troot(x4*(x4*x7))","x9*troot(x4*x4)","troot(x4*x4)",1,1,1
"P6",28,FALSE,FALSE,FALSE,FALSE,14,0.743495294157352,0.743495294157352,0.162859364200343,462.524251035207,0.955012410858714,14,597.650000000023,"x4*(x6*(x10*x4))","(x4*x7)*(x10*x4)","troot(x10*x4)",1,1,1
