"Experiment","Run","F1","F2","F3","F4","Count_FP","Correlation","Correlation_FP","MAE","LMP","R2","Count_P","Time","First","Second","Third","FirstM","SecondM","ThirdM"
"P5",28,TRUE,FALSE,FALSE,FALSE,3,0.782114214660598,0.709485619547464,0.000887463096091624,687.684548542454,0.999999888328005,4,588.300000000047,"troot((x4*x6)*x4)","x4","x4*x6",1,0.979604845420452,0.97383151714491
"P1",28,TRUE,FALSE,FALSE,FALSE,2,0.733983299693192,0.600974949539788,0.000855502564179623,683.919814751585,0.999999888710346,3,611.669999999984,"troot(x4*(x6*x4))","x4*x2","x4",1,0.999999999999998,0.229834384909817
"P2",28,FALSE,FALSE,FALSE,FALSE,5,0.628232210442299,0.628232210442299,0.000914694501154861,673.695386157927,0.99999991602004,5,675.630000000005,"troot(x4)*troot(x4)","troot(x4)*(x6*troot(x4))","x9",1,1,0.589500424957614
"P3",28,FALSE,FALSE,FALSE,FALSE,14,0.49325859049679,0.49325859049679,0.0724601357504755,499.538027431997,0.992141840787223,14,846.859999999986,"x4","x9*x4","x4*x4",1,1,1
"P4",28,FALSE,FALSE,FALSE,FALSE,7,0.419684519176477,0.419684519176477,0.00177962384739348,679.023311890682,0.999999789930547,7,636.75,"troot(x4)*troot(x4)","x7*(troot(x4)*troot(x4))","(troot(x4)*troot(x4))*x9",1,0.997871049561813,0.997871049553253
"P6",28,FALSE,FALSE,FALSE,FALSE,9,0.64073017854118,0.64073017854118,0.0013328833081929,616.800152557891,0.999999786621805,9,609.969999999972,"sigmoid(troot(x4))","troot(x4)*x4","x4",1,1,1
