"Experiment","Run","F1","F2","F3","F4","Count_FP","Correlation","Correlation_FP","MAE","LMP","R2","Count_P","Time","First","Second","Third","FirstM","SecondM","ThirdM"
"P1",7,FALSE,FALSE,FALSE,FALSE,4,0.994644574715872,0.994644574715872,0.0449769979391818,-100.717970320674,0.999810615094787,4,NA,"troot(x4*x4)","x4","x4*x6",0.988651692306216,0.986774239388844,0.500192905917799
"P2",7,TRUE,FALSE,FALSE,FALSE,1,0.50221070672575,0.00442141345149907,0.0321289123566578,-94.5244319535552,0.999961465643022,2,NA,"troot(x4*(x4*x6))","x10",NA,0.993227477899845,0.19050509610309,NA
"P4",7,FALSE,FALSE,FALSE,TRUE,3,0.800487033167485,0.733983070416538,0.0430114296069649,-94.3406692127019,0.99981313375629,4,NA,"troot((x7*x4)*x4)","troot(x4*x4)","x2*x4",0.849797806991782,0.150185320600649,0.150185309700276
"P5",7,FALSE,FALSE,FALSE,FALSE,3,0.381478412441251,0.381478412441251,0.0380484943405164,-96.7669448270558,0.99988679380805,3,NA,"troot(x4*x4)","x2*x4","x7",0.995967265213012,0.961093442302078,0.140137795655419
