"Experiment","Run","F1","F2","F3","F4","Count_FP","Correlation","Correlation_FP","MAE","RMSE","LMP","R2","Count_P","Time","First","Second","Third","FirstM","SecondM","ThirdM"
"S1",20,FALSE,FALSE,FALSE,FALSE,4,0.484579364876817,0.484579364876817,0.000914774419965195,0.0016215792150642,683.811225967151,0.999999911153981,4,1013.22200000001,"troot(x4*x4)","troot(x4*x4)*x6","x9",1,1,0.510312730892607
"S2",20,FALSE,FALSE,FALSE,FALSE,7,0.347842277636557,0.347842277636557,0.00167851053978859,0.00322913364737063,696.999751838421,0.999999647682938,7,1005.95600000001,"troot(x4*x4)","x6*troot(x4*x4)","x9",1,0.999999994925008,0.999996355946978
"S3",20,FALSE,FALSE,FALSE,FALSE,6,0.334694054358938,0.334694054358938,0.000936524252755339,0.00159370535765185,673.695386157928,0.999999914182136,6,912.066999999981,"troot(x4)*troot(x4)","x6*(troot(x4)*troot(x4))","x9",1,1,0.660794505729485
"S4",20,FALSE,FALSE,FALSE,FALSE,4,0.537075438630361,0.537075438630361,0.000917709733220613,0.0015898432185344,673.695386157929,0.999999914597569,4,1067.64099999995,"troot(x4)*troot(x4)","x6*(troot(x4)*troot(x4))","x9",1,1,0.581584940818909
"S5",20,FALSE,FALSE,FALSE,FALSE,4,0.537075438630361,0.537075438630361,0.000917709733221488,0.00158984321852669,673.695386157928,0.999999914597569,4,1055.41100000002,"(troot(x4)*troot(x4))*x6","troot(x4)*troot(x4)","x9",1,1,0.581109690775506
"S6",20,FALSE,FALSE,FALSE,FALSE,6,0.362460622818973,0.362460622818973,0.00149470861001692,0.00274366016400903,685.302907311798,0.999999745655547,6,1166.08100000001,"troot(x4*x4)","x6*(x9*troot((x4*x4)*(x7*x9)))","troot(x8)*troot(x4*x4)",1,1,0.99999999812879
