"Experiment","Run","Correlation","MAE","RMSE","LMP","R2","Count_P","Time","First","Second","Third","FirstM","SecondM","ThirdM"
"S1",11,0.85103115413009,3.33985485402149,5.52179263881195,-1987.37831633803,0.699060189137709,15,3317.601,"x1","p3(x13)*(x6*x11)","exp_dbl(x13)",1,1,1
"S2",11,-0.0817805502318162,6.91420986671337,27.4127446019066,-2437.39370264799,-6.41693540246096,15,3369.206,"x1","x3","x9*x13",1,1,1
"S3",11,0.802182633384976,3.60539358062324,6.59244522530245,-2053.49538460017,0.571044227145652,15,3429.191,"x1","exp_dbl(x13)","x6",1,1,1
"S4",11,0.780625273608196,3.61480733482175,6.52661816697172,-2231.99309451034,0.579567899263418,15,7292.59,"x1","x6","x5",1,1,1
"S5",11,0.876609150562674,3.15546767803366,4.92584185858098,-2433.56094165009,0.760513858607765,15,7491.138,"x1","p0(x8)","x4",1,1,1
"S6",11,0.883272042718635,3.01047864496896,4.72083436696724,-2064.32662088808,0.780033277804355,15,7197.627,"x13*x8","x10*x11","x5",1,1,1
