"Experiment","Run","F1","F2","F3","F4","Count_FP","Correlation","Correlation_FP","MAE","RMSE","LMP","R2","Count_P","Time","First","Second","Third","FirstM","SecondM","ThirdM"
"S1",39,FALSE,FALSE,FALSE,FALSE,3,0.547637388260404,0.547637388260404,0.00096741156515388,0.00163166810029911,673.488289482678,0.999999910045005,3,2475.134,"x6*(troot(x4)*troot(x4))","troot(x4)*troot(x4)","x3",1,1,0.188967301245068
"S2",39,FALSE,TRUE,FALSE,FALSE,4,0.62475996168665,0.530950040244142,0.00166267598827174,0.00249997087562712,696.035958016455,0.999999788830333,5,2184.456,"x7*troot(x4*x4)","troot((x9*x4)*x4)","troot(x4*x4)",1,1,1
"S3",39,FALSE,FALSE,FALSE,FALSE,5,0.41621099516543,0.41621099516543,0.000909137898525219,0.00158942570086445,653.175791298236,0.999999914642419,5,1924.886,"x6*(troot(x4)*troot(x4))","troot(x4)*troot(x4)","x9",1,1,0.568672800224966
"S4",39,FALSE,FALSE,FALSE,FALSE,5,0.592525122582957,0.592525122582957,0.00155053750729326,0.00240726215509449,700.05765013698,0.999999804201927,5,2305.465,"x9*troot(x4*x4)","troot(x4*x4)","p3(x5)",1,0.999999997430121,0.999996722689032
"S5",39,FALSE,FALSE,FALSE,FALSE,14,0.570842627523861,0.570842627523861,26.6128122979166,195.44095782515,570.508508553429,-1289.60338733206,14,2037.586,"x4","(troot(x4)*(x7*x4))*((x4*x4)*x5)","(x4*x4)*x5",1,1,1
"S6",39,FALSE,FALSE,FALSE,FALSE,8,0.327421542004395,0.327421542004395,0.00166581911301742,0.0024618199718268,586.881783173266,0.999999795226281,8,2223.087,"sigmoid(x4)*(troot(1+x4)*troot(1+x4))","(sigmoid(x4)*(troot(1+x4)*troot(1+x4)))*sin_deg(x6)","exp_dbl(sigmoid(x4))",1,1,0.999999999999192
