"Experiment","Run","F1","F2","F3","F4","Count_FP","Correlation","Correlation_FP","MAE","RMSE","LMP","R2","Count_P","Time","First","Second","Third","FirstM","SecondM","ThirdM"
"S1",5,FALSE,FALSE,FALSE,FALSE,5,0.55964764235026,0.55964764235026,0.0958892638830398,0.343907842225825,-99.5125191073178,0.996003813075964,5,739.124,"x4","x4*troot(x4)","x10*x4",1,0.999999999999884,0.999999206718868
"S2",5,FALSE,FALSE,FALSE,FALSE,3,0.381478412441251,0.381478412441251,0.0385482223401544,0.0599263048849844,-96.7669448270558,0.999878662055146,3,746.875,"troot(x4*x4)","x2*x4","x7",0.999951207717221,0.995348121845346,0.154572577261431
"S3",5,FALSE,FALSE,FALSE,FALSE,3,0.788552607527299,0.788552607527299,0.0694025076924488,0.242903423492969,-99.877214903911,0.998006441852737,3,743.385,"x4*x3","troot(x4*x4)","x4",0.99999582739552,0.999995483031663,0.155637368217093
"S4",5,TRUE,FALSE,FALSE,TRUE,0,0.999999460710163,NA,0.0365300495355306,0.0452395674186628,-94.3406692127019,0.999930848990751,2,748.066,"troot(x4*(x4*x7))","troot(x4*(x4*x6))","NA",0.545837109194358,0.454162902024059,"NA"
"S5",5,FALSE,FALSE,FALSE,FALSE,3,0.985488592981159,0.985488592981159,0.0930896270657964,0.341772889351407,-99.5125191073179,0.996053275098896,3,745.91,"x4","x10*x4","x4*troot(x4)",1,0.999999999998006,0.999999999215258
"S6",5,FALSE,FALSE,FALSE,FALSE,3,0.284002128515961,0.284002128515961,0.0384319846524259,0.0600089841047979,-96.7669448270558,0.999878327008719,3,785.408,"troot(x4*x4)","x4*x2","x3",1,0.999999999224773,0.113833654719477
