"Experiment","Run","F1","F2","F3","F4","Count_FP","Correlation","Correlation_FP","MAE","RMSE","LMP","R2","Count_P","Time","First","Second","Third","FirstM","SecondM","ThirdM"
"S1",9,FALSE,FALSE,FALSE,TRUE,1,0.996429109555188,0.992859297690051,0.0438584307007614,0.0769986765776971,-94.3406692127019,0.999799678226077,2,721.477,"troot((x7*x4)*x4)","x4","NA",1,0.161340578608756,"NA"
"S2",9,TRUE,FALSE,FALSE,FALSE,2,0.665760237047183,0.498640355570775,0.0310275357473086,0.0339189965013769,-94.5244319535552,0.99996112703869,3,765.781,"troot(x4*(x6*x4))","x10","x4",1,0.283702407229145,0.108736777015729
"S3",9,TRUE,FALSE,FALSE,FALSE,2,0.665760237047183,0.498640355570775,0.0313470397981302,0.0340521832599502,-94.5244319535552,0.999960821161218,3,719.025,"troot(x4*(x4*x6))","x10","x4",1,0.306851538792561,0.103746966991155
"S4",9,TRUE,FALSE,FALSE,FALSE,0,1,NA,0.0320192860599527,0.0331570607057134,-94.5244319535552,0.999962853860557,1,757.747,"troot(x4*(x4*x6))","NA","NA",1,"NA","NA"
"S5",9,FALSE,FALSE,FALSE,FALSE,5,0.773871805313793,0.773871805313793,0.0635463991356159,0.180035138988017,-105.458426272053,0.998904843481411,5,724.279,"troot(x4)*x4","x4","x4*x7",0.999999999994461,0.999991250932107,0.984423225289435
"S6",9,FALSE,FALSE,FALSE,FALSE,3,0.995239401024006,0.995239401024006,0.0448812987960566,0.0737895057388516,-105.850307972382,0.999816028377499,3,748.799,"troot(x4)*troot(x4)","x4","x9*x4",1,0.999999965367586,0.99999754359382
