"Experiment","Run","F1","F2","F3","F4","Count_FP","Correlation","Correlation_FP","MAE","RMSE","LMP","R2","Count_P","Time","First","Second","Third","FirstM","SecondM","ThirdM"
"S1",18,TRUE,FALSE,FALSE,FALSE,0,1,NA,0.0323056819870074,0.0332694009397949,-94.5244319535552,0.999962601722687,1,684.889,"troot((x4*x6)*x4)","NA","NA",1,"NA","NA"
"S2",18,FALSE,FALSE,FALSE,FALSE,4,0.720245756702868,0.720245756702868,0.093146459672632,0.339683792070767,-99.5125191073178,0.99610137659158,4,883.837,"x4","x4*troot(x4)","x4*x10",0.999999999888247,0.999999999869416,0.999999999868727
"S3",18,FALSE,FALSE,FALSE,FALSE,9,0.0179400974422951,0.0179400974422951,0.323636005055523,0.706542375625534,-218.191670918173,0.983132991478585,9,638.717,"x4","sin_deg(x2*x8)","x2*x8",1,0.999999999999999,0.999999999999999
"S4",18,FALSE,FALSE,FALSE,FALSE,4,0.189608373647879,0.189608373647879,0.0396775193729834,0.0615653144756013,-96.7669448270559,0.999871934001409,4,767.575,"troot(x4*x4)","x4*x2","x2",1,0.999992262242393,0.238607990451726
"S5",18,FALSE,FALSE,FALSE,FALSE,4,0.740221798098744,0.740221798098744,0.0946972762747081,0.343086730873558,-99.5125191073179,0.996022872817139,4,732.597,"troot(x4)*x4","x4","x10*x4",1,1,0.999999998251081
"S6",18,FALSE,FALSE,FALSE,FALSE,3,0.985488592981159,0.985488592981159,0.0930677813817238,0.341644590369945,-99.5125191073178,0.996056237684628,3,741.557,"x4","x4*troot(x4)","x10*x4",1,1,0.999999999999565
