"Experiment","Run","F1","F2","F3","F4","Count_FP","Correlation","Correlation_FP","MAE","LMP","R2","Count_P","Time","First","Second","Third","FirstM","SecondM","ThirdM"
"P1",4,TRUE,FALSE,FALSE,TRUE,1,0.635475343487986,-0.0935728909563669,0.0379591803807739,-94.3406692127019,0.999920089608668,3,NA,"troot(x4*(x4*x7))","troot((x6*x4)*x4)","x2",0.54518489548392,0.453666458007412,0.150497479357454
"P4",4,FALSE,FALSE,FALSE,FALSE,2,0.604544956779782,0.604544956779782,0.0379871745874431,-96.7669448270558,0.999877423385325,2,NA,"troot(x4*x4)","x2*x4",NA,0.999715390770738,0.999715382915943,NA
"P5",4,FALSE,FALSE,FALSE,FALSE,3,0.371839007534399,0.371839007534399,0.0401009682608102,-96.7669448270558,0.9998710864133,3,NA,"x4*x2","troot(x4*x4)","x2",0.995368750232782,0.995256960471613,0.19550151888069
"P6",4,FALSE,FALSE,TRUE,FALSE,5,0.99155407933718,0.989864936865089,0.0661086276174334,-99.5125191073179,0.998220082542339,6,NA,"x4","x10*x4","troot(x4)*x4",0.814413203731848,0.629857990568262,0.627023097968647
