"Experiment","Run","F1","F2","F3","F4","Count_FP","Correlation","Correlation_FP","MAE","LMP","R2","Count_P","Time","First","Second","Third","FirstM","SecondM","ThirdM"
"P1",4,FALSE,FALSE,FALSE,FALSE,7,0.72533645630095,0.72533645630095,0.0413270446272516,-102.146901329513,0.999574202995656,7,341.657,"x4","p0(x4)*x4","x7*x4",0.999999983718721,0.99999863021216,0.545826977871213
"P4",4,FALSE,FALSE,FALSE,FALSE,4,0.715723107646747,0.715723107646747,0.100955921669961,-104.251316354003,0.995470038455498,4,378.217000000004,"x4","troot(x4)*x4","x10*(x9*x4)",1,0.999999999836958,0.999999998440001
"P5",4,FALSE,FALSE,FALSE,FALSE,3,0.371839007534399,0.371839007534399,0.0402329015856533,-96.7669448270558,0.999870119983021,3,362.11099999999,"x4*x2","troot(x4*x4)","x2",0.999956936271311,0.999844631211445,0.195248397122085
"P6",4,FALSE,FALSE,TRUE,FALSE,1,0.453213450370635,-0.0935728909563669,0.0391518127065103,-100.73060235727,0.999880251545429,2,380.381999999998,"troot((x4*x9)*(x4*x9))","x2",NA,1,0.375683338101843,NA
