"Experiment","Run","F1","F2","F3","F4","Count_FP","Correlation","Correlation_FP","MAE","LMP","R2","Count_P","Time","First","Second","Third","FirstM","SecondM","ThirdM"
"P1",4,TRUE,FALSE,FALSE,FALSE,1,0.453213554521817,-0.0935728909563669,0.0339826279609172,-94.5244319535552,0.999943570581412,2,332.435,"troot((x6*x4)*x4)","x2",NA,1,0.331735963065171,NA
"P4",4,FALSE,FALSE,FALSE,FALSE,3,0.995239695508008,0.995239695508008,0.057719940244134,-108.556364951704,0.998827901198597,3,387.223000000005,"troot(x4)*(x9*troot(x4))","x4","x6*x4",1,0.99999996608823,0.999999870951812
"P5",4,FALSE,FALSE,FALSE,FALSE,4,0.720539122312814,0.720539122312814,0.0534549038365063,-102.146901329513,0.999295855567966,4,382.635999999999,"x4","x4*p0(x4)","x7*x4",1,1,0.999571320447582
"P6",4,FALSE,FALSE,FALSE,FALSE,4,0.740221798098744,0.740221798098744,0.0947072363068311,-99.5125191073179,0.99602333546787,4,332.676999999996,"x4","x10*x4","troot(x4)*x4",0.99998040688683,0.999869629391111,0.999866000281606
