"Experiment","Run","F1","F2","F3","F4","Count_FP","Correlation","Correlation_FP","MAE","RMSE","LMP","R2","Count_P","Time","First","Second","Third","FirstM","SecondM","ThirdM"
"S1",6,FALSE,FALSE,FALSE,FALSE,5,0.414563800477888,0.414563800477888,0.000946370578713808,0.00159615441815129,683.955183587772,0.999999913918179,5,2331.173,"troot(x4*x4)","troot(x4*x4)*x6","x9",1,1,0.651481048198773
"S2",6,FALSE,TRUE,FALSE,FALSE,2,0.664571385450879,0.496857254447978,0.00135486160360022,0.00211353797155051,698.05808829132,0.999999849067855,3,2385.361,"troot((x4*x9)*x4)","x6*troot((x4*x7)*x4)","p3(x5)",1,0.999999993821255,0.999999452126944
"S3",6,FALSE,FALSE,FALSE,FALSE,15,0.326677683677555,0.326677683677555,155.478730815902,1141.62388883794,302.79690668084,-44034.9866883839,15,2090.139,"p3((x2*x8)*(x2*x8))","(x7*x4)*(x4*x5)","(x4*x5)*(x4*x5)",1,1,1
"S4",6,FALSE,FALSE,FALSE,FALSE,3,0.64150431355363,0.64150431355363,0.000984194376760755,0.00164860334530099,673.488289482678,0.999999908168011,3,1882.784,"x6*(troot(x4)*troot(x4))","troot(x4)*troot(x4)","x6",1,1,0.129063063684323
"S5",6,FALSE,FALSE,FALSE,FALSE,7,0.285985359188983,0.285985359188983,0.00132901619194687,0.00183488855319262,660.041427745235,0.999999886242243,7,2425.097,"troot(x4*x4)","troot(1+(x4*x6))*troot(1+(x4*x6))","x9",1,1,0.938724618847795
"S6",6,FALSE,TRUE,FALSE,FALSE,5,0.310807300907857,0.172968831598092,0.00273222685687713,0.0096033440792649,685.889148095682,0.999996883934235,6,2019.216,"troot(x4*(x9*x4))","troot(x4*(x9*x4))*x6","x5*x5",1,1,0.93491633567071
