"Experiment","Run","Correlation","MAE","RMSE","LMP","R2","Count_P","Time","First","Second","Third","FirstM","SecondM","ThirdM"
"S1",3,0.888351614757331,2.87244496776207,4.63414011127283,-1690.87280209203,0.788038112836328,15,3462.353,"x1","x2","x10*troot(x13)",1,1,1
"S2",3,0.848669967140799,3.42624705617573,5.37112346684758,-2191.7836803126,0.715259182115003,15,3446.44,"x1","troot(x11)","troot(exp_dbl(x6))",1,1,1
"S3",3,0.394043180862358,4.4472983753957,11.3817024423888,-2227.61994758565,-0.278597678817103,15,7715.539,"x1","sigmoid(x11)","x8*x12",1,1,1
"S4",3,0.867989030040483,3.27779713002345,5.01304189876502,-2851.81684117422,0.751959769832594,15,7446.593,"x1","p3(x12)","x4",1,1,1
"S5",3,0.700918445212792,4.38476898976979,9.66311846932271,-3385.30311383138,0.0783753864758737,15,7948.243,"x5","x6","x1*x8",1,1,1
"S6",3,0.882920720508063,3.0505118397745,4.72959612161866,-1770.00293530988,0.779216014241436,14,5934.388,"x1","p3(x10)","x5",1,1,1
