"Experiment","Run","F1","F2","F3","F4","Count_FP","Correlation","Correlation_FP","MAE","RMSE","LMP","R2","Count_P","Time","First","Second","Third","FirstM","SecondM","ThirdM"
"S1",15,TRUE,FALSE,FALSE,FALSE,0,1,NA,0.0320816518506497,0.0329964307357562,-94.5244319535552,0.999963212899027,1,2282.70900000003,"troot((x6*x4)*x4)","NA","NA",0.998106570993953,"NA","NA"
"S2",15,FALSE,FALSE,FALSE,TRUE,1,0.502210167435913,0.00442141345149907,0.0453785676535429,0.0796046583076633,-94.3406692127019,0.9997858891868,2,2259.783,"troot(x4*(x4*x7))","x10","NA",0.999999999999976,0.218518366177413,"NA"
"S3",15,TRUE,FALSE,FALSE,FALSE,0,1,NA,0.0321162985974107,0.032994134579374,-94.5244319535552,0.999963218018732,1,2087.24300000002,"troot(x4*(x6*x4))","NA","NA",0.999999884977419,"NA","NA"
"S4",15,TRUE,FALSE,FALSE,FALSE,0,1,NA,0.0324460955414666,0.0335213223218142,-94.5244319535552,0.999962033206529,1,2283.842,"troot((x6*x4)*x4)","NA","NA",1,"NA","NA"
"S5",15,FALSE,FALSE,FALSE,FALSE,2,0.686399262445923,0.686399262445923,0.0714617483072113,0.25237813923553,-99.877214903911,0.997847886836499,2,2232.22499999998,"x4*x3","troot(x4*x4)","NA",0.999999999236071,0.999999064296361,"NA"
"S6",15,FALSE,FALSE,FALSE,FALSE,3,0.788552607527299,0.788552607527299,0.0693932433772151,0.242862535435265,-99.877214903911,0.998007112949577,3,2172.13500000001,"troot(x4*x4)","x4*x3","x4",0.999999999910846,0.999994336164253,0.155549394687835
