"Experiment","Run","F1","F2","F3","F4","Count_FP","Correlation","Correlation_FP","MAE","LMP","R2","Count_P","Time","First","Second","Third","FirstM","SecondM","ThirdM"
"P1",27,TRUE,FALSE,FALSE,FALSE,0,1,NA,0.0308483277681642,-94.5244319535552,0.999966859960827,1,NA,"troot((x4*x6)*x4)","NA","NA",0.898328949589662,"NA","NA"
"P2",27,FALSE,FALSE,FALSE,TRUE,2,0.665759877520625,0.498640355570775,0.0442561123422685,-94.3406692127019,0.999795664350304,3,NA,"troot((x4*x7)*x4)","x10","x4",0.989664475556469,0.188741988418184,0.135136514249437
"P3",27,FALSE,FALSE,FALSE,FALSE,2,0.604544956779782,0.604544956779782,0.038862351878941,-96.7669448270558,0.999878271793886,2,NA,"troot(x4*x4)","x2*x4","NA",0.99995823203095,0.98261415730162,"NA"
"P4",27,TRUE,FALSE,FALSE,FALSE,0,1,NA,0.030286484276292,-94.5244319535552,0.999968452205828,1,NA,"troot(x4*(x4*x6))","NA","NA",0.900701723740716,"NA","NA"
"P5",27,FALSE,FALSE,FALSE,FALSE,2,0.604544956779782,0.604544956779782,0.0388825140303093,-101.896843541979,0.999879290300498,2,NA,"troot(x4)*troot(x4)","x2*x4","NA",0.999993909945507,0.987441194680102,"NA"
"P6",27,FALSE,FALSE,FALSE,FALSE,4,0.79872703430552,0.79872703430552,0.0396994772599112,-100.720409257459,0.99989138548165,4,NA,"troot(x4*x4)","x4*x9","x4",0.999998079762799,0.762156335972358,0.761262729023628
