"Experiment","Run","F1","F2","F3","F4","Count_FP","Correlation","Correlation_FP","MAE","LMP","R2","Count_P","Time","First","Second","Third","FirstM","SecondM","ThirdM"
"P1",27,FALSE,FALSE,FALSE,FALSE,2,0.604544956779782,0.604544956779782,0.0389695838509078,-96.7669448270558,0.999877581422637,2,593.099999999977,"troot(x4*x4)","x2*x4","NA",0.999999648498782,0.999993922100453,"NA"
"P2",27,FALSE,FALSE,FALSE,TRUE,2,0.665759877520625,0.498640355570775,0.0446566177379873,-94.3406692127019,0.999785618527014,3,624.569999999949,"troot((x4*x7)*x4)","x10","x4",1,0.189940558832396,0.130873744764476
"P3",27,FALSE,FALSE,FALSE,FALSE,2,0.604544886132465,0.604544886132465,0.0393775073008966,-106.874178190765,0.999875248140891,2,600.190000000061,"troot(1+(1+(x4*x4)))","x2*x4","NA",1,1,"NA"
"P4",27,FALSE,FALSE,FALSE,FALSE,4,0.747534916920631,0.747534916920631,0.0442063939294109,-100.733281436995,0.999818706447911,4,593.939999999944,"troot(x4*x4)","x7*x4","x4",1,0.999999999999447,0.99999970371923
"P5",27,FALSE,FALSE,FALSE,FALSE,2,0.604544956779782,0.604544956779782,0.0389619557991108,-101.896843541979,0.999877594504692,2,592.060000000056,"troot(x4)*troot(x4)","x2*x4","NA",0.999993371427732,0.993832305401408,"NA"
"P6",27,FALSE,FALSE,FALSE,FALSE,5,0.208911003336645,0.208911003336645,0.0378030495478967,-101.884955446978,0.999875423755747,5,641.260000000009,"troot(x4*x4)","sin_deg(x2)*x4","x6",1,0.999999999999927,0.194730839035122
