"Experiment","Run","F1","F2","F3","F4","Count_FP","Correlation","Correlation_FP","MAE","LMP","R2","Count_P","Time","First","Second","Third","FirstM","SecondM","ThirdM"
"P1",27,FALSE,FALSE,FALSE,FALSE,4,0.740221798098744,0.740221798098744,0.0947946846412068,-99.5125191073178,0.996012700999035,4,552.979999999981,"x4","troot(x4)*x4","x10*x4",1,1,0.989023462398918
"P2",27,FALSE,FALSE,FALSE,FALSE,5,0.573462860287722,0.573462860287722,0.0970157943084898,-99.5125191073178,0.995960126463717,5,579.329999999958,"x4*troot(x4)","x4","x4*x10",1,1,0.999984222096348
"P3",27,FALSE,FALSE,FALSE,FALSE,5,0.39535659492743,0.39535659492743,0.737861192070141,-110.635973885856,0.193913232504319,5,544.709999999963,"x4","x4*(x4*x3)","(x2*x4)*x4",1,0.973313951248573,0.973313951248557
"P4",27,FALSE,FALSE,FALSE,FALSE,3,0.381478412441251,0.381478412441251,0.0389571174939712,-96.7669448270558,0.999872604673784,3,545.279999999912,"troot(x4*x4)","x2*x4","x7",0.999999998072405,0.999999910038026,0.165560600009772
"P5",27,FALSE,FALSE,FALSE,FALSE,3,0.404503775670354,0.404503775670354,0.0389175171395094,-101.896843541979,0.99987511099848,3,546.040000000037,"troot(x4)*troot(x4)","x4*x2","x10",0.999999974730564,0.999998652866181,0.174248598641096
"P6",27,FALSE,FALSE,FALSE,FALSE,3,0.995239401024006,0.995239401024006,0.0448677352724676,-100.720409257459,0.999816562493433,3,577.120000000112,"troot(x4*x4)","x4*x9","x4",1,0.99999999999999,0.99882500854002
