"Experiment","Run","F1","F2","F3","F4","Count_FP","Correlation","Correlation_FP","MAE","LMP","R2","Count_P","Time","First","Second","Third","FirstM","SecondM","ThirdM"
"P1",27,FALSE,FALSE,FALSE,FALSE,5,0.364123495519499,0.364123495519499,0.0554015618683062,-106.835194069395,0.999364189530897,5,515.689999999944,"troot(x4*x4)","x4","x8*troot(x4*x4)",1,0.575953693312719,0.490814091091039
"P2",27,TRUE,FALSE,FALSE,FALSE,0,1,NA,0.0320973156356313,-104.784229383401,0.999963728170903,1,569.080000000075,"troot((x4*x4))*troot(x6)","NA","NA",0.994502927918026,"NA","NA"
"P3",27,FALSE,FALSE,FALSE,FALSE,3,0.459073312781115,0.459073312781115,0.0710414805451449,-105.007113618834,0.997848281684068,3,523.689999999944,"troot(x4)*troot(x4)","x4*x3","x10",0.999996953578682,0.999949657943054,0.122199252859158
"P4",27,FALSE,FALSE,FALSE,FALSE,4,0.727558975590137,0.727558975590137,0.0407234846656791,-100.717970320674,0.999847876699532,4,540.95000000007,"troot(x4*x4)","x4*x6","x4",0.999999999999022,0.999999999997499,0.976577829249478
"P5",27,FALSE,FALSE,FALSE,FALSE,7,0.705401663192245,0.705401663192245,0.0663374263878894,-113.981910210756,0.999382525042127,7,518.060000000056,"x4","troot(x4)","x2*x4",0.965169912043731,0.947654093885424,0.7326131266694
"P6",27,FALSE,FALSE,FALSE,FALSE,7,0.692814143666323,0.692814143666323,0.0386684195842275,-113.611867788072,0.999543872555361,7,549.580000000075,"x4","x4*x6","troot(troot(x4))*x4",0.999999999496815,0.999741810289324,0.99974180997709
