"Experiment","Run","F1","F2","F3","F4","Count_FP","Correlation","Correlation_FP","MAE","LMP","R2","Count_P","Time","First","Second","Third","FirstM","SecondM","ThirdM"
"P1",28,TRUE,FALSE,FALSE,FALSE,3,0.727559147547627,0.636745530063503,0.000842234988495859,687.684548542455,0.999999891635657,4,NA,"troot(x4*(x6*x4))","x4","x4*x6",1,0.999998168082453,0.999998084534354
"P3",28,FALSE,FALSE,FALSE,TRUE,7,0.468026480898446,0.392030417966748,0.00235304417629737,631.148544559,0.999999189037784,8,NA,"x4","x4*x7","troot(x4*(x4*x7))",1,0.99999999990636,0.99999999990636
"P4",28,FALSE,FALSE,FALSE,FALSE,5,0.635460476104504,0.635460476104504,0.00173759980045736,694.413008035453,0.999999792422461,5,NA,"troot(x4*x4)","troot(x4*x4)*x9","troot(x4*x4)*x7",1,0.999985239951911,0.999985239911782
"P5",28,TRUE,FALSE,FALSE,FALSE,4,0.783101751789505,0.728877189736882,0.000926426865862608,694.252963442309,0.999999880793369,5,NA,"troot(x4*(x6*x4))","x4","x6*x4",1,0.99999050760417,0.998516448491564
"P6",28,TRUE,FALSE,FALSE,FALSE,3,0.994644746673362,0.992859662231149,0.000827691061582147,687.881431327977,0.999999891858149,4,NA,"troot(x4*(x4*x6))","x4","x4*x7",0.98928970530361,0.989276326824986,0.543186578719174
