"Experiment","Run","F1","F2","F3","F4","Count_FP","Correlation","Correlation_FP","MAE","LMP","R2","Count_P","Time","First","Second","Third","FirstM","SecondM","ThirdM"
"P1",28,FALSE,FALSE,FALSE,FALSE,14,0.340209118716282,0.340209118716282,3.39958116378541,573.728775403481,-19.7967389367905,14,379.848,"x4","p0(x4)","troot(x4)",1,1,1
"P3",28,FALSE,FALSE,FALSE,FALSE,13,0.728477315197449,0.728477315197449,0.0807130844283211,608.05698659166,0.988607822117747,13,432.945,"x10*x4","x4","troot(1+(x1+((x6*x4)+(x4*x4))))",1,1,1
"P4",28,FALSE,FALSE,FALSE,FALSE,5,0.635460476104504,0.635460476104504,0.00173759980146285,694.413008035453,0.999999792422461,5,368.997000000003,"troot(x4*x4)","troot(x4*x4)*x9","troot(x4*x4)*x7",1,0.999985240957552,0.999985240917424
"P5",28,FALSE,FALSE,FALSE,FALSE,11,0.711000327428212,0.711000327428212,0.983576908313219,483.967137875683,-0.700437154375758,11,497.034,"x10*x4","p3(x4*x3)","(x9*x4)*troot(x4*x3)",1,1,1
"P6",28,TRUE,FALSE,FALSE,FALSE,2,0.995239780774171,0.992859671161257,0.000830876858461481,687.684548542455,0.999999890064577,3,390.206000000006,"troot((x6*x4)*x4)","x4","x6*x4",1,0.999966334837745,0.994288689362207
