"Experiment","Run","F1","F2","F3","F4","Count_FP","Correlation","Correlation_FP","MAE","RMSE","LMP","R2","Count_P","Time","First","Second","Third","FirstM","SecondM","ThirdM"
"S1",25,FALSE,FALSE,FALSE,FALSE,1,0.99999974420151,0.99999974420151,0.0643586488796094,0.317962090958674,-24.0166299391974,0.996584043556092,1,2504.19,"troot(x4*x4)*x9","NA","NA",0.940695277464156,"NA","NA"
"S2",25,FALSE,FALSE,FALSE,TRUE,0,0.999998921420326,NA,0.0184575270017502,0.0723351887971219,-20.678976752487,0.999823208706029,1,2497.295,"troot(x4*(x4*x7))","NA","NA",0.999994388995314,"NA","NA"
"S3",25,FALSE,FALSE,FALSE,FALSE,1,0.999988480475361,0.999988480475361,0.0979530813992542,0.4889974598401,-31.5183694137513,0.99192067939669,1,2463.861,"troot((x7*x4)*(x7*x4))","NA","NA",0.999999999906044,"NA","NA"
"S4",25,FALSE,FALSE,FALSE,FALSE,1,0.99999974420151,0.99999974420151,0.0764968055674687,0.379565881751437,-24.0166299391974,0.995132163626081,1,2432.155,"troot(x4*x4)*x9","NA","NA",1,"NA","NA"
"S5",25,FALSE,FALSE,FALSE,FALSE,1,0.99999974420151,0.99999974420151,0.0763519279707913,0.379121172391427,-24.0166299391974,0.995143563513955,1,2510.525,"troot(x4*x4)*x9","NA","NA",1,"NA","NA"
"S6",25,FALSE,FALSE,FALSE,FALSE,1,0.99999974420151,0.99999974420151,0.0613691204771645,0.301868925535919,-24.0166299391974,0.996921079652398,1,2590.865,"x9*troot(x4*x4)","NA","NA",0.902930121805581,"NA","NA"
