"Experiment","Run","F1","F2","F3","F4","Count_FP","Correlation","Correlation_FP","MAE","LMP","R2","Count_P","Time","First","Second","Third","FirstM","SecondM","ThirdM"
"P1",8,FALSE,FALSE,FALSE,FALSE,4,0.260008567617798,0.260008567617798,0.0381661363556746,-96.7669448270558,0.999871710449673,4,624.280000000028,"troot(x4*x4)","x4*x2","x6",0.99999999999948,0.999999967763628,0.252077028090793
"P2",8,FALSE,FALSE,FALSE,FALSE,3,0.404503775670354,0.404503775670354,0.0389700213158878,-96.7669448270558,0.999871852926641,3,655.5,"troot(x4*x4)","x4*x2","x10",0.999999999925152,0.999999754927974,0.15794967899712
"P3",8,FALSE,FALSE,FALSE,FALSE,4,0.489777988064973,0.489777988064973,0.0354621040612117,-100.723720798733,0.999905414765332,4,596.079999999958,"x4*x8","troot(x4*x4)","x4",1,0.999999542322357,0.667766172825644
"P4",8,FALSE,FALSE,FALSE,FALSE,3,0.371839007534399,0.371839007534399,0.0402445136407388,-96.7669448270558,0.999865898234074,3,621.339999999967,"troot(x4*x4)","x2*x4","x2",1,0.999999999999993,0.19350648038751
"P5",8,FALSE,FALSE,FALSE,FALSE,3,0.995239401024006,0.995239401024006,0.0433322745822474,-100.720409257459,0.999833073650841,3,597.920000000042,"troot(x4*x4)","x9*x4","x4",0.999999887868722,0.999986721462764,0.999974986506711
"P6",8,FALSE,FALSE,FALSE,FALSE,2,0.999974061963473,0.999974061963473,0.0419573104517051,-106.962079344774,0.999886356275603,2,646.840000000084,"troot(x4*x4)","x7*troot(x4*x4)","NA",1,0.999998663427042,"NA"
