"Experiment","Run","F1","F2","F3","F4","Count_FP","Correlation","Correlation_FP","MAE","LMP","R2","Count_P","Time","First","Second","Third","FirstM","SecondM","ThirdM"
"P1",8,FALSE,FALSE,FALSE,FALSE,3,0.371839007534399,0.371839007534399,0.0402322208695797,-101.896843541979,0.999870079377723,3,608.609999999986,"troot(x4)*troot(x4)","x2*x4","x2",0.999995445505223,0.999966196975586,0.181119567475616
"P2",8,FALSE,FALSE,FALSE,FALSE,3,0.371839007534399,0.371839007534399,0.0401640107854033,-96.7669448270558,0.999867082636071,3,601.869999999995,"troot(x4*x4)","x2*x4","x2",1,0.999999999996497,0.181415733939552
"P3",8,FALSE,FALSE,FALSE,FALSE,6,0.707026373215129,0.707026373215129,0.075058272011891,-105.458426272053,0.997353532920058,6,573.640000000014,"x4","x4*troot(x4)","x4*x4",0.999997883330811,0.999138353488853,0.996178235694696
"P4",8,FALSE,FALSE,FALSE,FALSE,3,0.381478412441251,0.381478412441251,0.0388160406118459,-96.7669448270558,0.999877862700858,3,613,"troot(x4*x4)","x4*x2","x7",1,0.999999829291932,0.166472962848283
"P5",8,FALSE,FALSE,FALSE,FALSE,3,0.284002128515961,0.284002128515961,0.0386336835593582,-96.7669448270558,0.999874952052397,3,573.289999999921,"troot(x4*x4)","x2*x4","x3",0.999999999999983,0.98712558823889,0.111150973980204
"P6",8,FALSE,FALSE,FALSE,TRUE,2,0.665759877520625,0.498640355570775,0.0446566042378068,-94.3406692127019,0.999785618840764,3,612.909999999916,"troot((x4*x7)*x4)","x10","x4",0.999999999997958,0.189809890278965,0.130843966343042
