"Experiment","Run","F1","F2","F3","F4","Count_FP","Correlation","Correlation_FP","MAE","LMP","R2","Count_P","Time","First","Second","Third","FirstM","SecondM","ThirdM"
"P1",8,FALSE,FALSE,FALSE,FALSE,6,0.533381716670364,0.533381716670364,0.0642338199746906,-99.877214903911,0.998570400748543,6,550.800000000047,"troot(x4*x4)","x3*x4","x4",0.997932684065553,0.659740433924728,0.410560462343721
"P2",8,FALSE,FALSE,FALSE,FALSE,3,0.284002128515961,0.284002128515961,0.0385519606869614,-96.7669448270558,0.999874270120009,3,600.760000000009,"x2*x4","troot(x4*x4)","x3",1,1,0.105186539096201
"P3",8,FALSE,FALSE,FALSE,FALSE,3,0.985488592981159,0.985488592981159,0.0923164748778458,-99.5125191073178,0.996041145939032,3,546.559999999939,"x4","x10*x4","troot(x4)*x4",1,0.998910742504632,0.984593014727607
"P4",8,TRUE,FALSE,FALSE,FALSE,1,0.462258623933997,-0.075482752132005,0.0320212350827946,-94.5244319535552,0.999962841600344,2,563.630000000005,"troot(x4*(x4*x6))","x6","NA",0.999999965964382,0.119297664474665,"NA"
"P5",8,FALSE,FALSE,TRUE,FALSE,1,0.996429544693844,0.992859297690051,0.0369827293733642,-100.73060235727,0.99989701143412,2,505.329999999958,"troot((x4*x9)*(x4*x9))","x4","NA",0.999890949634051,0.132050540933657,"NA"
"P6",8,FALSE,FALSE,FALSE,FALSE,4,0.262715586591847,0.262715586591847,0.0403449928126425,-96.7669448270558,0.999869826999767,4,581.89000000013,"troot(x4*x4)","x4*x2","x2",0.999999999915241,0.999976505938436,0.196669329167864
