"Experiment","Run","F1","F2","F3","F4","Count_FP","Correlation","Correlation_FP","MAE","LMP","R2","Count_P","Time","First","Second","Third","FirstM","SecondM","ThirdM"
"P1",36,FALSE,FALSE,FALSE,FALSE,14,0.521737134397303,0.521737134397303,0.0227825768623437,593.963544582093,0.999274823030087,14,429.774000000001,"x9*x4","x4","x6*x4",1,1,1
"P3",36,FALSE,FALSE,FALSE,FALSE,11,0.790635444066522,0.790635444066522,0.00186233121238198,601.922594362457,0.999999415505738,11,432.992000000006,"x6*(p0(troot(x4))*troot(x4))","x4*x9","x4",1,1,1
"P4",36,FALSE,FALSE,FALSE,FALSE,4,0.537075438630361,0.537075438630361,0.000916150553495007,683.955183587773,0.999999914800979,4,371.305000000008,"troot(x4*x4)","troot(x4*x4)*x6","x9",1,1,0.557414393813101
"P5",36,FALSE,FALSE,FALSE,FALSE,6,0.852174445276782,0.852174445276782,0.0011679308934241,612.687055221487,0.999999836523353,6,439.969999999987,"x4","troot(x4)*(troot(x4)*p0(troot(x4)))","troot(x4)*p0(troot(x4))",1,1,1
"P6",36,FALSE,FALSE,FALSE,FALSE,3,0.645113672185694,0.645113672185694,0.000974385035835948,683.748086912524,0.999999908598688,3,383.592000000004,"x6*troot(x4*x4)","troot(x4*x4)","x7",1,1,0.18433445366176
