"Experiment","Run","F1","F2","F3","F4","Count_FP","Correlation","Correlation_FP","MAE","LMP","R2","Count_P","Time","First","Second","Third","FirstM","SecondM","ThirdM"
"P1",12,FALSE,FALSE,FALSE,FALSE,10,0.714713779016379,0.714713779016379,0.0208293399944396,557.299422517549,0.999427194478729,10,467.098,"x7","x10","x4*x10",1,1,1
"P2",12,FALSE,FALSE,FALSE,FALSE,11,0.339994476901772,0.339994476901772,0.00195540246359497,608.716167314952,0.999999606996308,11,414.411,"x4","x4*x7","x4*x9",1,1,1
"P3",12,TRUE,FALSE,FALSE,FALSE,4,0.573525097280781,0.466906375297473,0.000937214596527993,670.08668022129,0.999999877709999,5,345.414000000004,"troot(1+((x6*x4)*x4))","x6*x4","x4",1,0.999990431020844,0.999969322677831
"P4",12,FALSE,FALSE,FALSE,FALSE,12,0.692351390299905,0.692351390299905,0.143685461320102,595.15580805971,0.965527251257061,12,397.502,"p0(x4)*(x4*x4)","x4*x4","x6*(x4*x6)",1,1,1
"P5",12,FALSE,FALSE,FALSE,FALSE,10,0.506039034701338,0.506039034701338,0.148604196456065,575.856801672854,0.962312430823812,10,382.205000000002,"p3(x7)","x4","(x3*x2)*(x4*x3)",1,1,1
"P6",12,FALSE,FALSE,FALSE,FALSE,6,0.524374978452106,0.524374978452106,0.00158459728964821,695.312635688231,0.999999806277646,6,373.603999999992,"troot(x4*x4)","x9*troot(x4*x4)","x7*troot(x4*x4)",1,1,1
