"Experiment","Run","F1","F2","F3","F4","Count_FP","Correlation","Correlation_FP","MAE","RMSE","LMP","R2","Count_P","Time","First","Second","Third","FirstM","SecondM","ThirdM"
"S1",17,TRUE,FALSE,FALSE,FALSE,0,1,NA,2.9930666097094e+280,Inf,-94.5244319535552,-Inf,1,687.897,"troot(x4*(x6*x4))","NA","NA",0.999999999999972,"NA","NA"
"S2",17,FALSE,FALSE,FALSE,FALSE,3,0.788552607527299,0.788552607527299,0.0708889892885506,0.250147134596722,-99.877214903911,0.997885767712891,3,740.503,"troot(x4*x4)","x4*x3","x4",0.999982820247592,0.99644042717034,0.157742697904066
"S3",17,FALSE,FALSE,FALSE,FALSE,3,0.381478412441251,0.381478412441251,0.0383378445504379,0.0600149310903255,-96.7669448270559,0.999878302891551,3,701.194,"troot(x4*x4)","x2*x4","x7",1,0.999999991282836,0.150454533794245
"S4",17,FALSE,FALSE,FALSE,FALSE,5,0.785640011689729,0.785640011689729,NA,NA,-106.809773752284,NA,5,744.68,"troot(x4*x4)","x6*troot(x4*x4)","troot(x4*x4)*x9",0.998567233170384,0.545337315263733,0.456095272022846
"S5",17,FALSE,FALSE,FALSE,FALSE,4,0.58187243788255,0.58187243788255,0.0589018081910145,0.171554709558807,-99.877214903911,0.999005586696698,4,664.526,"troot(x4*x4)","x4*x3","x4",1,0.683723598558761,0.325754378419748
"S6",17,FALSE,FALSE,FALSE,FALSE,3,0.991909793402541,0.991909793402541,0.0511257094128863,0.144925539779993,-102.146901329513,0.999290338100988,3,781.588,"x7*x4","x4","x4*p0(x4)",0.999999999999935,0.999999999586535,0.999999143630909
