"Experiment","Run","F1","F2","F3","F4","Count_FP","Correlation","Correlation_FP","MAE","LMP","R2","Count_P","Time","First","Second","Third","FirstM","SecondM","ThirdM"
"P1",35,FALSE,FALSE,FALSE,FALSE,5,0.781349412551508,0.781349412551508,0.00186628901573085,671.862113090515,0.999999437455111,5,NA,"(troot(x4)*troot(x4))*x9","troot(x4)*troot(x4)","x7*(troot(x4)*troot(x4))",1,1,1
"P2",35,FALSE,FALSE,FALSE,FALSE,6,0.542395629426602,0.542395629426602,0.00153043737095144,697.901528862924,0.999999802551227,6,NA,"troot(x4*x4)","troot(x4*x4)*x9","troot(x4*x4)*x7",1,0.99999999671298,0.99999999671298
"P4",35,FALSE,FALSE,FALSE,FALSE,7,0.454115152275445,0.454115152275445,0.00144216448487814,692.161877265352,0.999999831244022,7,NA,"troot(x4*x4)","x5","troot(x4*x4)*x9",1,0.999699738986392,0.999454655029824
"P6",35,TRUE,FALSE,FALSE,FALSE,3,0.736887817817704,0.649183757090272,0.000830307704455507,687.684548542455,0.999999890262453,4,NA,"troot((x4*x6)*x4)","x4","x4*x6",0.999999994807638,0.999954918210867,0.760357889214298
