"Experiment","Run","F1","F2","F3","F4","Count_FP","Correlation","Correlation_FP","MAE","LMP","R2","Count_P","Time","First","Second","Third","FirstM","SecondM","ThirdM"
"P1",35,FALSE,FALSE,FALSE,FALSE,5,0.781349412551508,0.781349412551508,0.00186628901573085,671.862113090515,0.999999437455111,5,399.390999999998,"(troot(x4)*troot(x4))*x9","troot(x4)*troot(x4)","x7*(troot(x4)*troot(x4))",1,1,1
"P2",35,FALSE,FALSE,FALSE,FALSE,12,0.72925660746228,0.72925660746228,0.0107320949839798,620.892402210745,0.999909789746986,12,420.335999999996,"troot(x4)*(p0(x4)*troot(x4))","x6*(p0(x4)*troot(x4))","exp_dbl(x10)*x4",1,1,1
"P4",35,FALSE,FALSE,FALSE,FALSE,5,0.414563800477888,0.414563800477888,0.00091113302264469,683.955183587773,0.999999915455767,5,404.309000000008,"troot(x4*x4)","troot(x4*x4)*x6","x9",1,1,0.592644299703443
"P6",35,FALSE,FALSE,FALSE,FALSE,11,0.727263614264603,0.727263614264603,0.00308970407618616,669.301618540405,0.999995729059315,11,439.509000000005,"((x9*troot(x4))*troot(x4))*x9","x4*x5","x6",1,1,1
