"Experiment","Run","F1","F2","F3","F4","Count_FP","Correlation","Correlation_FP","MAE","LMP","R2","Count_P","Time","First","Second","Third","FirstM","SecondM","ThirdM"
"P3",39,FALSE,FALSE,TRUE,FALSE,10,0.168744310128332,0.0856187619714011,0.00232852862743991,697.558040774806,0.999999160833873,11,NA,"x4*x4","x7","p3(x8*troot(x4))",0.999999695286541,0.999999695135014,0.999999695133314
"P4",39,FALSE,FALSE,FALSE,FALSE,12,0.383897150648728,0.383897150648728,0.00179566966357296,657.976093852927,0.999999582646238,12,NA,"troot((x4*x9)*x4)*troot(1+x6)","troot((x4*x9)*x4)*x9","x7",0.816799804698255,0.816799804698255,0.816641966165736
"P6",39,FALSE,FALSE,FALSE,FALSE,5,0.358243645301953,0.358243645301953,0.000909850260464118,683.955183587773,0.999999915915176,5,NA,"troot(x4*x4)","x6*troot(x4*x4)","x9",0.999986772027004,0.999986772026922,0.524678975191397
