"Experiment","Run","F1","F2","F3","F4","Count_FP","Correlation","Correlation_FP","MAE","LMP","R2","Count_P","Time","First","Second","Third","FirstM","SecondM","ThirdM"
"P2",18,TRUE,FALSE,FALSE,FALSE,3,0.782114214660598,0.709485619547464,0.000888740755352029,687.684548542455,0.999999887987391,4,NA,"troot((x4*x6)*x4)","x4","x4*x6",0.981086489544413,0.980831068822215,0.980830601532753
"P3",18,FALSE,FALSE,FALSE,FALSE,5,0.414064993917404,0.414064993917404,0.00245250271550553,612.787324442923,0.999999549738432,5,NA,"troot(x4*x4)","troot(x4*x4)*x9","x5",0.999999999980009,0.999999999980009,0.99999998818965
"P5",18,FALSE,FALSE,FALSE,FALSE,7,0.869577436995452,0.869577436995452,0.00147978963242381,645.548115416317,0.999999822463597,7,NA,"x4","troot(x4)","p3(1+troot(x4))",1,1,0.999999999997758
