"Experiment","Run","F1","F2","F3","F4","Count_FP","Correlation","Correlation_FP","MAE","LMP","R2","Count_P","Time","First","Second","Third","FirstM","SecondM","ThirdM"
"P1",12,FALSE,FALSE,FALSE,FALSE,10,0.902853261630946,0.902853261630946,0.0149152937946811,611.63609755791,0.99967512458518,10,NA,"x4","x6*p0(x4)","troot(x4)",1,0.999996732649364,0.999938463660622
"P2",12,FALSE,FALSE,FALSE,FALSE,7,0.405588164553157,0.405588164553157,0.00185041152788211,689.41039560493,0.999999555631714,7,NA,"x7*troot(x4*x4)","x9*troot(x4*x4)","x7*(x9*troot(x4*x4))",0.999999878354873,0.999999878354873,0.999948299152929
"P3",12,TRUE,FALSE,FALSE,FALSE,4,0.573525097280781,0.466906375297473,0.000937214596527993,670.08668022129,0.999999877709999,5,NA,"troot(1+((x6*x4)*x4))","x6*x4","x4",1,0.999990431020844,0.999969322677831
"P4",12,FALSE,FALSE,FALSE,FALSE,4,0.48252037151739,0.48252037151739,0.000915924735345521,683.81122596715,0.999999911771101,4,NA,"troot(x4*x4)","troot(x4*x4)*x6","x9",1,0.999994998867748,0.585764742892785
"P5",12,FALSE,FALSE,FALSE,FALSE,4,0.537075438630361,0.537075438630361,0.000913457828594667,683.955183587772,0.999999914929186,4,NA,"troot(x4*x4)","troot(x4*x4)*x6","x9",1,1,0.559083629654893
"P6",12,FALSE,FALSE,FALSE,FALSE,6,0.524374978452106,0.524374978452106,0.00158459728964821,695.312635688231,0.999999806277646,6,NA,"troot(x4*x4)","x9*troot(x4*x4)","x7*troot(x4*x4)",1,1,1
