"Experiment","Run","F1","F2","F3","F4","Count_FP","Correlation","Correlation_FP","MAE","LMP","R2","Count_P","Time","First","Second","Third","FirstM","SecondM","ThirdM"
"P1",12,FALSE,FALSE,FALSE,FALSE,13,0.645697438163442,0.645697438163442,0.00458632616477001,604.96605444749,0.999973735998604,13,380.263,"x4*p0(x4)","x4*x4","x4",1,1,1
"P2",12,FALSE,FALSE,FALSE,FALSE,5,0.592525122582957,0.592525122582957,0.00154982994120193,679.538055277287,0.99999980422237,5,378.869000000002,"(troot(x4)*troot(x4))*x7","x9*(troot(x4)*troot(x4))","troot(x4)*troot(x4)",1,1,1
"P3",12,FALSE,FALSE,FALSE,FALSE,10,0.454587852530876,0.454587852530876,0.0387519767437985,592.451258996548,0.997908251480713,10,423.165000000001,"x4*p0(x4)","x4","x2*x4",1,1,1
"P4",12,FALSE,FALSE,FALSE,FALSE,4,0.48252037151739,0.48252037151739,0.000915925188728416,683.81122596715,0.999999911771022,4,391.644999999997,"troot(x4*x4)","troot(x4*x4)*x6","x9",1,0.999999999999997,0.585767672394382
"P5",12,FALSE,FALSE,FALSE,FALSE,8,0.758765354309014,0.758765354309014,0.00398601034261232,542.529188202534,0.999990831166731,8,381.087,"troot(1+(((x4*x9)*(x4*x9))+(p3(1+(x8+(x4+(x2+x6))))+(p0(x8)+((x4*x9)*x4)))))","troot(x5*x4)*x6","x9*troot(x5*x4)",1,0.999999999999984,0.999999999999983
"P6",12,FALSE,FALSE,FALSE,FALSE,9,0.831965488288103,0.831965488288103,0.108750154277355,577.947063046201,0.980467672416272,9,425.22099999999,"x4","x4*x6","troot((x4*x6)*(p0(x4*x6)*(x4*x6)))",1,1,1
