"Experiment","Run","F1","F2","F3","F4","Count_FP","Correlation","Correlation_FP","MAE","LMP","R2","Count_P","Time","First","Second","Third","FirstM","SecondM","ThirdM"
"P1",12,FALSE,FALSE,FALSE,FALSE,10,0.902853261630946,0.902853261630946,0.0149291617462697,611.63609755791,0.999674534067938,10,391.933,"x4","x4*x10","troot(x4)*troot(x4)",1,1,1
"P2",12,FALSE,FALSE,FALSE,FALSE,3,0.714244403037591,0.714244403037591,0.000980896149321175,673.488289482678,0.999999912375691,3,400.453999999998,"x6*(troot(x4)*troot(x4))","troot(x4)*troot(x4)","x5",1,0.999999959785638,0.394423972415126
"P3",12,FALSE,FALSE,FALSE,FALSE,12,0.51240173741001,0.51240173741001,1648.44547375331,384.816428335365,-4957867.76525235,12,393.262999999999,"x4","p3(p0(troot(x4)))","sin_deg(x4)",1,1,1
"P4",12,FALSE,FALSE,FALSE,FALSE,13,0.591341953196332,0.591341953196332,0.029379742532377,599.668721739832,0.998753022607306,13,414.756999999998,"x10*(x10*x4)","x10","x4",1,1,1
"P5",12,FALSE,FALSE,FALSE,FALSE,12,0.519391095804945,0.519391095804945,0.00888694219698323,563.358971701823,0.999919658355683,12,380.678,"(x7*x6)*((x2*x4)*(x2*x4))","(x7*x6)*x4","p3(p0(x4))",1,1,1
"P6",12,FALSE,FALSE,FALSE,FALSE,4,0.51951603831975,0.51951603831975,0.00117271113292948,650.178391680914,0.999999802673707,4,378.718999999997,"troot((x4*x6)*(x4*x6))*x6","troot((x4*x6)*(x4*x6))","x7",1,1,0.911828406554792
