"Experiment","Run","F1","F2","F3","F4","Count_FP","Correlation","Correlation_FP","MAE","RMSE","LMP","R2","Count_P","Time","First","Second","Third","FirstM","SecondM","ThirdM"
"S1",11,FALSE,FALSE,FALSE,FALSE,3,0.641505399664112,0.641505399664112,0.00124202891706709,0.00188804782100031,645.523331678671,0.999999879555322,3,702.874,"(troot((x4*x4)+x1)*troot(x6))*x9","troot((x4*x4)+x6)*troot(x6)","x6",1,0.921732578958318,0.533471449144888
"S2",11,TRUE,FALSE,FALSE,FALSE,2,0.999998564264298,0.999997846396447,0.000808902339204613,0.00163354059887461,684.777371260963,0.999999909838423,3,782.726,"troot(x4*x4)","troot((x4*x4)*x6)","troot(x4*x4)*x6",0.995994333473632,0.738804282688921,0.265201139044503
"S3",11,FALSE,FALSE,FALSE,FALSE,7,0.411442238903569,0.411442238903569,2.60818364676279e+286,Inf,698.580520296156,-Inf,7,733.451,"troot(x4*x4)*x9","troot(x4*x4)*x7","troot(x4*x4)",1,1,1
"S4",11,FALSE,FALSE,FALSE,FALSE,3,0.668521412733855,0.668521412733855,0.000926886100973885,0.00161896526198257,632.51223881792,0.999999911440186,3,819.041,"troot(p3(troot(x4)))*troot(p3(troot(x4)))","(troot(p3(troot(x4)))*troot(p3(troot(x4))))*x6","x9",1,1,0.522262620242478
"S5",11,TRUE,FALSE,FALSE,FALSE,3,0.782114101805464,0.709485469073952,0.000894189791234835,0.00184813932810363,682.464833670682,0.999999884593292,4,691.452,"x4","x4*x9","troot(x4)*troot(x4*x6)",1,1,1
"S6",11,FALSE,FALSE,FALSE,FALSE,7,0.687857493754745,0.687857493754745,0.00359454862541728,0.00764917118425924,566.841348728284,0.999998023074076,7,861.9,"x4","p0(x4)*troot(x4*p0(x4))","p0(x4)*(x9*x4)",1,1,1
