"Experiment","Run","F1","F2","F3","F4","Count_FP","Correlation","Correlation_FP","MAE","LMP","R2","Count_P","Time","First","Second","Third","FirstM","SecondM","ThirdM"
"P2",23,FALSE,FALSE,FALSE,FALSE,5,0.656607023016471,0.656607023016471,0.0598634288134061,-99.877214903911,0.998782654495024,5,341.928,"troot(x4*x4)","x4*x3","x4",1,0.731702474204587,0.389903940978569
"P3",23,FALSE,FALSE,FALSE,FALSE,5,0.672587765849065,0.672587765849065,0.0621355724142745,-99.877214903911,0.998796872165687,5,356.411,"troot(x4*x4)","x4*x3","x4",0.999999999999936,0.703695872265719,0.400860273089429
"P5",23,FALSE,FALSE,FALSE,FALSE,5,0.939629569746141,0.939629569746141,0.0836566119516588,-103.889409415143,0.996369728227041,5,345.328999999998,"x4","x4*x4","x4*x10",1,0.999255830896081,0.999255830895504
