"Experiment","Run","F1","F2","F3","F4","Count_FP","Correlation","Correlation_FP","MAE","RMSE","LMP","R2","Count_P","Time","First","Second","Third","FirstM","SecondM","ThirdM"
"S1",17,FALSE,FALSE,FALSE,FALSE,15,0.469728353749624,0.469728353749624,0.0395114843439026,0.277026629106059,598.754120200078,0.997406987138639,15,2503.05900000001,"x4*x3","exp_dbl(troot(x4))*x6","x6",1,1,1
"S2",17,FALSE,FALSE,FALSE,FALSE,5,0.657085257273899,0.657085257273899,0.0016544104210788,0.00249606172649252,696.692541424994,0.99999978949022,5,2307.65999999997,"x7*troot(x4*x4)","x9*troot(x4*x4)","troot(x4*x4)",1,1,1
"S3",17,FALSE,FALSE,FALSE,FALSE,6,0.542395629426602,0.542395629426602,0.00153015804698315,0.00241789075408081,697.901528862919,0.999999802469126,6,2293.80700000003,"troot(x4*x4)*x9","x5","troot(x4*x4)",1,1,1
"S4",17,FALSE,TRUE,FALSE,FALSE,5,0.352869706992385,0.223443718899525,0.00144993995065625,0.00205066875203875,682.754852351752,0.99999985791355,6,2586.42100000003,"(x6*(x9*(troot(x4)*troot(x4))))*x7","troot(x9*(x4*x4))","x8*(x5*x5)",1,1,0.669581147319737
"S5",17,FALSE,FALSE,FALSE,FALSE,15,0.172846436645346,0.172846436645346,339.287180339541,2485.8764945636,283.116137458849,-208794.306317178,15,2317.83499999996,"(x2*x8)*(x6*x4)","x4","((x6*x4)*(x5*x4))*sin_deg(x4)",1,1,1
"S6",17,FALSE,FALSE,FALSE,FALSE,4,0.485227390491439,0.485227390491439,0.000923295247062579,0.00161861607441752,683.81122596715,0.999999911478384,4,2289.16999999998,"troot(x4*x4)","troot(x4*x4)*x6","x9",1,1,0.483296565315651
