"Experiment","Run","F1","F2","F3","F4","Count_FP","Correlation","Correlation_FP","MAE","RMSE","LMP","R2","Count_P","Time","First","Second","Third","FirstM","SecondM","ThirdM"
"S1",7,FALSE,TRUE,FALSE,FALSE,2,0.67820029927687,0.517300625186963,0.00143993137680445,0.00207487616498895,695.117506684717,0.999999854539191,3,1782.067,"troot(x9*(x4*x4))","x6*troot(x7*(x4*x4))","x5*x5",1,0.999999999981225,0.997665042040691
"S2",7,FALSE,FALSE,FALSE,FALSE,6,0.509757107255821,0.509757107255821,0.00107355843414952,0.00199757229426519,656.397384106359,0.999999865176174,6,2243.979,"x4","x4*x6","troot(1+((x4*(p0(x4)*x6))+(x4*(x4*x6))))",1,1,1
"S3",7,FALSE,FALSE,FALSE,FALSE,10,0.799226385155792,0.799226385155792,1.03011616917569,7.54564681374187,615.061729305966,-0.923776356258132,10,2937.45,"x4","x6*(x4*p0(x4))","p3(p0(x4))*p0(x4)",1,1,1
"S4",7,FALSE,TRUE,FALSE,FALSE,6,0.169988069668972,0.031652806704354,0.00377227109448738,0.0159690722724837,691.396022289202,0.999991383696092,7,1831.884,"troot((x4*x9)*x4)","sin_deg(x5)","x8*troot((x4*x9)*x4)",1,1,1
"S5",7,FALSE,FALSE,FALSE,FALSE,6,0.667497885612506,0.667497885612506,0.00228263159372101,0.00533776880559209,631.608986339518,0.999999037321762,6,2378.731,"troot(x4)*(x9*(troot(x4)*troot(x7)))","troot(x4)*(sin_deg(troot(x4))*troot(x9))","x4",1,1,1
"S6",7,FALSE,FALSE,FALSE,FALSE,8,0.549726016320019,0.49344181242996,0.0017173406817038,0.00254790936836316,628.285069758174,0.999999780654067,9,1915.813,"troot(1+(x2+((x9*x4)*x4)))","x4","x9*troot(1+(x2+((x9*x4)*x4)))",1,1,1
