"Experiment","Run","F1","F2","F3","F4","Count_FP","Correlation","Correlation_FP","MAE","LMP","R2","Count_P","Time","First","Second","Third","FirstM","SecondM","ThirdM"
"P1",15,TRUE,FALSE,FALSE,FALSE,2,0.995239780774171,0.992859671161257,0.000830901950224377,687.684548542455,0.999999890054893,3,NA,"troot((x6*x4)*x4)","x4","x6*x4",1,0.999987444880774,0.999986458828905
"P2",15,FALSE,FALSE,FALSE,FALSE,5,0.657085257273899,0.657085257273899,0.00165479454142449,696.692541424985,0.999999789593758,5,NA,"troot(x4*x4)","troot(x4*x4)*x7","x9*troot(x4*x4)",1,1,1
"P3",15,FALSE,FALSE,FALSE,FALSE,9,0.456010343191545,0.456010343191545,0.468841176474636,591.094210694395,0.607294420996411,9,NA,"x10*x4","x4*(p0(x8*x2)*x4)","x2*(x3*x4)",1,1,1
"P4",15,FALSE,FALSE,FALSE,FALSE,5,0.585804689297772,0.585804689297772,0.00169572182513478,683.620642387814,0.999999787832171,5,NA,"x9*(troot(x4)*troot(x4))","x7*(troot(x4)*troot(x4))","troot(x4)*troot(x4)",0.999999983548804,0.999999983548804,0.999999983548804
"P5",15,FALSE,FALSE,FALSE,FALSE,4,0.519916266899119,0.519916266899119,0.00217640167554408,608.537846946524,0.999999518580256,4,NA,"troot(x4)*troot(x4)","((troot(x4)*troot(x4))*x9)*x9","x1*x4",1,1,0.99886669475642
"P6",15,FALSE,FALSE,FALSE,FALSE,3,0.668521412733855,0.668521412733855,0.000927837444123095,683.81122596715,0.999999911127412,3,NA,"troot(x4*x4)","troot(x4*x4)*x6","x9",1,1,0.516350437141349
