"Experiment","Run","F1","F2","F3","F4","Count_FP","Correlation","Correlation_FP","MAE","LMP","R2","Count_P","Time","First","Second","Third","FirstM","SecondM","ThirdM"
"P1",15,FALSE,FALSE,FALSE,FALSE,11,0.703424139430103,0.703424139430103,1.67899883104044,531.773150635987,-4.10065621699697,11,407.021,"x3*x4","x4","troot(troot(x9*x4)*x4)",1,1,1
"P2",15,FALSE,FALSE,FALSE,FALSE,6,0.536795268355614,0.536795268355614,0.0016678317877858,681.302845280224,0.999999786772254,6,383.796999999999,"troot(x4)*troot(x4)","troot(x4)*(troot(x4)*x9)","(troot(x4)*troot(x4))*x7",1,1,0.999999999999996
"P3",15,FALSE,FALSE,FALSE,FALSE,15,0.673193611341075,0.673193611341075,1.12655055180168,475.519861532399,-1.23074666174805,15,514.824999999997,"x10*x4","x4*troot(x10*x4)","x4",1,1,1
"P4",15,FALSE,TRUE,FALSE,FALSE,4,0.590002583634862,0.487503317679406,0.00144838409234652,665.697774689193,0.999999818800406,5,398.017,"troot((x9*x4)*x4)","x9*troot((x9*x4)*x4)","troot((x9*x4)*x4)*x7",1,1,1
"P5",15,FALSE,FALSE,FALSE,FALSE,9,0.2783546232474,0.2783546232474,0.00404088773846205,452.203840395463,0.999997914201094,9,451.616999999998,"troot(x4)*x4","x4","(p3(1+((exp_dbl(x4)*x4)+(troot(x4)+p0(1+(troot(x4)+x5)))))*x8)*x9",1,1,1
"P6",15,FALSE,FALSE,FALSE,FALSE,13,0.609062000332703,0.609062000332703,0.00413719752699553,635.754721158793,0.999994828181362,13,396.438999999998,"x6*x4","p0(x4)*(x6*x4)","sin_deg(p3(p0(x4)))",1,1,1
