"Experiment","Run","F1","F2","F3","F4","Count_FP","Correlation","Correlation_FP","MAE","LMP","R2","Count_P","Time","First","Second","Third","FirstM","SecondM","ThirdM"
"P1",15,FALSE,FALSE,FALSE,FALSE,11,0.466379813771852,0.466379813771852,0.00281632177155923,609.658501656366,0.999998804937618,11,378.893,"(x2*(x4*x2))*troot(x4)","(x4*x2)*(x4*x2)","x7*(x9*x4)",1,1,1
"P2",15,FALSE,FALSE,FALSE,FALSE,12,0.711048527261578,0.711048527261578,13.1797410282748,604.120830449605,-315.588539646934,12,417.202000000001,"x4*x9","x4","x4*x4",1,1,1
"P3",15,FALSE,FALSE,FALSE,FALSE,9,0.456010343191545,0.456010343191545,0.468841176474636,591.094210694395,0.607294420996411,9,381.767,"x4*(p0(x8*x2)*x4)","x2*(x3*x4)","x5*(x4*troot(x4))",1,1,1
"P4",15,FALSE,FALSE,FALSE,FALSE,13,0.488536170063076,0.488536170063076,0.635535632469157,588.979831936376,0.296500011909041,13,394.451999999997,"troot(x4)","x4*x6","p0(troot(x4))",1,1,1
"P5",15,FALSE,FALSE,FALSE,FALSE,4,0.519916266899119,0.519916266899119,0.00217640167554408,608.537846946524,0.999999518580256,4,364.562999999995,"troot(x4)*troot(x4)","((troot(x4)*troot(x4))*x9)*x9","x1*x4",1,1,0.99886669475642
"P6",15,FALSE,FALSE,FALSE,FALSE,12,0.637403973795634,0.637403973795634,0.00392706754287526,622.020278358873,0.999994249014262,12,398.820000000007,"x9*x4","x4","(x9*x4)*troot(x4)",1,1,1
