"Experiment","Run","Correlation","MAE","RMSE","Time","FirstFeature","SecondFeature","ThirdFeature","FourthFeature","FifthFeature"
"S1",8,0.870509332988126,3.10999107266461,5.15353818330151,2028.494,"x6*x9","x6*x6","troot(x13)*x9","x11","sigmoid(x13)"
"S2",8,0.89684509205707,2.82976804863888,4.45527579613444,2153.142,"p3(x6*x6)*x9","p0(x13)*x9","x13*x9","x6","x1"
"S3",8,0.888989646448335,2.94529248476018,4.63861741711188,1581.238,"x6","x6*(x5*x11)","x5*x11","troot(x1*(x10*exp_dbl(x13)))","x8"
"S4",8,0.875531126988568,3.04723947329453,4.89071921523058,2075.412,"p3(x6)","x6*x9","p0(p0(x13))","(x13*x5)*p3(x9)","x8"
"S5",8,0.886118182767792,2.91481177729474,4.67366444470599,1522.726,"x9","x6*x9","p3(x6)","x11","p0(x13)"
"S6",8,0.883182133121068,2.9253016884926,4.7922934626976,1484.493,"p3(x6)","x9*p3(x6)","p0(x13)*x9","x1","x10"
