"Experiment","Run","Correlation","MAE","RMSE","Time","FirstFeature","SecondFeature","ThirdFeature","FourthFeature","FifthFeature"
"S1",13,0.805966713691564,3.80109908566642,6.93410987703214,1789.865,"x1*exp_dbl(x13)","x6*x10","x1","x6*x6","x12"
"S2",13,0.850015202706079,3.25951727468616,6.14418627993305,1964.283,"exp_dbl(x13)*x1","x13*x10","x6","x10*x6","x11"
"S3",13,0.885958865079527,2.76914370602761,4.71636256822242,2049.578,"x10*x6","x10","x11","x13*(exp_dbl(x13)*x9)","x13*x10"
"S4",13,0.815139845334388,3.68210198908733,7.55048973426732,1685.989,"x6","x10*x6","x1*sigmoid(x13)","x13*(x10*x6)","x9"
"S5",13,0.872032066692576,3.11444090118949,5.14408694422373,1576.154,"x9*x13","x11","x9*p3(x6)","p3(x6)","sigmoid(x13)"
"S6",13,0.887400244397453,2.86918568823503,4.64344236127652,1556.046,"x6","x10","x11","x10*x6","x8"
