"Experiment","Run","Correlation","MAE","RMSE","Time","FirstFeature","SecondFeature","ThirdFeature","FourthFeature","FifthFeature"
"S1",24,0.728544466598264,4.37947861208719,10.4638156954163,1900.07,"exp_dbl(x13*x8)","x13","x6*x11","x1","x12"
"S2",24,0.871235916054342,3.03173347684218,5.14900005640589,2013.887,"x13*x9","p3(x6)","x6*x9","x9*sigmoid(x13)","x11"
"S3",24,0.750210000406859,4.16707204512371,9.79027975084106,1830.509,"x11*x6","(x11*x6)*x13","x5","x13","x1"
"S4",24,0.869287286629575,3.03563628242148,5.14002084519964,1633.85,"x9*exp_dbl(x13)","x13*x10","x6*x10","x6*x6","x1"
"S5",24,0.820453352646058,3.60107476213577,6.74997271916789,1402.426,"x1*sigmoid(x13)","exp_dbl(x5)*p3(x6)","x11*x6","x5","x12"
"S6",24,0.819274309587255,3.5718563983048,6.9068643792588,1707.486,"x6*x6","x1*sigmoid(x13)","x10*x13","x10","x6*x10"
