"Experiment","Run","Correlation","MAE","RMSE","Time","FirstFeature","SecondFeature","ThirdFeature","FourthFeature","FifthFeature"
"S1",14,0.797228426880978,3.83728650345816,7.38237447856842,1792.058,"x1*(x8*exp_dbl(x13))","x13","x6","x5","x11*troot(x6)"
"S2",14,0.888181933297958,2.9441156419947,4.63331085070092,1914.95,"x6","x9*p3(x6)","p0(x6)","x9*p0(x13)","x5*x11"
"S3",14,0.896913748733754,2.70161858012548,4.45714227584921,1675.576,"(p0(x13)*x10)*x6","x6","x11*x6","x11*x10","x1"
"S4",14,0.810673383096004,3.62637879143866,7.3109144185459,1794.956,"p3(x6)*x10","x1*sigmoid(x13)","x11","x10","x7"
"S5",14,0.889853329335139,2.84124029730931,4.60279070188174,1206.02,"p3(x6)","x10*x6","(p0(p0(x13))*x5)*(x11*x10)","x11*x10","x11"
"S6",14,0.823827901672694,3.53985976656535,6.90286028715692,1523.694,"x6*x6","x1","x11","x8","x7*p3(x5*(x6*(x11*x6)))"
