"Experiment","Run","F1","F2","F3","F4","Count_FP","Correlation","Correlation_FP","MAE","LMP","R2","Count_P","Time","First","Second","Third","FirstM","SecondM","ThirdM"
"P2",23,FALSE,FALSE,FALSE,TRUE,2,0.63309510938467,0.449643203366842,0.046770691904734,-94.3406692127019,0.999780708972051,3,NA,"troot((x4*x4)*x7)","x2","x4",0.993993430101068,0.242035635892156,0.134006579239051
"P3",23,FALSE,FALSE,FALSE,FALSE,5,0.678272187213807,0.678272187213807,0.0589743398141495,-99.688620267966,0.998617857501582,5,NA,"x4","troot(x4*x4)","x4*x3",0.624146024573444,0.621917433061155,0.441061782633637
"P5",23,FALSE,FALSE,FALSE,FALSE,10,0.776827797469793,0.776827797469793,0.0575950510364594,-102.237348925172,0.998812159552637,10,NA,"x4","x4*x10","x4*x6",0.918897395035693,0.516675233392741,0.483147779493944
