"Experiment","Run","F1","F2","F3","F4","Count_FP","Correlation","Correlation_FP","MAE","LMP","R2","Count_P","Time","First","Second","Third","FirstM","SecondM","ThirdM"
"P5",7,FALSE,FALSE,FALSE,FALSE,8,0.691482551959651,0.691482551959651,0.0045856604784181,615.821584854005,0.999981480446777,8,NA,"troot(x4*x4)","x4","(x4*x3)*troot(x4)",0.999999999841287,0.999999999302613,0.9999999991439
"P1",7,TRUE,FALSE,FALSE,FALSE,5,0.509757108653177,0.411708530383812,0.00100330516036936,687.787664501487,0.999999883090259,6,NA,"troot(x4*(x4*x6))","x4","x4*x6",1,0.986094175139602,0.98391194893758
"P2",7,TRUE,FALSE,FALSE,FALSE,1,0.999999656085019,0.999999312170039,0.000808631019389749,684.777371260963,0.999999910832316,2,NA,"troot(x6*(x4*x4))","troot(x4*x4)","NA",1,0.999997879304036,"NA"
"P3",7,TRUE,FALSE,FALSE,FALSE,3,0.715514235248809,0.620685651927074,0.000938392309424793,670.08668022129,0.999999878668287,4,NA,"troot(1+(x4*(x6*x4)))","x6*x4","x4",1,1,0.999999999592057
"P4",7,FALSE,FALSE,FALSE,FALSE,13,0.692392042077539,0.692392042077539,0.0193783759419302,623.607226635895,0.999446867763343,13,NA,"x4","x6","troot(x4)",1,0.999999999999526,0.997458028194762
"P6",7,FALSE,FALSE,FALSE,FALSE,10,0.540805251553382,0.540805251553382,0.00153749163107744,682.511832718159,0.999999795073132,10,NA,"x9*troot(x4*x4)","x5","troot(x4)*troot(x4)",1,0.941980236443439,0.80016515793409
