"Experiment","Run","F1","F2","F3","F4","Count_FP","Correlation","Correlation_FP","MAE","LMP","R2","Count_P","Time","First","Second","Third","FirstM","SecondM","ThirdM"
"P5",7,FALSE,FALSE,FALSE,FALSE,12,0.699041095174242,0.699041095174242,0.0131929701965632,582.875230697055,0.999851143393429,12,538.239999999991,"troot(troot(x4))*troot(x4)","troot(x4)","x4",1,1,1
"P1",7,FALSE,FALSE,FALSE,FALSE,8,0.504690377903322,0.504690377903322,0.0200866833971043,574.42863468489,0.999464632675345,8,546.899999999965,"x10*x4","troot(1+(troot(exp_dbl(x8*x4))+(x4*x4)))","x4",1,1,1
"P2",7,TRUE,FALSE,FALSE,FALSE,1,0.999999656085019,0.999999312170039,0.000808631019389749,684.777371260963,0.999999910832316,2,594.210000000021,"troot(x6*(x4*x4))","troot(x4*x4)","NA",1,0.999997879304036,"NA"
"P3",7,FALSE,FALSE,FALSE,FALSE,15,0.522855699711552,0.522855699711552,0.0283286243791189,534.965415695626,0.998955071343406,15,666.049999999988,"x7*x4","x7","troot(x2)*((x2*x4)*x7)",1,1,1
"P4",7,FALSE,FALSE,FALSE,FALSE,8,0.436464790989561,0.436464790989561,0.00310072542749277,617.634957899683,0.999996329970889,8,558.690000000061,"x4","((x10*(x7*x4))*x3)*x3","x4*(x4*x2)",1,1,1
"P6",7,FALSE,FALSE,FALSE,FALSE,7,0.0748123185313476,0.0748123185313476,0.00403824543348662,473.418569088203,0.999997643571934,7,588.179999999935,"troot(1+(x4+((x4*x4)+(exp_dbl(x4)+x2))))*sigmoid(x8)","troot(1+(x4+((x4*x4)+(exp_dbl(x4)+x2))))*x8","x8",1,1,0.999999999999998
