"Experiment","Run","F1","F2","F3","F4","Count_FP","Correlation","Correlation_FP","MAE","RMSE","LMP","R2","Count_P","Time","First","Second","Third","FirstM","SecondM","ThirdM"
"S1",29,FALSE,FALSE,FALSE,FALSE,7,0.486070042357344,0.486070042357344,0.0015418510074255,0.00242415617641557,682.511832718142,0.999999801444086,7,950.178000000014,"(troot(x4)*troot(x4))*x7","troot(x4)*troot(x4)","(troot(x4)*troot(x4))*x9",1,1,1
"S2",29,FALSE,FALSE,FALSE,FALSE,5,0.658160380878026,0.658160380878026,0.00165845106124626,0.00249954949632891,696.334701605583,0.999999788901514,5,1069.61299999995,"x7*troot(x4*x4)","x9*troot(x4*x4)","troot(x4*x4)",1,1,1
"S3",29,FALSE,FALSE,FALSE,FALSE,5,0.358243645301953,0.358243645301953,0.000908223593544404,0.00157494528704982,673.695386157929,0.99999991619063,5,990.543000000005,"troot(x4)*troot(x4)","x6*(troot(x4)*troot(x4))","x9",1,1,0.519496743864689
"S4",29,FALSE,FALSE,FALSE,FALSE,4,0.537075438630361,0.537075438630361,0.000919072624646331,0.00158861601149794,673.695386157928,0.999999914729363,4,1054.18799999997,"troot(x4)*troot(x4)","(troot(x4)*troot(x4))*x6","x9",1,1,0.54801498136898
"S5",29,FALSE,FALSE,FALSE,FALSE,5,0.41621099516543,0.41621099516543,0.000905942986074853,0.00158746172730713,673.695386157928,0.999999914853233,5,925.478000000003,"troot(x4)*troot(x4)","(troot(x4)*troot(x4))*x6","x9",1,0.999999999999802,0.571961113422102
"S6",29,FALSE,FALSE,FALSE,TRUE,7,0.615747940787645,0.560854923291734,0.00292001074906685,0.00566540882376972,569.380990950209,0.999998915513513,8,1117.99599999998,"x7*x4","x4","troot(1+(x4+(sin_deg(troot(x4*(troot(sin_deg(x10))*x4)))+((x7*x4)*x4))))",1,1,1
