"Experiment","Run","Correlation","RMSE","MAE","LMP","R2","Count_P","Time","First","Second","Third","FirstM","SecondM","ThirdM"
"P1",26,0.888437256663178,4.66734249083891,2.8056058665484,-963.074098667984,0.784989931181854,14,NA,"x1","x9","x8",1.95979317241705,1.59616723935582,1.47289757798438
"P2",26,0.825433451041326,6.86396673724851,3.54989926727509,-967.206330278868,0.534981964297244,11,NA,"x13","x6","x9",2.31093583388117,1.4658444416288,1.45383953871013
"P3",26,0.89488736094194,4.49591839204171,2.85482980811457,-965.340886928853,0.80049384633964,11,NA,"x6","x5","x13",1.26581619459335,1.18201899568871,1.15358233569402
"P4",26,0.884655244357415,4.69832064589554,2.79858713901841,-969.75377556946,0.782126323366038,16,NA,"x11","x1","x8",1.42862050033265,1.12613949451146,1.05167104959147
"P5",26,0.819169677390108,6.85964214032279,3.60429566695272,-972.099588892074,0.535567742792688,11,NA,"x9","x1","x8",1.00006371389784,1.00005172324237,1.00002293546223
"P6",26,0.835465813808571,6.25550022438596,3.37902799676987,-969.268643213812,0.613772187120155,17,NA,"x5","x6","x8",1.04408400958375,1.01882902860933,1.00810693182486
