"Experiment","Run","F1","F2","F3","F4","Count_FP","Correlation","Correlation_FP","MAE","RMSE","LMP","R2","Count_P","Time","First","Second","Third","FirstM","SecondM","ThirdM"
"S1",7,FALSE,FALSE,FALSE,FALSE,9,0.724906290687963,0.724906290687963,0.00315649737277373,0.00936233536921626,649.54400753444,0.999997038375297,9,714.32,"x4*x7","x4","x7",1,1,1
"S2",7,FALSE,FALSE,FALSE,FALSE,5,0.414563800477888,0.414563800477888,0.000945864264978789,0.00160278615290299,683.955183587773,0.999999913201384,5,749.068,"troot(x4*x4)","x6*troot(x4*x4)","x9",0.999999999972956,0.999978211781302,0.675764502227122
"S3",7,FALSE,FALSE,FALSE,FALSE,7,0.579348093006581,0.579348093006581,0.00148181225765509,0.00214964893663443,640.224733471081,0.999999843866277,7,767.909,"troot((troot(x4)*x4)*(x4*(x6*p0(x4))))","troot((troot(x4)*x4)*(x4*x6))","x4",1,1,1
"S4",7,FALSE,FALSE,FALSE,FALSE,6,0.148092025987727,0.148092025987727,0.00351938043420474,0.00800272163075049,633.143146947255,0.999997836100648,6,889.023,"troot(x4*x4)","(x4*x8)*x4","x8*x4",1,1,1
"S5",7,FALSE,FALSE,FALSE,FALSE,4,0.504767663122663,0.504767663122663,0.00123273684242988,0.00184975256978158,606.76448414035,0.999999884391727,4,716.459,"troot(1+(troot((x4*x3)*x3)+(x4*x4)))","x6*troot(1+(troot((x4*x3)*x3)+(x4*x4)))","exp_dbl(x4)",1,1,0.999678753121387
"S6",7,FALSE,FALSE,FALSE,FALSE,7,0.698973755874898,0.698973755874898,0.0123377050660488,0.056439474508857,674.661731759034,0.999892371432773,7,896.443,"troot(x4*x4)","x9*troot(x4*x4)","sigmoid(exp_dbl(x7))",1,1,0.999511852527653
