"Experiment","Run","F1","F2","F3","F4","Count_FP","Correlation","Correlation_FP","MAE","LMP","R2","Count_P","Time","First","Second","Third","FirstM","SecondM","ThirdM"
"P1",31,FALSE,FALSE,FALSE,FALSE,3,0.985488592981159,0.985488592981159,0.0918372696377507,-99.5125191073178,0.99611805494482,3,NA,"x4","x10*x4","x4*troot(x4)",0.999999999920804,0.999950897799132,0.953190253311501
"P2",31,FALSE,FALSE,FALSE,TRUE,2,0.545258230366232,0.317887884839184,0.0423047566806654,-94.3406692127019,0.999824833300506,3,NA,"troot((x7*x4)*x4)","x4","x3",0.988424509335168,0.166986250342556,0.110039804057531
"P3",31,FALSE,FALSE,FALSE,FALSE,3,0.985488592981159,0.985488592981159,0.0905031155688838,-99.5125191073178,0.996437282107588,3,NA,"x4","x4*troot(x4)","x4*x10",0.999999992806655,0.933231992576199,0.930128610215972
"P4",31,FALSE,FALSE,FALSE,FALSE,5,0.79460207737421,0.79460207737421,0.0507705708116516,-102.146901329513,0.999326482796731,5,NA,"x4","p0(x4)*x4","x7*x4",0.967421008437961,0.967273644766005,0.508380395149395
