"Experiment","Run","F1","F2","F3","F4","Count_FP","Correlation","Correlation_FP","MAE","LMP","R2","Count_P","Time","First","Second","Third","FirstM","SecondM","ThirdM"
"P1",31,FALSE,FALSE,FALSE,FALSE,3,0.985488592981159,0.985488592981159,0.0930346138871336,-99.5125191073179,0.996058150092939,3,381.066999999999,"x4","x10*x4","x4*troot(x4)",0.999999999984531,0.999996473901378,0.999927169551929
"P2",31,FALSE,FALSE,FALSE,FALSE,5,0.584856199649107,0.584856199649107,0.0454815921731494,-102.261979538543,0.999517408971124,5,403.595000000001,"x4","p0(x4)*x4","x8*x4",0.999999999999999,0.999999732721825,0.998811691499275
"P3",31,FALSE,FALSE,FALSE,FALSE,4,0.720245756702868,0.720245756702868,0.0924856051849344,-99.5125191073178,0.99602295547261,4,442.612999999998,"x4","x4*troot(x4)","x4*x10",0.999999999999996,0.988824433680998,0.982216001075719
"P4",31,FALSE,FALSE,FALSE,FALSE,3,0.711670180609775,0.711670180609775,0.760965802814205,-110.635973885857,0.131714302537135,3,403.442000000003,"x4","x4*(x4*x3)","x4*(x4*x2)",1,0.999999999951009,0.999999969215389
