"Experiment","Run","F1","F2","F3","F4","Count_FP","Correlation","Correlation_FP","MAE","RMSE","LMP","R2","Count_P","Time","First","Second","Third","FirstM","SecondM","ThirdM"
"S1",7,FALSE,FALSE,FALSE,FALSE,4,0.189608373647879,0.189608373647879,0.0396965495391406,0.0627999475850481,-96.7669448270558,0.999866746017212,4,2559.082,"troot(x4*x4)","x4*x2","x2",1,0.999999556292765,0.199493579982065
"S2",7,FALSE,FALSE,FALSE,FALSE,2,0.604544956779782,0.604544956779782,0.038961623976054,0.0601886280914082,-96.7669448270558,0.999877597433355,2,2717.324,"troot(x4*x4)","x2*x4","NA",1,0.999936870506794,"NA"
"S3",7,FALSE,FALSE,FALSE,FALSE,4,0.994644461860738,0.994644461860738,0.0449537272680189,0.0737085006144659,-100.720409257459,0.999816432078921,4,2705.374,"troot(x4*x4)","x4","x9*x4",0.999999999999993,0.997180605094555,0.502848669539195
"S4",7,FALSE,FALSE,FALSE,FALSE,4,0.260008567617798,0.260008567617798,0.0381875863593753,0.0619674026179153,-96.7669448270558,0.999870255719569,4,2857.292,"troot(x4*x4)","x4*x2","x6",1,0.999999999999991,0.260140289047563
"S5",7,FALSE,FALSE,FALSE,FALSE,3,0.883305616045074,0.883305616045074,0.0731809803226735,0.281585338646507,-100.061923553727,0.997320944485477,3,2748.202,"x4","x4*p0(x4)","(x4*x10)*x3",1,0.999999999964859,0.907504796537806
"S6",7,FALSE,FALSE,FALSE,FALSE,2,0.604544956779782,0.604544956779782,0.0387811953005485,0.061071624778326,-96.7669448270559,0.99987397967813,2,2197.089,"x2*x4","troot(x4*x4)","NA",1,1,"NA"
