"Experiment","Run","F1","F2","F3","F4","Count_FP","Correlation","Correlation_FP","MAE","LMP","R2","Count_P","Time","First","Second","Third","FirstM","SecondM","ThirdM"
"P2",2,FALSE,FALSE,FALSE,FALSE,5,0.358243645301953,0.358243645301953,0.000909449209860317,683.955183587772,0.999999916063403,5,414.175999999999,"troot(x4*x4)*x6","troot(x4*x4)","x9",1,1,0.538813821878444
"P4",2,FALSE,FALSE,TRUE,FALSE,6,0.322522870506913,0.209610050308459,0.00190415030825558,692.930307846024,0.999999564416722,7,416.218000000001,"x7*troot(x4*x4)","troot(x9*x4)*troot(x9*x4)","x5*x5",1,1,0.999996710622988
