"Experiment","Run","Correlation","MAE","RMSE","LMP","R2","Count_P","Time","First","Second","Third","FirstM","SecondM","ThirdM"
"S1",9,0.851032708299471,3.18303767822576,6.46968154530174,-1221.59879372952,0.586871396507903,26,5426.605,"sigmoid(x13)*x1","x10*x6","((((x6*x10)*x13)*x6)*exp_dbl(troot(x8)))*x7",1,1,1
"S2",9,0.862946193481483,2.84143304852258,5.24358773397423,-1289.29007057813,0.728620814580166,23,4983.117,"x10*p0(x13)","((x6*x9)*x6)*x11","p3(x9*x6)",1,1,1
"S3",9,0.864110207730676,3.19235081723829,5.69264671830525,-1276.49572508371,0.680148845923718,23,5031.466,"x1","sigmoid(x3)*x7","p3(x6)",1,1,1
"S4",9,0.88379761109682,2.81615000075862,5.03942362226152,-1265.52654342635,0.74934221846458,22,5347.866,"x6*x10","x7","x13",1,1,1
"S5",9,0.859263384066172,3.05786594310006,6.13596709468825,-1247.75239283259,0.628391618571348,28,5132.633,"x12","(x6*((((x6*x5)*(x11*x6))*(x6*x6))*(x5*(x11*x6))))*x6","x13",1,1,1
"S6",9,0.906843928186503,2.69800723559322,4.26790557837241,-1319.90953077804,0.820216818257379,22,4788.505,"p3(x6)","exp_dbl(p0(x10))","x1",1,1,1
