"Experiment","Run","F1","F2","F3","F4","Count_FP","Correlation","Correlation_FP","MAE","RMSE","LMP","R2","Count_P","Time","First","Second","Third","FirstM","SecondM","ThirdM"
"S1",27,FALSE,FALSE,FALSE,FALSE,3,0.985488592981159,0.985488592981159,0.0930457854490633,0.341591498335254,-99.5125191073179,0.996057463321459,3,2928.443,"x4","x10*x4","x4*troot(x4)",0.999999999999996,0.999999999411901,0.999635452974131
"S2",27,TRUE,FALSE,FALSE,FALSE,1,0.50221070672575,0.00442141345149907,0.0314404576304647,0.0347734860688151,-94.5244319535552,0.999959143788006,2,2760.339,"troot(x4*(x4*x6))","x10","NA",1,0.383608184552091,"NA"
"S3",27,FALSE,FALSE,FALSE,FALSE,3,0.404503775670354,0.404503775670354,0.0387024369731944,0.0582180314295686,-96.7669448270559,0.999885481231708,3,2745.111,"troot(x4*x4)","x2*x4","x10",0.999999718447207,0.960453214877102,0.188537911938449
"S4",27,FALSE,FALSE,FALSE,FALSE,2,0.604544956779782,0.604544956779782,0.0376806300390652,0.0515268276418295,-96.7669448270558,0.99991029256359,2,2984.746,"troot(x4*x4)","x2*x4","NA",1,0.960248598885453,"NA"
"S5",27,FALSE,FALSE,FALSE,FALSE,3,0.381478412441251,0.381478412441251,0.038238422583646,0.0587517031247717,-96.7669448270558,0.999883372072761,3,2624.48,"troot(x4*x4)","x2*x4","x7",0.999982338645085,0.983422950312013,0.143393678895124
"S6",27,FALSE,FALSE,FALSE,TRUE,1,0.462258084644161,-0.075482752132005,0.0432625210524474,0.0750557987080534,-94.3406692127019,0.999809659968165,2,2104.042,"troot(x4*(x4*x7))","x6","NA",1,0.164520133475859,"NA"
