"Experiment","Run","F1","F2","F3","F4","Count_FP","Correlation","Correlation_FP","MAE","RMSE","LMP","R2","Count_P","Time","First","Second","Third","FirstM","SecondM","ThirdM"
"S1",26,FALSE,FALSE,FALSE,FALSE,4,0.75864121605066,0.75864121605066,0.00177375202164192,0.00246982324716721,694.413008035453,0.999999793892695,4,923.213999999978,"x9*troot(x4*x4)","troot(x4*x4)","x5*x5",1,1,0.98323037860223
"S2",26,FALSE,TRUE,FALSE,FALSE,4,0.465090986818457,0.3313638216589,0.00135278580738469,0.00208591092552662,695.628405985769,0.999999852987876,5,1021.53100000002,"troot((x4*x9)*x4)","x6*troot((x4*x7)*x4)","x5",1,1,0.692166766518442
"S3",26,FALSE,FALSE,FALSE,FALSE,5,0.557120371287331,0.557120371287331,0.00180945445222721,0.00241737777556314,687.755089056289,0.999999802552933,5,1065.62,"x9*troot(x4*x4)","troot(x4*x4)*x7","troot(x4*x4)",1,1,1
"S4",26,FALSE,FALSE,FALSE,FALSE,4,0.537075438630361,0.537075438630361,0.000914420009552591,0.00158498851306267,683.955183587773,0.999999915118338,4,1041.18699999998,"troot(x4*x4)","troot(x4*x4)*x6","x9",1,1,0.594953645950239
"S5",26,FALSE,FALSE,FALSE,FALSE,15,0.218380836248982,0.218380836248982,2.38073394671494,17.2542233045328,417.949257864116,-9.05894572055477,15,946.758000000031,"x4","(x3*x4)*x4","x3*(x3*x4)",1,1,1
"S6",26,FALSE,FALSE,FALSE,TRUE,4,0.587049702244315,0.483812397450312,0.00195161698276563,0.00285515338265518,619.644569640326,0.999999724564113,5,1098.81,"troot(x4*(x4*x7))","troot(x4*(x4*x7))*x7","x7*(x9*(x6*((troot(x4*(x4*x7))*x7)*x9)))",1,1,1
