"Experiment","Run","F1","F2","F3","F4","Count_FP","Correlation","Correlation_FP","MAE","LMP","R2","Count_P","Time","First","Second","Third","FirstM","SecondM","ThirdM"
"P1",20,FALSE,FALSE,FALSE,FALSE,7,0.556017675428838,0.556017675428838,0.0052008154361587,573.248103253447,0.999988572445856,7,NA,"x10*x4","x8*x4","(x8*x4)*x4",0.999999999999798,0.99999999998877,0.999999999988757
"P2",20,FALSE,FALSE,FALSE,FALSE,5,0.797307484082944,0.797307484082944,0.00167542083097096,683.620642387812,0.999999792240668,5,NA,"troot(x4)*troot(x4)","x7*(troot(x4)*troot(x4))","(troot(x4)*troot(x4))*x9",1,1,1
"P3",20,FALSE,FALSE,FALSE,FALSE,9,0.405542769220255,0.405542769220255,6.29399060092075e+248,601.133418941248,-Inf,9,NA,"x4","x4*(x4*x2)","troot(x4*x4)",1,0.999999626600521,0.999712292395617
"P4",20,TRUE,FALSE,FALSE,FALSE,2,0.714245609496639,0.571368414244959,0.000827050738110715,674.517573831117,0.99999991183318,3,NA,"troot(x4)*troot(x4)","troot(x4*x6)*troot(x4)","x5",0.999999999999463,0.999999999999463,0.349470273189788
"P5",20,FALSE,FALSE,FALSE,FALSE,3,0.64150431355363,0.64150431355363,3.14038680571656e+237,673.488289482678,-Inf,3,NA,"x6*(troot(x4)*troot(x4))","troot(x4)*troot(x4)","x6",1,1,0.120936993405048
"P6",20,FALSE,FALSE,FALSE,FALSE,3,0.668521412733855,0.668521412733855,0.000925236559836185,683.81122596715,0.999999911212692,3,NA,"troot(x4*x4)","x6*troot(x4*x4)","x9",1,0.99999999999975,0.540033411785858
