"Experiment","Run","F1","F2","F3","F4","Count_FP","Correlation","Correlation_FP","MAE","RMSE","LMP","R2","Count_P","Time","First","Second","Third","FirstM","SecondM","ThirdM"
"S1",11,FALSE,FALSE,FALSE,TRUE,0,0.999998921420326,NA,0.0446220049960097,0.0763176530942681,-94.3406692127019,0.999803206092538,1,661.395,"troot(x4*(x7*x4))","NA","NA",0.999999998748496,"NA","NA"
"S2",11,FALSE,FALSE,FALSE,FALSE,3,0.284002128515961,0.284002128515961,0.0375288883536043,0.0509486001852988,-96.7669448270558,0.999912294637406,3,746.81,"troot(x4*x4)","x4*x2","x3",1,0.963207294858883,0.102516930729609
"S3",11,FALSE,FALSE,FALSE,FALSE,2,0.604544956779782,0.604544956779782,0.0388832199443904,0.0601226289280181,-96.7669448270559,0.999877865724495,2,702.613,"troot(x4*x4)","x2*x4","NA",1,0.983947771031154,"NA"
"S4",11,FALSE,FALSE,FALSE,TRUE,2,0.545258230366232,0.317887884839184,0.0432708845463853,0.0761180370555715,-94.3406692127019,0.999804234212354,3,769.794,"troot(x4*(x4*x7))","x4","x3",1,0.159567763915143,0.111632162832038
"S5",11,FALSE,FALSE,FALSE,FALSE,4,0.987721812264415,0.987721812264415,0.0434037691787782,0.120081866913654,-102.268534022448,0.999512789658085,4,674.859,"x9*x4","x4","x4*p0(x4)",1,1,1
"S6",11,FALSE,FALSE,FALSE,FALSE,7,0.683184367418843,0.683184367418843,0.0470371714793723,0.0981916828499001,-100.717970320674,0.999674230034173,7,827.82,"troot(x4*x4)","x4","x4*x6",0.99999981138297,0.987117925151105,0.814402865424454
