"Experiment","Run","F1","F2","F3","F4","Count_FP","Correlation","Correlation_FP","MAE","LMP","R2","Count_P","Time","First","Second","Third","FirstM","SecondM","ThirdM"
"P2",21,FALSE,FALSE,FALSE,FALSE,3,0.668521412733855,0.668521412733855,0.000930421772735622,683.811225967151,0.999999910991906,3,380.259999999998,"troot(x4*x4)","x6*troot(x4*x4)","x9",1,1,0.493161524079336
"P3",21,FALSE,FALSE,FALSE,FALSE,8,0.306814999013092,0.306814999013092,0.00159144440461039,676.932819976938,0.999999786737874,8,415.476000000002,"troot(x4*x4)","x9*troot(x4*x4)","x7*(x9*troot(x4*x4))",1,1,1
"P5",21,FALSE,FALSE,FALSE,FALSE,10,0.884114148461625,0.884114148461625,0.481719341985649,624.619825847592,0.580806502588563,10,385.091,"x7*x4","(x7*x4)*(x5*x4)","x10*x4",1,1,1
"P6",21,FALSE,FALSE,FALSE,FALSE,5,0.416729415657127,0.416729415657127,0.00091271593032018,683.955183587773,0.999999915214524,5,376.422000000006,"troot(x4*x4)","x6*troot(x4*x4)","x9",1,0.994775778288089,0.53341224978786
