"Experiment","Run","F1","F2","F3","F4","Count_FP","Correlation","Correlation_FP","MAE","RMSE","LMP","R2","Count_P","Time","First","Second","Third","FirstM","SecondM","ThirdM"
"S1",16,TRUE,FALSE,FALSE,FALSE,1,0.50221070672575,0.00442141345149907,0.0309204072507632,0.0339863145961924,-94.5244319535552,0.999960972585389,2,1024.304,"troot(x6*(x4*x4))","x10","NA",0.999507007038054,0.277278603452675,"NA"
"S2",16,FALSE,FALSE,FALSE,TRUE,0,0.999998921420326,NA,0.0446189036980101,0.0763106837879659,-94.3406692127019,0.999803242033223,1,1004.946,"troot(x7*(x4*x4))","NA","NA",0.999999999119388,"NA","NA"
"S3",16,TRUE,FALSE,FALSE,FALSE,0,1,NA,0.0321342227069367,0.0330122973276923,-94.5244319535552,0.99996317751179,1,931.357000000018,"troot(x4*(x6*x4))","NA","NA",1,"NA","NA"
"S4",16,TRUE,FALSE,FALSE,FALSE,0,1,NA,0.0318621991510578,0.0331727463998283,-94.5244319535552,0.999962818706609,1,1016.99099999998,"troot((x6*x4)*x4)","NA","NA",0.999031211345557,"NA","NA"
"S5",16,FALSE,FALSE,FALSE,FALSE,3,0.371839007534399,0.371839007534399,0.0401639507513117,0.0626838166488114,-96.7669448270558,0.999867238393467,3,971.664000000048,"troot(x4*x4)","x4*x2","x2",0.999990830366654,0.999903204306217,0.181665503802055
"S6",16,FALSE,FALSE,FALSE,FALSE,2,0.996429636926975,0.996429636926975,0.0483772431607982,0.106766419180277,-99.6923314232741,0.999614849034976,2,1006.71999999997,"sigmoid(x6)*troot(x4*x4)","x4","NA",0.999446662105059,0.204744452846319,"NA"
