"Experiment","Run","F1","F2","F3","F4","Count_FP","Correlation","Correlation_FP","MAE","RMSE","LMP","R2","Count_P","Time","First","Second","Third","FirstM","SecondM","ThirdM"
"S1",19,FALSE,FALSE,FALSE,FALSE,4,0.537075438630361,0.537075438630361,0.000917714611853092,0.00158985168066099,673.695386157929,0.99999991459666,4,2279.47899999999,"x6*(troot(x4)*troot(x4))","troot(x4)*troot(x4)","x9",1,1,0.581536642481471
"S2",19,TRUE,FALSE,FALSE,FALSE,4,0.824263290370864,0.78032911296358,0.00111454401086153,0.00197369163092297,690.240715647426,0.9999998683805,5,2348.28999999998,"troot((x6*x4)*x4)","x4","x6*x4",1,0.999998967920401,0.905828756085344
"S3",19,FALSE,FALSE,FALSE,FALSE,4,0.537075438630361,0.537075438630361,0.000917686315852979,0.0015898070616227,673.695386157928,0.999999914601453,4,2193.12400000001,"troot(x4)*troot(x4)","(troot(x4)*troot(x4))*x6","x9",1,1,0.58155414471883
"S4",19,FALSE,FALSE,FALSE,FALSE,6,0.543291565763375,0.543291565763375,0.00151983303017332,0.00237378211637129,682.130232566893,0.999999809610347,6,2338.375,"troot(x4)*troot(x4)","(troot(x4)*troot(x4))*x9","(troot(x4)*troot(x4))*x7",1,1,1
"S5",19,FALSE,FALSE,FALSE,FALSE,15,0.593008056202851,0.593008056202851,5.18918544788969,38.1149788325105,581.110987215044,-48.0854754164983,15,2293.58500000002,"x4*x3","troot(troot(x4))","x4",1,1,1
"S6",19,FALSE,FALSE,FALSE,TRUE,7,0.352429071406464,0.259919092833055,0.00671798256493123,0.0417321862087544,639.597814002704,0.999941155766663,8,2614.70899999997,"x7*x7","troot(x4*(x4*sigmoid(x6)))*x7","x6*troot(x4*(x4*x7))",1,1,1
