"Experiment","Run","F1","F2","F3","F4","Count_FP","Correlation","Correlation_FP","MAE","RMSE","LMP","R2","Count_P","Time","First","Second","Third","FirstM","SecondM","ThirdM"
"S1",38,FALSE,FALSE,FALSE,FALSE,6,0.331679031221545,0.331679031221545,0.000909465296054929,0.00157977076949849,683.955183587773,0.999999915676275,6,2374.964,"troot(x4*x4)","x6*troot(x4*x4)","x9",1,1,0.555438203108587
"S2",38,FALSE,FALSE,FALSE,FALSE,4,0.537075438630361,0.537075438630361,0.00091447366043071,0.00158717124901588,673.695386157927,0.999999914884391,4,2069.843,"x6*troot((x4*x4))","troot((x4*x4))","x9",1,1,0.563042918742597
"S3",38,FALSE,FALSE,FALSE,FALSE,3,0.668521412733855,0.668521412733855,0.000927853730173042,0.00162186956033789,663.291631107459,0.999999911122162,3,2541.782,"p3(troot(troot(x4*x4)))","x6*p3(troot(troot(x4*x4)))","x9",1,1,0.516253990748625
"S4",38,FALSE,FALSE,FALSE,FALSE,15,0.276903824945103,0.276903824945103,0.444712925239868,3.11069604476491,374.909097614589,0.673053426746001,15,2351.038,"p0(x2)*((x4*x10)*x7)","x4*(x2*((x4*x10)*x7))","x4",1,1,1
"S5",38,FALSE,FALSE,FALSE,FALSE,6,0.428224636003115,0.428224636003115,0.00166867086795921,0.00248070001851142,699.010338532581,0.99999979207336,6,2535.509,"troot(x4*x4)","x9*troot(x4*x4)","x7*troot(x4*x4)",1,1,1
"S6",38,FALSE,FALSE,FALSE,FALSE,4,0.537075438630361,0.537075438630361,0.000915970104561697,0.00158025504609473,673.695386157929,0.999999915624568,4,1786.499,"troot(x4)*troot(x4)","x6*(troot(x4)*troot(x4))","x9",1,0.999999999989657,0.611613799407004
