"Experiment","Run","F1","F2","F3","F4","Count_FP","Correlation","Correlation_FP","MAE","LMP","R2","Count_P","Time","First","Second","Third","FirstM","SecondM","ThirdM"
"P1",8,FALSE,FALSE,FALSE,FALSE,5,0.366126288681202,0.366126288681202,0.3045914437293,-46.1544584285502,0.950815605858843,5,2.704,"x4","p3(x4)","x9",1,1,0.989381028482335
"P2",8,FALSE,FALSE,FALSE,FALSE,3,0.564388321393613,0.564388321393613,0.370706721187242,-74.177006836827,0.929383964034597,3,1.759,"x4","(x10*x10)*(x4*(x10*x10))","x9",1,1,1
"P3",8,FALSE,FALSE,FALSE,FALSE,7,0.200900162385718,0.200900162385718,0.304320516973132,-46.0447515714114,0.950815108696442,7,3.63000000000001,"x4","p3(x4)","x9",1,1,0.740685357252235
"P4",8,FALSE,FALSE,FALSE,FALSE,3,0.982552927440526,0.982552927440526,4.96962283611691e+293,-32.1483910339475,-Inf,3,1.742,"x4*x4","x4","x10*x4",1,1,0.999999999384241
"P5",8,FALSE,FALSE,FALSE,FALSE,3,0.359791346827609,0.359791346827609,0.226764338789044,-40.1674964047658,0.990269540039635,3,2.089,"x4","troot(x2*x4)","x4*x8",1,0.999999999999516,0.999999960138895
"P6",8,FALSE,FALSE,FALSE,FALSE,8,0.191957304741901,0.191957304741901,0.448515426152248,-104.17034856878,0.91843609546198,8,1.291,"x2","x3","x4",1,1,1
