"Experiment","Run","Correlation","MAE","RMSE","LMP","R2","Count_P","Time","First","Second","Third","FirstM","SecondM","ThirdM"
"S1",15,0.870172140991639,3.22456259085824,5.01130145103692,-2375.28729412668,0.752131971112354,15,7257.008,"x1","p3(x11)","x5",1,1,1
"S2",15,0.0595350953427088,5.63610620463908,20.3078334727447,-1727.87499785858,-3.07048954621554,15,7926.042,"x1","sigmoid(x6)","sigmoid(x13)",1,1,1
"S3",15,0.854083132142588,3.15746409363383,5.27038176921093,-2217.99143860822,0.725840305651928,15,7564.898,"p3(x6)","x6","x5*x10",1,1,1
"S4",15,0.757337505442336,4.27185629226499,9.07942039223624,-2152.68282284676,0.186353600372642,15,4864.54,"x1","sigmoid(x13)*x1","x1*x12",1,1,1
"S5",15,0.867276717148616,3.27338369381544,5.01165574948007,-2496.1898269005,0.752096921390439,15,3336.747,"x1","p0(x13)","x4",1,1,1
"S6",15,0.640111597202931,3.9265698841634,8.24901126015307,-1799.2978858639,0.328380573349394,15,3255.766,"x1","x6*(x11*x5)","x11*x5",1,1,1
