"Experiment","Run","F1","F2","F3","F4","Count_FP","Correlation","Correlation_FP","MAE","LMP","R2","Count_P","Time","First","Second","Third","FirstM","SecondM","ThirdM"
"P1",22,FALSE,FALSE,FALSE,FALSE,3,0.635474267278842,0.635474267278842,2.64010150905096e+276,683.748086912524,-Inf,3,NA,"x6*troot(x4*x4)","troot(x4*x4)","x2",0.999999715720808,0.999999715720808,0.13389148882502
"P2",22,FALSE,FALSE,FALSE,FALSE,6,0.311956720168576,0.311956720168576,0.00486433535768422,693.040164441824,0.999982332716615,6,NA,"troot(x4*x4)*x9","x8*troot(x4*x4)","(troot(x4*x4)*x9)*x9",0.999742128996656,0.999742128996656,0.999742128996656
"P3",22,FALSE,FALSE,FALSE,FALSE,5,0.414563800477888,0.414563800477888,2.55036113893104e+213,683.955183587772,-Inf,5,NA,"troot(x4*x4)*x6","troot(x4*x4)","x9",0.999999999999983,0.999999999999983,0.666442865148924
"P4",22,FALSE,FALSE,FALSE,FALSE,5,0.592525122582957,0.592525122582957,0.00155151738654319,700.057650136978,0.999999804083528,5,NA,"troot(x4*x4)","x7*troot(x4*x4)","troot(x4*x4)*x9",0.999999999876155,0.999999917301522,0.999999917301522
"P5",22,TRUE,FALSE,FALSE,FALSE,5,0.497621221302682,0.397145465563218,0.000884732575796191,687.684548542455,0.999999886909188,6,NA,"troot(x6*(x4*x4))","x4","x4*x6",1,0.999997541359278,0.999997408534819
"P6",22,FALSE,FALSE,FALSE,FALSE,4,0.467023559465697,0.467023559465697,0.000956839054690946,673.488289482677,0.999999909753642,4,NA,"troot(x4)*troot(x4)","x6*(troot(x4)*troot(x4))","x1",1,0.999986383092115,0.157422189322965
