"Experiment","Run","F1","F2","F3","F4","Count_FP","Correlation","Correlation_FP","MAE","LMP","R2","Count_P","Time","First","Second","Third","FirstM","SecondM","ThirdM"
"P1",33,TRUE,FALSE,FALSE,FALSE,1,0.467672654489102,-0.0646546762358107,0.031990872887696,-104.705836460735,0.9999626529678,2,434.885999999999,"troot(1+((x6*x4)*x4))","x7",NA,1,0.121342180992077,NA
"P3",33,TRUE,FALSE,FALSE,FALSE,1,0.453213554521817,-0.0935728909563669,0.0343169974932747,-94.5244319535552,0.999940151843335,2,395.548999999999,"troot((x4*x6)*x4)","x2",NA,0.996839377498184,0.353492061549072,NA
"P5",33,FALSE,FALSE,FALSE,FALSE,5,0.563823160562085,0.563823160562085,0.0400004669938723,-108.133395814827,0.999669534427235,5,363.870999999999,"x4*x7","x4","p0(troot(p0(x4)))*x4",0.999999999999226,0.999999918819617,0.999999811692785
