"Experiment","Run","F1","F2","F3","F4","Count_FP","Correlation","Correlation_FP","MAE","RMSE","LMP","R2","Count_P","Time","First","Second","Third","FirstM","SecondM","ThirdM"
"S1",16,FALSE,FALSE,FALSE,FALSE,5,0.579508471598203,0.579508471598203,0.00160985816467569,0.0024549849114075,680.959486335405,0.999999796361781,5,2216.89799999999,"(troot(x4)*troot(x4))*x7","(troot(x4)*troot(x4))*x9","troot(x4)*troot(x4)",1,1,1
"S2",16,FALSE,FALSE,FALSE,FALSE,4,0.740209812033418,0.740209812033418,0.0017648677502745,0.00267253498580121,692.722050182159,0.9999997586716,4,2335.96299999999,"troot(x4*x4)*x7","x9*troot(x4*x4)","troot(x4*x4)",1,1,1
"S3",16,FALSE,TRUE,FALSE,FALSE,7,0.136222999807925,0.0128263358614596,0.003540234905704,0.0140778105206605,653.628675153362,0.999993303746799,8,2491.80100000004,"x5","x8*troot(x4*(x4*x7))","troot(1+(sin_deg(x4)+(x10+(((x4*x9)*x4)+1))))",1,1,1
"S4",16,FALSE,FALSE,FALSE,FALSE,7,0.453935754984224,0.453935754984224,0.00165014641106339,0.00296929322600264,689.884283537256,0.999999702101847,7,2379.83500000002,"x9*troot(x4*x4)","troot(x4*x4)","x5",1,1,0.999999945641092
"S5",16,FALSE,FALSE,FALSE,FALSE,9,0.386267437758642,0.386267437758642,0.00220088099224178,0.00484177880661126,613.141227461296,0.999999207915479,9,2321.973,"x7*x4","x4","x7*(x8*(x8*x4))",1,1,1
"S6",16,FALSE,FALSE,FALSE,FALSE,4,0.537075438630361,0.537075438630361,0.000917559258610035,0.00158977434701189,683.955183587773,0.999999914604968,4,2236.76399999997,"troot(x4*x4)*x6","troot(x4*x4)","x9",1,1,0.58202165227616
