"Experiment","Run","F1","F2","F3","F4","Count_FP","Correlation","Correlation_FP","MAE","RMSE","LMP","R2","Count_P","Time","First","Second","Third","FirstM","SecondM","ThirdM"
"S1",3,FALSE,FALSE,FALSE,FALSE,1,0.99999974420151,0.99999974420151,0.0643592152782764,0.317964953428293,-24.0166299391974,0.996583982051177,1,2502.063,"x9*troot(x4*x4)","NA","NA",0.940696417859366,"NA","NA"
"S2",3,TRUE,FALSE,FALSE,FALSE,0,1,NA,0.0016669842286456,0.00759299177963691,-20.5220457792714,0.999998052006536,1,2563.083,"troot((x4*x4)*x6)","NA","NA",0.998001233680921,"NA","NA"
"S3",3,FALSE,FALSE,FALSE,FALSE,3,0.988045457953733,0.988045457953733,0.110673310595764,0.175338586555866,-28.2364995747419,0.998961236601833,3,2428.506,"x4","troot(x4)*x9","(troot(x4)*troot(x4))*x9",0.712330111856703,0.710485573594308,0.28951453435959
"S4",3,FALSE,FALSE,FALSE,FALSE,1,0.99999974420151,0.99999974420151,0.0764495180874748,0.37950959813834,-24.0166299391974,0.995133607165234,1,2504.081,"troot(x4*x4)*x9","NA","NA",1,"NA","NA"
"S5",3,FALSE,FALSE,FALSE,FALSE,3,0.994395083051805,0.994395083051805,0.0559838277842893,0.0953490803960846,-26.996322246006,0.999692818785253,3,2410.636,"x4","x9*(x4*pm05(x4))","x4*pm05(x4)",0.932711010474189,0.863039494250843,0.134064121714509
"S6",3,FALSE,FALSE,FALSE,FALSE,2,0.996429304930045,0.996429304930045,0.12422497832749,0.650989051409649,-26.7809518466237,0.985681121471164,2,2517.742,"troot(x4*x4)","x4","NA",1,0.143255492192529,"NA"
