"Experiment","Run","F1","F2","F3","F4","Count_FP","Correlation","Correlation_FP","MAE","RMSE","LMP","R2","Count_P","Time","First","Second","Third","FirstM","SecondM","ThirdM"
"S1",3,FALSE,FALSE,FALSE,FALSE,6,0.472147976379835,0.472147976379835,0.00163898147322627,0.00249068620802636,691.18800992846,0.999999790395951,6,2349.66899999999,"x9*troot(x4*x4)","troot(x4*x4)","troot(x4*x4)*sin_deg(x7)",1,1,0.999999177642446
"S2",3,FALSE,FALSE,FALSE,FALSE,15,0.341107005905012,0.341107005905012,1.25299087395517,8.67717736093531,528.505719223933,-1.5440086570984,15,2474.902,"troot(troot(x4))","x6*x4","sin_deg(x4)*x4",1,1,1
"S3",3,FALSE,FALSE,FALSE,FALSE,9,0.34664498817783,0.34664498817783,0.00154591709372289,0.00244147046553664,682.51183271814,0.999999798597626,9,2352.42000000004,"troot(x4)*troot(x4)","x9*(troot(x4)*troot(x4))","x7*(troot(x4)*troot(x4))",1,1,1
"S4",3,FALSE,FALSE,FALSE,FALSE,5,0.58772654656929,0.58772654656929,0.00145584453116424,0.0025583856847838,697.315326731169,0.999999778846576,5,2262.03899999999,"troot(x4*x4)","x7*troot(x4*x4)","x9*troot(x4*x4)",1,1,1
"S5",3,FALSE,FALSE,FALSE,FALSE,15,0.32743934734157,0.32743934734157,0.47448737389045,3.46373426226138,537.172684105829,0.594630782177271,15,2330.34899999999,"sin_deg(x4)","x4*x8","x4",1,1,1
"S6",3,FALSE,FALSE,FALSE,FALSE,7,0.475855349410427,0.475855349410427,0.00170970828274236,0.00247450038608089,694.413008035453,0.99999979311134,7,2264.16200000001,"troot(x4*x4)","x9*troot(x4*x4)","x7*troot(x4*x4)",1,1,1
