"Experiment","Run","F1","F2","F3","F4","Count_FP","Correlation","Correlation_FP","MAE","RMSE","LMP","R2","Count_P","Time","First","Second","Third","FirstM","SecondM","ThirdM"
"S1",22,TRUE,FALSE,FALSE,TRUE,1,0.635475343487986,-0.0935728909563669,0.0397490722400796,0.0539432825555292,-99.4705679276249,0.99990168124351,3,866.584000000032,"troot((x4*(x7*x4)))","troot((x4*(x6*x4)))","x2",0.637171168710322,0.362828831365947,0.153479174496363
"S2",22,FALSE,FALSE,FALSE,FALSE,3,0.404503775670354,0.404503775670354,0.0389602663597524,0.060771638737001,-101.896843541979,0.999875214670304,3,1051.47899999999,"troot(x4)*troot(x4)","x4*x2","x10",1,1,0.185826865793074
"S3",22,FALSE,FALSE,FALSE,FALSE,4,0.740221798098744,0.740221798098744,0.0930668830752772,0.341642147380727,-99.5125191073179,0.996056294085547,4,983.132999999973,"x4","x4*troot(x4)","x4*x10",1,0.999999998782477,0.999999980776217
"S4",22,FALSE,FALSE,FALSE,FALSE,4,0.568021232906383,0.568021232906383,0.0709782236795353,0.245980663913504,-99.877214903911,0.997955610816182,4,1078.69,"troot(x4*x4)","x3*x4","x2",1,0.999999999997404,0.1798720444789
"S5",22,TRUE,FALSE,FALSE,FALSE,1,0.453213554521817,-0.0935728909563669,0.0343468941093092,0.0415885219221825,-94.5244319535552,0.99994156021533,2,948.135999999999,"troot(x4*(x6*x4))","x2","NA",1,0.334397396827736,"NA"
"S6",22,FALSE,FALSE,FALSE,FALSE,3,0.985488592981159,0.985488592981159,0.0930691544909782,0.342196950767849,-99.5125191073178,0.996043475070202,3,1048.36099999998,"x4","troot(x4)*x4","x4*x10",1,1,0.999999999824965
