"Experiment","Run","Correlation","MAE","RMSE","LMP","R2","Count_P","Time","First","Second","Third","FirstM","SecondM","ThirdM"
"S1",17,0.894844039388633,2.85306080101725,4.49682078264517,-965.340886928853,0.800413751226627,21,4941.052,"x10*p0(x13)","x10*x6","x1",1,1,1
"S2",17,0.814806494763276,3.65252827334155,6.92802265262429,-975.955998531936,0.526262182588523,16,5133.321,"x6*x9","exp_dbl(x13)*x1","x11",1,1,0.999999999999999
"S3",17,0.865053716185545,3.10186650057249,5.24377248891692,-977.207893810632,0.728601690449248,15,5151.927,"x9","x9*x6","x10*x13",1,1,1
"S4",17,0.806177376439764,3.78585863262445,7.21121143212451,-974.711353800382,0.486741777898189,17,4262.346,"x13","(x5*(x6*x11))*x6","x1",1,1,1
"S5",17,0.805370791110544,3.65306024795347,7.40408549952333,-970.788631546961,0.458918971161278,19,3867.005,"x11","x9*x6","x9",0.999999999999995,0.999999999996075,0.999999999160712
"S6",17,0.890320760026848,2.88770321208981,4.5890491007736,-968.697980304506,0.792142899050142,15,3650.897,"x6*x9","p0(p0(x13))*x9","x11",1,1,0.999995706523808
