"Experiment","Run","F1","F2","F3","F4","Count_FP","Correlation","Correlation_FP","MAE","RMSE","LMP","R2","Count_P","Time","First","Second","Third","FirstM","SecondM","ThirdM"
"S1",11,FALSE,FALSE,FALSE,FALSE,6,0.543291565763375,0.543291565763375,0.00153469964862229,0.00242109660253718,697.519928711661,0.999999801944972,6,2222.63899999997,"troot(x4*x4)","x9*troot(x4*x4)","troot(x4*x4)*x7",1,1,1
"S2",11,FALSE,FALSE,FALSE,FALSE,6,0.543291565763375,0.543291565763375,0.00153155975571828,0.00242070477092244,682.130232566893,0.999999802009073,6,2401.54999999999,"troot(x4)*troot(x4)","x7*(troot(x4)*troot(x4))","(troot(x4)*troot(x4))*x9",1,1,1
"S3",11,FALSE,FALSE,FALSE,FALSE,5,0.41621099516543,0.41621099516543,0.00090654201423502,0.00158867398644364,673.695386157928,0.999999914723139,5,2210.11300000001,"x6*(troot(x4)*troot(x4))","troot(x4)*troot(x4)","x9",1,1,0.583975979471544
"S4",11,TRUE,FALSE,FALSE,FALSE,4,0.189106578715493,-0.0136167766056343,0.00135157727511544,0.00295137706511023,701.548306810373,0.999999705685925,5,2412.41800000001,"troot((x8*x4)*((x8*x4)*x4))","troot((x4*x6))*troot(x4)","x8*x4",1,1,1
"S5",11,FALSE,FALSE,FALSE,FALSE,6,0.500366397342807,0.500366397342807,0.00157283305902671,0.00428608796924369,596.014292441351,0.999999379297068,6,2220.27500000002,"exp_dbl(x6)*(x6*((x6*troot(x4))*(x6*troot(x4))))","(x6*troot(x4))*(x6*troot(x4))","x6*(x6*((x6*troot(x4))*(x6*troot(x4))))",0.999999994718048,0.999991345205101,0.998100321235338
"S6",11,FALSE,FALSE,FALSE,FALSE,7,0.486070042357344,0.486070042357344,0.00152422851199074,0.00241574345532794,682.511832718283,0.99999980281982,7,2313.62900000002,"troot(x4)*troot(x4)","x7*(troot(x4)*troot(x4))","(troot(x4)*troot(x4))*x9",1,1,1
