"Experiment","Run","F1","F2","F3","F4","Count_FP","Correlation","Correlation_FP","MAE","RMSE","LMP","R2","Count_P","Time","First","Second","Third","FirstM","SecondM","ThirdM"
"S1",11,FALSE,FALSE,FALSE,FALSE,1,0.99999974420151,0.99999974420151,0.0764734447832643,0.379538950314107,-24.0166299391974,0.995132854379311,1,2440.475,"troot(x4*x4)*x9","NA","NA",1,"NA","NA"
"S2",11,FALSE,FALSE,FALSE,TRUE,0,0.999998921420326,NA,0.0184560589923761,0.0723303037282419,-20.678976752487,0.999823232583993,1,2511.894,"troot((x4*x4)*x7)","NA","NA",1,"NA","NA"
"S3",11,FALSE,FALSE,FALSE,FALSE,2,0.982068314829844,0.982068314829844,0.159835541259563,0.254851403567541,-28.2364995747419,0.997805499443088,2,2436.511,"x4","troot(x4)*x9","NA",0.975340491249068,0.971219408738897,"NA"
"S4",11,FALSE,FALSE,FALSE,FALSE,1,0.99999974420151,0.99999974420151,0.0643558963182723,0.317980955010914,-24.0166299391974,0.996583638220398,1,2460.429,"troot(x4*x4)*x9","NA","NA",0.941410864249306,"NA","NA"
"S5",11,FALSE,FALSE,FALSE,FALSE,1,0.99999974420151,0.99999974420151,NA,NA,-24.0166299391974,NA,1,2516.03,"x9*troot(x4*x4)","NA","NA",0.902550030879238,"NA","NA"
"S6",11,FALSE,FALSE,FALSE,TRUE,0,0.999998921420326,NA,0.0184585003741512,0.0723429226657166,-20.678976752487,0.999823170899984,1,2680.279,"troot(x7*(x4*x4))","NA","NA",0.999984442723415,"NA","NA"
