"Experiment","Run","F1","F2","F3","F4","Count_FP","Correlation","Correlation_FP","MAE","LMP","R2","Count_P","Time","First","Second","Third","FirstM","SecondM","ThirdM"
"P1",29,FALSE,FALSE,FALSE,FALSE,5,0.573462860287722,0.573462860287722,0.0964626402206011,-99.5125191073178,0.995971124537296,5,383.996000000001,"x4","x4*x10","x4*troot(x4)",1,0.999995642273941,0.997081993075072
"P2",29,FALSE,FALSE,FALSE,FALSE,4,0.646315542974852,0.646315542974852,0.0738417653486598,-100.061923553727,0.997343131479775,4,392.702999999998,"x4","x4*p0(x4)","(x10*x4)*x3",0.999999999999934,0.999994211197108,0.98510793560111
"P3",29,FALSE,FALSE,FALSE,FALSE,8,0.492417632545361,0.492417632545361,0.315575954801278,-114.234876746933,0.908095080391847,8,529.434000000001,"x4","p3(x4)","x10*(x4*x10)",1,1,1
"P4",29,FALSE,FALSE,FALSE,FALSE,4,0.260008567617798,0.260008567617798,0.0381562381666897,-96.7669448270558,0.999872272121935,4,368.828999999998,"troot(x4*x4)","x2*x4","x6",1,0.999951930466749,0.277235091765372
