"Experiment","Run","Correlation","MAE","RMSE","LMP","R2","Count_P","Time","First","Second","Third","FirstM","SecondM","ThirdM"
"S1",22,0.910329420805295,2.57449351098937,4.17887196421283,-1217.67576906403,0.827639562837169,29,5343.623,"x5*(x13*x10)","x13","x11",1,1,1
"S2",22,0.915180544166627,2.56896728271415,4.05695795738816,-1258.17081817876,0.837549717474197,22,5250.036,"troot(x9)","p3(x8)","(((x6*x6)*x9)*p3(x6*x6))*x6",1,1,1
"S3",22,0.912472043745256,2.64481594249177,4.31287907791486,-1247.11069367721,0.816407886930155,26,5866.567,"x7","x13*x6","troot(x3)",1,1,1
"S4",22,0.919292648792266,2.47595707542443,3.97158906729407,-1329.74165000346,0.844314534390796,25,4830.91,"exp_dbl(exp_dbl(p0(x8)))","p0(x10)","x12",1,1,1
"S5",22,0.883601702741666,2.65235528163243,4.75127705522803,-1434.90513486733,0.777187183702206,22,4808.654,"x7","x3*troot(troot(x10)*(x5*x13))","(x12*p0(x9))*(((x9*(x13*x6))*sigmoid(1+(x2+x13)))*x12)",1,1,1
"S6",22,0.887895796543713,2.95432805387147,4.70535875568985,-1340.4889842889,0.78147308255598,23,4440.328,"troot(x6)*p0(x11)","x8*x1","x6*x7",1,1,1
