"Experiment","Run","Correlation","MAE","RMSE","LMP","R2","Count_P","Time","First","Second","Third","FirstM","SecondM","ThirdM"
"S1",20,0.860047200886828,3.21459605307591,6.04525422886936,-1311.19807899134,0.639297962234118,28,6306.572,"x10*x11","sigmoid(x1+p0(x13*(x11*(x5*x6))))*x5","troot(x6)",1,1,1
"S2",20,0.876244475826211,2.851939040981,5.18056380965102,-1272.26948594864,0.73510515214061,29,5320.396,"x1*x5","sigmoid(exp_dbl(x6))","troot(x3*troot(x9))",1,1,1
"S3",20,0.886362587897725,2.71370909986641,4.68826526045233,-1349.62866277406,0.783057915555269,22,5279.414,"x13*x12","x8*x11","sigmoid(x8+x8)*(exp_dbl(x13)*(x13*x13))",1,1,1
"S4",20,0.817707759617545,3.49379747352678,7.59448430248552,-1269.88705126355,0.430732966523688,20,5122.21,"x9*x12","x7*((x7*x12)*exp_dbl(x3))","x1",1,1,1
"S5",20,0.872378204280454,2.97531716726141,5.1630310461151,-1292.46442333195,0.736895103929894,29,4708.096,"x3*exp_dbl(x9*exp_dbl(x13))","x11","x6*p3(x9*x6)",1,1,1
"S6",20,0.888066277842238,2.85337117701574,5.01603891132058,-1264.4878274756,0.751663102894107,19,4813.673,"x7*x12","x11","x1",1,1,1
