"Experiment","Run","F1","F2","F3","F4","Count_FP","Correlation","Correlation_FP","MAE","LMP","R2","Count_P","Time","First","Second","Third","FirstM","SecondM","ThirdM"
"P5",25,FALSE,FALSE,FALSE,FALSE,9,0.554082569909292,0.554082569909292,0.0011377430137482,657.331718980192,0.999999872106565,9,NA,"troot((x6*x4)*(x6*x4))","x6","x4",0.999999993895756,0.999948495838345,0.959672437055903
"P1",25,TRUE,FALSE,FALSE,FALSE,4,0.582931600728402,0.478664500910502,0.000830267820377466,687.684548542456,0.999999899498399,5,NA,"troot(x6*(x4*x4))","x4","x6*x4",1,0.950935821968806,0.941716059186493
"P2",25,FALSE,FALSE,FALSE,FALSE,6,0.722924569929983,0.722924569929983,0.000990899628654648,673.815144424109,0.999999906120057,6,NA,"x5","x4","troot(x4*sin_deg(x6))*troot(x4)",0.60927424587454,0.573913724903154,0.534220306969428
"P3",25,FALSE,FALSE,FALSE,FALSE,4,0.446412420275273,0.446412420275273,0.000961334140237814,683.748086912524,0.99999991374318,4,NA,"troot(x4*x4)","x6*troot(x4*x4)","x5",1,1,0.278986310067402
"P4",25,TRUE,FALSE,FALSE,FALSE,2,0.450609372569801,0.175914058854702,0.000907992332492705,678.789916036664,0.999999883477492,3,NA,"x4*x2","troot(x6*x4)*troot(x4)","x5",0.999999999999294,0.999999999999294,0.359866946270532
"P6",25,FALSE,FALSE,FALSE,FALSE,4,0.537075438630361,0.537075438630361,0.000916619106826879,683.955183587773,0.999999915567729,4,NA,"troot(x4*x4)*x6","troot(x4*x4)","x9",1,1,0.627672732213128
