"Experiment","Run","F1","F2","F3","F4","Count_FP","Correlation","Correlation_FP","MAE","LMP","R2","Count_P","Time","First","Second","Third","FirstM","SecondM","ThirdM"
"P5",25,FALSE,FALSE,FALSE,TRUE,9,0.547960268547288,0.497733751561395,0.00145054300035642,638.4606954505,0.999999707091446,10,555.849999999977,"troot((x7*x4)*x4)*x7","x4","troot((x7*x4)*x4)",1,1,1
"P1",25,FALSE,FALSE,FALSE,FALSE,13,0.731513401575737,0.731513401575737,0.544296332722481,621.720454655114,0.469616881562052,13,638.559999999998,"(x6*x4)*(x4*x10)","x4","troot(x6*x4)",1,1,1
"P2",25,FALSE,FALSE,FALSE,TRUE,7,0.631550109759965,0.578914565237056,0.00164665149330583,641.032869691358,0.999999811631446,8,593.200000000012,"x7*x9","troot((x7*x4)*x4)","x7*(x4*x9)",1,1,1
"P3",25,FALSE,FALSE,FALSE,FALSE,13,0.257182282060731,0.257182282060731,0.705701956091184,535.868276695787,0.147762968248777,13,624.640000000014,"sin_deg(x4)","x2*x4","x4",1,1,1
"P4",25,FALSE,FALSE,FALSE,TRUE,7,0.622647175473578,0.568739783195471,0.00183707013823244,650.811021205301,0.999999621637125,8,614.259999999893,"x9*(x4*x7)","troot((x4*x4)*x7)","troot(x4*x4)",1,1,1
"P6",25,FALSE,FALSE,FALSE,FALSE,5,0.414563800477888,0.414563800477888,0.000914423912840976,673.695386157929,0.999999914852291,5,594.709999999963,"troot(x4)*troot(x4)","(troot(x4)*troot(x4))*x6","x9",1,1,0.634647613463157
