"Experiment","Run","F1","F2","F3","F4","Count_FP","Correlation","Correlation_FP","MAE","RMSE","LMP","R2","Count_P","Time","First","Second","Third","FirstM","SecondM","ThirdM"
"S1",23,FALSE,FALSE,FALSE,FALSE,2,0.604544956779782,0.604544956779782,0.0389260817330902,0.0593379412867783,-96.7669448270558,0.999881032979505,2,2253.07000000001,"troot(x4*x4)","x4*x2","NA",0.999999735798555,0.981249123781963,"NA"
"S2",23,FALSE,FALSE,FALSE,TRUE,1,0.996429109555188,0.992859297690051,0.0438498823794287,0.076981730821737,-94.3406692127019,0.99979976638942,2,2408.005,"troot(x4*(x4*x7))","x4","NA",1,0.161435738168805,"NA"
"S3",23,FALSE,FALSE,FALSE,FALSE,3,0.788552607527299,0.788552607527299,0.0691772092501755,0.24137486045049,-99.877214903911,0.99803145336699,3,2398.93299999996,"troot(x4*x4)","x3*x4","x4",1,0.983220188536964,0.157464863682322
"S4",23,FALSE,FALSE,FALSE,FALSE,4,0.260008567617798,0.260008567617798,0.0379344653729021,0.0613553238849303,-96.7669448270559,0.999872806141555,4,2344.033,"troot(x4*x4)","x2*x4","x6",1,0.999999953195592,0.26002548206769
"S5",23,FALSE,FALSE,FALSE,FALSE,3,0.626369673639609,0.626369673639609,2.10891833202808,15.206302174705,-111.860432058893,-6.81283888865172,3,2227.39999999997,"(troot(x4)*troot(x4))*x9","(x4*x5)*x4","x2",1,0.962191075912218,0.327902666976294
"S6",23,FALSE,FALSE,FALSE,FALSE,2,0.996429636926975,0.996429636926975,0.0483813739314788,0.106724291203243,-99.6923314232741,0.999615152921347,2,2325.11799999996,"troot(x4*x4)*sigmoid(x6)","x4","NA",0.99934988035337,0.203660674065008,"NA"
