"Experiment","Run","F1","F2","F3","F4","Count_FP","Correlation","Correlation_FP","MAE","RMSE","LMP","R2","Count_P","Time","First","Second","Third","FirstM","SecondM","ThirdM"
"S1",18,TRUE,FALSE,FALSE,FALSE,1,0.50221070672575,0.00442141345149907,0.0313985081349997,0.0347938735620879,-94.5244319535552,0.999959095866441,2,921.426999999967,"troot(x4*(x4*x6))","x10","NA",0.99999999999634,0.282482480030477,"NA"
"S2",18,FALSE,FALSE,FALSE,FALSE,3,0.404503775670354,0.404503775670354,0.0384317600993553,0.0600095086993208,-96.7669448270558,0.999878324881395,3,1032.62,"troot(x4*x4)","x2*x4","x10",1,1,0.147003735138612
"S3",18,FALSE,FALSE,FALSE,TRUE,1,0.996429109555188,0.992859297690051,0.0438464512596352,0.0769726360199759,-94.3406692127019,0.99979981369876,2,892.244999999995,"troot(x7*(x4*x4))","x4","NA",1,0.162062347243035,"NA"
"S4",18,TRUE,FALSE,FALSE,FALSE,3,0.480449489752386,0.307265986336515,0.030447424362041,0.0341749720700287,-94.5244319535552,0.999960538101746,4,1042.99800000002,"troot(x4*(x4*x6))","x10","x6",1,0.332647115798282,0.118447606449672
"S5",18,FALSE,TRUE,FALSE,FALSE,4,0.445104145900145,0.306380270511011,0.0330306484433084,0.0392722452815526,-101.881380727833,0.999947888557029,5,942.88400000002,"troot((x9*x4)*x4)","x3*x4","x4",1,0.69482311366868,0.32393587690513
"S6",18,FALSE,FALSE,FALSE,FALSE,5,0.57441356626177,0.57441356626177,0.0347951773391623,0.0527826010755457,-100.717970320674,0.999905866715597,5,1057.23200000002,"troot(x4*x4)","x4","x4*x8",1,0.750899044712365,0.705683629702472
