"Experiment","Run","F1","F2","F3","F4","Count_FP","Correlation","Correlation_FP","MAE","LMP","R2","Count_P","Time","First","Second","Third","FirstM","SecondM","ThirdM"
"P1",1,FALSE,FALSE,FALSE,FALSE,2,0.984008608849547,0.984008608849547,0.257556002472739,-38.349774074753,0.962959234785787,2,2.311,"x4*x4","x4","NA",0.999999999999965,0.997979992076932,"NA"
"P2",1,FALSE,FALSE,FALSE,FALSE,2,0.604544956779782,0.604544956779782,0.0470210424913553,-31.247688607284,0.99809329997319,2,2.975,"troot(x4)*troot(x4)","x2*x4","NA",0.999999888313503,0.659977695922134,"NA"
"P3",1,FALSE,FALSE,FALSE,FALSE,2,0.984008608849547,0.984008608849547,3.32642726523155e+286,-38.349774074753,-Inf,2,2.126,"x4","x4*x4","NA",1,1,"NA"
"P4",1,FALSE,FALSE,FALSE,FALSE,2,0.982401464192023,0.982401464192023,0.227423458182378,-31.5762099246959,0.99024672696205,2,2.977,"x4","troot(x4)","NA",1,1,"NA"
"P5",1,FALSE,FALSE,FALSE,FALSE,2,0.982401464192023,0.982401464192023,0.228633057518393,-31.5762099246959,0.9902132613416,2,2.508,"x4","troot(x4)","NA",1,0.999999999822316,"NA"
"P6",1,FALSE,FALSE,FALSE,FALSE,4,0.437614229173061,0.437614229173061,0.21262368400826,-39.8651309006916,0.991818297690787,4,2.83199999999999,"x3","x4","x5",1,1,1
