"Experiment","Run","F1","F2","F3","F4","Count_FP","Correlation","Correlation_FP","MAE","RMSE","LMP","R2","Count_P","Time","First","Second","Third","FirstM","SecondM","ThirdM"
"S1",13,FALSE,FALSE,FALSE,FALSE,3,0.404503775670354,0.404503775670354,0.0388460701663607,0.0603306498976618,-96.7669448270558,0.999877019106727,3,993.212999999989,"troot(x4*x4)","x4*x2","x10",1,0.981377965167196,0.174498598314597
"S2",13,FALSE,FALSE,FALSE,FALSE,3,0.788552607527299,0.788552607527299,0.0684271472231746,0.244562540076621,-99.877214903911,0.997979115426544,3,1053.60600000003,"troot(x4*x4)","x3*x4","x4",0.999999999998887,0.937560502380668,0.246637602201741
"S3",13,FALSE,FALSE,FALSE,TRUE,0,0.999998921420326,NA,0.0444026150596292,0.0760745009142967,-94.3406692127019,0.999804458087009,1,889.771000000008,"troot(x7*(x4*x4))","NA","NA",1,"NA","NA"
"S4",13,FALSE,FALSE,FALSE,FALSE,2,0.604544956779782,0.604544956779782,0.0389810248188463,0.0602065522075991,-96.7669448270558,0.999877524519764,2,1072.54299999995,"troot(x4*x4)","x4*x2","NA",1,0.999999866079195,"NA"
"S5",13,FALSE,FALSE,FALSE,FALSE,4,0.568021232906383,0.568021232906383,0.0706260160740338,0.246026147635584,-99.877214903911,0.997954854699624,4,944.364000000001,"troot(x4*x4)","x3*x4","x2",1,0.999967408867955,0.187998360007274
"S6",13,FALSE,FALSE,FALSE,FALSE,2,0.604544956779782,0.604544956779782,0.0388754539881127,0.0592265686008544,-96.7669448270558,0.999881479144034,2,1036.18399999995,"troot(x4*x4)","x2*x4","NA",1,0.973190050372509,"NA"
