"Experiment","Run","F1","F2","F3","F4","Count_FP","Correlation","Correlation_FP","MAE","RMSE","LMP","R2","Count_P","Time","First","Second","Third","FirstM","SecondM","ThirdM"
"S1",29,FALSE,FALSE,FALSE,FALSE,6,0.285955912396293,0.285955912396293,0.000933373213622193,0.00158993687023395,673.695386157929,0.999999914587507,6,801.574,"troot(x4)*troot(x4)","(troot(x4)*troot(x4))*x6","x9",1,1,0.653119203493001
"S2",29,FALSE,FALSE,FALSE,TRUE,6,0.701067041731805,0.651245061783718,1.5946768595146e+284,Inf,651.355289589677,-Inf,7,835.969,"x4","troot((x7*x4)*x4)","x7*x4",1,1,1
"S3",29,FALSE,FALSE,FALSE,FALSE,8,0.350669827474623,0.350669827474623,0.00480102293700878,0.0240236639281394,682.310209978298,0.999980499752503,8,787,"troot(x4*x4)*x9","troot(x4*x4)","p3(x7)*(troot(x4*x4)*x9)",1,1,0.999999999274751
"S4",29,FALSE,FALSE,FALSE,FALSE,12,0.533714648130526,0.533714648130526,0.0675223394755965,0.43776197781916,597.875454880348,0.99352503073028,12,935.456,"x4","x4*p0(x4)","troot(x4)",1,1,1
"S5",29,FALSE,FALSE,FALSE,FALSE,10,0.77945598969364,0.77945598969364,0.0435950634564858,0.292862164328365,596.197677410312,0.997102068129834,10,751.722,"troot(troot(x7*x4)*(troot(x4)*x4))","troot(x4)*x4","x4",1,1,1
"S6",29,FALSE,FALSE,FALSE,FALSE,9,0.672449974044218,0.672449974044218,0.0045889145212944,0.0186566187718057,577.837751472912,0.99998823945331,9,847.55,"x4","x9*x4","x4*x4",1,1,1
