"Experiment","Run","F1","F2","F3","F4","Count_FP","Correlation","Correlation_FP","MAE","LMP","R2","Count_P","Time","First","Second","Third","FirstM","SecondM","ThirdM"
"P1",2,FALSE,FALSE,FALSE,FALSE,3,0.733983070416538,0.733983070416538,0.0335055854787275,-96.7669448270558,0.999949814598433,3,NA,"troot(x4*x4)","x4*x2","x4",0.938526199633978,0.898464639532983,0.150605685655713
"P2",2,TRUE,FALSE,FALSE,FALSE,3,0.528879255650799,0.371839007534399,0.0333406319491637,-94.5244319535552,0.999948486579636,4,NA,"troot((x4*x6)*x4)","x2","troot(x4*x4)",0.75838737281082,0.284081259822634,0.241614925386037
"P3",2,FALSE,FALSE,FALSE,FALSE,4,0.527094080073312,0.527094080073312,0.0381625730524848,-96.7669448270558,0.999911665040735,4,NA,"troot(x4*x4)","x4*x2","x2",0.990279644465611,0.929676696011956,0.189342403741115
"P5",2,FALSE,FALSE,FALSE,FALSE,8,0.730115482321582,0.730115482321582,0.0343992795274239,-100.717970320674,0.999907606581906,8,NA,"x4","troot(x4*x4)","x4*x6",0.991874583596215,0.695247625105279,0.40040047360477
"P6",2,FALSE,FALSE,FALSE,FALSE,2,0.604544956779782,0.604544956779782,0.038658076256297,-96.7669448270559,0.999877078678166,2,NA,"troot(x4*x4)","x4*x2",NA,0.999853513294078,0.981176786605211,NA
