"Experiment","Run","F1","F2","F3","F4","Count_FP","Correlation","Correlation_FP","MAE","LMP","R2","Count_P","Time","First","Second","Third","FirstM","SecondM","ThirdM"
"P1",16,FALSE,FALSE,FALSE,FALSE,2,0.604544956779782,0.604544956779782,0.0350828250891658,-96.7669448270558,0.99992795497268,2,NA,"troot(x4*x4)","x4*x2","NA",0.970643369237165,0.940800805361721,"NA"
"P2",16,FALSE,FALSE,FALSE,TRUE,4,0.423987471495004,0.279984609013674,0.0457128107491517,-94.3406692127019,0.999791553975738,5,NA,"troot((x4*x4)*x7)","troot(x4*x4)","x4*x2",0.84573410933064,0.149467142314247,0.149416796968735
"P3",16,FALSE,FALSE,FALSE,FALSE,2,0.604544956779782,0.604544956779782,0.0382132770563493,-96.7669448270558,0.999897382847548,2,NA,"troot(x4*x4)","x2*x4","NA",0.999986067295601,0.962355594254203,"NA"
"P4",16,TRUE,FALSE,FALSE,FALSE,0,1,NA,0.03118635878645,-94.5244319535552,0.999966736426291,1,NA,"troot(x6*(x4*x4))","NA","NA",0.89975342270083,"NA","NA"
"P5",16,FALSE,FALSE,FALSE,FALSE,2,0.604544956779782,0.604544956779782,0.0342075151720834,-96.7669448270558,0.999942381432212,2,NA,"x4*x2","troot(x4*x4)","NA",0.923186267668538,0.921255387175345,"NA"
"P6",16,FALSE,FALSE,FALSE,FALSE,3,0.404503775670354,0.404503775670354,0.0387710756434585,-96.7669448270558,0.99987387714192,3,NA,"troot(x4*x4)","x4*x2","x10",0.999965720171372,0.999965719544302,0.105872899397737
