"Experiment","Run","F1","F2","F3","F4","Count_FP","Correlation","Correlation_FP","MAE","LMP","R2","Count_P","Time","First","Second","Third","FirstM","SecondM","ThirdM"
"P1",16,FALSE,FALSE,FALSE,FALSE,4,0.284507143719764,0.284507143719764,0.0370391299536542,-96.7669448270559,0.999876964323109,4,392.666,"troot(x4*x4)","x4*x2","x6",1,0.987975079464667,0.170917902326525
"P2",16,FALSE,FALSE,FALSE,FALSE,4,0.740221798098744,0.740221798098744,0.0944391378658931,-99.5125191073179,0.996060533906353,4,358.989000000001,"x4*troot(x4)","x4","x4*x10",1,1,0.991712769089273
"P3",16,FALSE,FALSE,FALSE,FALSE,5,0.782784634241428,0.782784634241428,0.0437212528635745,-100.720409257459,0.999827662836176,5,397.371999999996,"troot(x4*x4)","x4","x4*x7",0.999954830030371,0.992552587369764,0.51922653564317
"P4",16,FALSE,FALSE,FALSE,FALSE,3,0.381478412441251,0.381478412441251,0.038615782823619,-96.7669448270559,0.999884048497359,3,403.834000000003,"troot(x4*x4)","x4*x2","x7",1,0.973982144862491,0.166325789618857
"P5",16,FALSE,FALSE,FALSE,FALSE,2,0.604544956779782,0.604544956779782,0.0389260634180528,-96.7669448270558,0.999878260802558,2,342.347000000009,"x4*x2","troot(x4*x4)","NA",0.99999992633843,0.997908387048274,"NA"
"P6",16,FALSE,FALSE,FALSE,FALSE,4,0.262715586591847,0.262715586591847,0.0396887690508002,-96.7669448270559,0.999870204856263,4,384.263999999996,"troot(x4*x4)","x4*x2","x2",1,0.999999998745818,0.157852560090083
