"Experiment","Run","F1","F2","F3","F4","Count_FP","Correlation","Correlation_FP","MAE","RMSE","LMP","R2","Count_P","Time","First","Second","Third","FirstM","SecondM","ThirdM"
"S1",25,FALSE,FALSE,FALSE,FALSE,3,0.985488592981159,0.985488592981159,0.0930784580867685,0.341717731232137,-99.5125191073178,0.996054548905935,3,2625.316,"x4","x10*x4","troot(x4)*x4",1,0.999999999999821,0.999804122624199
"S2",25,TRUE,FALSE,FALSE,FALSE,0,1,NA,0.0321164864776198,0.032994592281457,-94.5244319535552,0.999963216998229,1,2781.34,"troot(x4*(x4*x6))","NA","NA",1,"NA","NA"
"S3",25,FALSE,FALSE,FALSE,FALSE,2,0.604544956779782,0.604544956779782,0.0373134038041678,0.0498100643270264,-96.7669448270559,0.999916170699732,2,2649.527,"troot(x4*x4)","x2*x4","NA",1,0.949915202005164,"NA"
"S4",25,TRUE,FALSE,FALSE,FALSE,2,0.639125515186015,0.458688272779023,0.0313545574739713,0.0328113143476979,-94.5244319535552,0.999963624506749,3,2976.135,"troot(x4*(x6*x4))","x6","x4",1,0.122206377121397,0.101008769961785
"S5",25,FALSE,FALSE,FALSE,FALSE,2,0.604544956779782,0.604544956779782,0.0387076613762723,0.0600298125721216,-96.7669448270558,0.99987824253131,2,2572.603,"troot(x4*x4)","x2*x4","NA",0.998028989455196,0.996639569999694,"NA"
"S6",25,FALSE,FALSE,FALSE,TRUE,2,0.639125155659457,0.458688272779023,0.0427114733995229,0.0756428435608712,-94.3406692127019,0.999806670855671,3,2380.659,"troot(x4*(x4*x7))","x4","x6",1,0.155052201921469,0.133655866777572
