"Experiment","Run","Correlation","MAE","RMSE","LMP","R2","Count_P","Time","First","Second","Third","FirstM","SecondM","ThirdM"
"S1",28,0.837893708114901,3.65464343470339,5.57193449668769,-3430.19029621016,0.693569872927433,15,3387.956,"troot(x11)","x5","x6",1,1,1
"S2",28,0.851280145571771,3.26701386655802,5.29553531417804,-2420.05164328673,0.723217139165308,15,7537.576,"x1","x2","troot(x6)",1,1,1
"S3",28,0.8827605048174,3.0477130563023,4.75772298051541,-2227.13425085566,0.77658220571415,15,8178.678,"x1","sigmoid(troot(x13))","x10*x13",1,1,1
"S4",28,0.0920500345437092,5.41317660186044,18.4024564209133,-2060.58717873922,-2.34249720431677,15,7664.396,"x1","p0(sigmoid(x13))","troot(x8)",1,1,1
"S5",28,0.839300361353017,3.5874115129411,5.53225569550478,-3492.32729383164,0.697918627424634,15,3420.756,"x1","x2","x5",1,1,1
"S6",28,0.882185079395461,3.13979559786756,4.89498817173112,-2406.19529976421,0.763504571472522,15,7204.692,"x1","x6*x11","x6",1,1,1
