"Experiment","Run","F1","F2","F3","F4","Count_FP","Correlation","Correlation_FP","MAE","LMP","R2","Count_P","Time","First","Second","Third","FirstM","SecondM","ThirdM"
"P2",34,FALSE,TRUE,FALSE,FALSE,3,0.491023623084247,0.321364948293435,0.00302612937423084,689.758049957918,0.999994181827014,4,NA,"troot((x4*x9)*x4)","troot((x4*x9)*x4)*x6","p3(x7)",0.996021684492096,0.996021684492096,0.996020745475249
"P4",34,TRUE,FALSE,FALSE,FALSE,2,0.714245609496639,0.571368414244959,0.000824835312902221,684.777371260962,0.999999911804675,3,NA,"troot((x4*x6)*x4)","troot(x4*x4)","x5",0.999963330728323,0.999872372904151,0.329096049035802
