"Experiment","Run","F1","F2","F3","F4","Count_FP","Correlation","Correlation_FP","MAE","RMSE","LMP","R2","Count_P","Time","First","Second","Third","FirstM","SecondM","ThirdM"
"S1",23,TRUE,FALSE,FALSE,TRUE,1,0.635475343487986,-0.0935728909563669,0.0392890488143769,0.0521981510720024,-94.3406692127019,0.999907939808102,3,886.540999999968,"troot(x7*(x4*x4))","troot(x6*(x4*x4))","x2",0.512752470844992,0.487247529155008,0.306228404347949
"S2",23,FALSE,FALSE,FALSE,FALSE,4,0.260008567617798,0.260008567617798,0.0388942231199923,0.0598980465185077,-101.896843541979,0.999878776462457,4,1001.85099999997,"troot(x4)*troot(x4)","x2*x4","x6",1,0.986555290779247,0.189945029794591
"S3",23,FALSE,FALSE,FALSE,FALSE,4,0.255320885572209,0.255320885572209,0.0707368396637444,0.251724518771632,-99.877214903911,0.997859019684102,4,933.581000000006,"troot(x4*x4)","x4*x3","x9",1,0.999999999998141,0.116690470382991
"S4",23,FALSE,FALSE,FALSE,FALSE,4,0.214106949749845,0.214106949749845,0.0374339207647703,0.0538461352252656,-96.7669448270558,0.999902035052311,4,1079.98800000001,"troot(x4*x4)","x4*x2","x10",1,0.966943166901258,0.178006072784019
"S5",23,FALSE,FALSE,TRUE,FALSE,1,0.502210602574568,0.00442141345149907,0.0357270179659295,0.0538012516767195,-105.860501072193,0.999902198301982,2,976.867000000027,"troot(x9*x4)*troot(x9*x4)","x10","NA",0.999998459184026,0.322127036635361,"NA"
"S6",23,TRUE,FALSE,FALSE,FALSE,1,0.467672661882095,-0.0646546762358107,0.0318771165679396,0.0332119146009022,-94.5244319535552,0.999962730852312,2,1053.141,"troot((x4*x6)*x4)","x7","NA",1,0.119458519945397,"NA"
