"Experiment","Run","F1","F2","F3","F4","Count_FP","Correlation","Correlation_FP","MAE","LMP","R2","Count_P","Time","First","Second","Third","FirstM","SecondM","ThirdM"
"P1",26,TRUE,FALSE,FALSE,FALSE,2,0.995239780774171,0.992859671161257,5.96168225460236e+96,682.554649827531,-6.48474714038123e+193,3,NA,"troot(x6*x4)*troot(x4)","x4","x6*x4",1,0.948839703662412,0.938250780088039
"P2",26,FALSE,FALSE,FALSE,FALSE,8,0.348078567775443,0.348078567775443,0.0017179190483909,699.010338532581,0.999999761940144,8,NA,"troot(x4*x4)","x9*troot(x4*x4)","troot(x4*x4)*x7",1,0.999999999991223,0.999999999990295
"P3",26,FALSE,FALSE,FALSE,FALSE,10,0.625852567524298,0.625852567524298,0.00517644413019046,627.683333813061,0.999990583760133,10,NA,"troot(x4*x4)","x4*x4","x10*x4",1,1,1
"P4",26,TRUE,FALSE,FALSE,FALSE,3,0.782114214660598,0.709485619547464,1.43542987146042e+176,682.554649827531,-Inf,4,NA,"troot(x4)*troot(x4*x6)","x4","x4*x6",0.999999999998678,0.999994222837784,0.999992036588734
"P5",26,TRUE,FALSE,FALSE,FALSE,3,0.736887717752322,0.649183623669762,0.000829713933493961,687.881431327977,0.999999889972455,4,NA,"troot(x4*(x6*x4))","x4","x7*x4",1,0.99999706418785,0.551675286750138
"P6",26,TRUE,FALSE,FALSE,FALSE,5,0.646223456509139,0.575468147810967,2.11500640092949e+245,691.027397938182,-Inf,6,NA,"troot(x6*(x4*x4))","x4","x4*x7",1,0.999389023661903,0.929254236988816
