"Experiment","Run","F1","F2","F3","F4","Count_FP","Correlation","Correlation_FP","MAE","LMP","R2","Count_P","Time","First","Second","Third","FirstM","SecondM","ThirdM"
"P1",14,TRUE,FALSE,FALSE,FALSE,0,1,NA,0.0311015691064106,-94.5244319535552,0.999966881408733,1,NA,"troot(x6*(x4*x4))","NA","NA",0.902336582817089,"NA","NA"
"P2",14,TRUE,FALSE,FALSE,FALSE,1,0.467672661882095,-0.0646546762358107,0.0308309574131218,-94.5244319535552,0.999966564959753,2,NA,"troot(x4*(x4*x6))","x7","NA",0.898392266169303,0.106321522765587,"NA"
"P3",14,FALSE,FALSE,FALSE,FALSE,4,0.260008567617798,0.260008567617798,0.0374667486819193,-96.7669448270558,0.999894420178334,4,NA,"troot(x4*x4)","x2*x4","x6",0.999971444988148,0.978145302401952,0.119278629333764
"P4",14,FALSE,FALSE,TRUE,FALSE,6,0.761955072712066,0.722280952881137,0.0624721697185774,-99.5125191073178,0.998308884551914,7,NA,"x4","troot(x4)*x4","x4*x10",0.611115780511176,0.480225360599962,0.480225360542796
"P5",14,FALSE,FALSE,FALSE,TRUE,1,0.996429109555188,0.992859297690051,0.0435408837546735,-94.3406692127019,0.999812751302039,2,NA,"troot((x4*x4)*x7)","x4","NA",0.915475304818435,0.144193643629999,"NA"
"P6",14,TRUE,FALSE,FALSE,FALSE,2,0.653943747039447,0.480915620559171,0.032098058227519,-99.6543306684783,0.999958658368494,3,NA,"troot(x4*x4)*troot(x6)","troot(x4*x4)","x4*x8",0.830383162820076,0.169616124412586,0.110613777845049
