"Experiment","Run","F1","F2","F3","F4","Count_FP","Correlation","Correlation_FP","MAE","LMP","R2","Count_P","Time","First","Second","Third","FirstM","SecondM","ThirdM"
"P1",14,TRUE,FALSE,FALSE,FALSE,0,1,NA,0.0322937855074766,-94.5244319535552,0.999962535203009,1,594.170000000042,"troot(x6*(x4*x4))","NA","NA",0.999999999999977,"NA","NA"
"P2",14,FALSE,FALSE,FALSE,FALSE,3,0.985488592981159,0.985488592981159,0.0930677829629074,-99.5125191073178,0.996056237475695,3,597.04999999993,"x4","x4*x10","x4*troot(x4)",1,1,0.999999925828019
"P3",14,FALSE,FALSE,FALSE,FALSE,4,0.592519809008349,0.592519809008349,0.0715438306859644,-99.877214903911,0.99783674831725,4,561.640000000014,"troot(x4*x4)","x3*x4","x4",0.999999996964674,0.999816231627389,0.156240787735396
"P4",14,FALSE,FALSE,FALSE,FALSE,4,0.839629353948456,0.839629353948456,0.0621172272274389,-99.877214903911,0.99876537562381,4,618.589999999967,"troot(x4*x4)","x3*x4","x4",1,0.720454988973277,0.381268024239383
"P5",14,FALSE,FALSE,FALSE,FALSE,3,0.733983070416538,0.733983070416538,0.0388837712916883,-96.7669448270558,0.999877876148615,3,572,"troot(x4*x4)","x2*x4","x4",1,0.982705249152197,0.100682807508722
"P6",14,TRUE,FALSE,FALSE,FALSE,1,0.467672661882095,-0.0646546762358107,0.0318745773474044,-99.6543306684783,0.999962729782127,2,592.75,"troot(x4*x4)*troot(x6)","x7","NA",1,0.119504666485291,"NA"
