"Experiment","Run","Correlation","MAE","RMSE","LMP","R2","Count_P","Time","First","Second","Third","FirstM","SecondM","ThirdM"
"S1",17,0.873906490529268,3.1134384258062,4.94107640916981,-2063.40543659428,0.759030211429836,15,7426.5,"x1","(x13*x6)*(x6*x10)","x5",1,1,1
"S2",17,0.858990972274932,3.19596414693422,5.19268795708321,-2220.25368992423,0.733863826905526,15,7810.019,"x1","x6*x6","x4",1,1,1
"S3",17,0.884793192412639,3.22418295467594,4.70697585532571,-2271.25326447199,0.781322853619003,15,3488.492,"x1","p3(1+x13)","troot(x9)",1,1,1
"S4",17,0.869902405239064,3.23328336012258,5.02154341712994,-2158.38737464412,0.751117763449389,15,3379.452,"x1","x13*(x11*x6)","x5",1,1,1
"S5",17,0.880342434281299,3.20643474150918,4.80102174724054,-2253.83567731216,0.77249717010132,15,6971.567,"x1","x11*x12","p0(x8)",1,1,1
"S6",17,0.860893594253569,3.21754500520737,5.13379782431466,-2423.76589958084,0.739866083281632,15,3223.505,"x1","x2","x4",1,1,1
