"Experiment","Run","F1","F2","F3","F4","Count_FP","Correlation","Correlation_FP","MAE","LMP","R2","Count_P","Time","First","Second","Third","FirstM","SecondM","ThirdM"
"P1",7,FALSE,FALSE,FALSE,FALSE,4,0.284507143719764,0.284507143719764,0.034552184745678,-96.7669448270558,0.999933784398961,4,NA,"troot(x4*x4)","x4*x2","x6",0.999982835747037,0.882602956186036,0.192285102171243
"P2",7,TRUE,FALSE,FALSE,TRUE,0,0.999999460710163,NA,0.036587770135588,-94.3406692127019,0.999928367424774,2,NA,"troot(x7*(x4*x4))","troot(x6*(x4*x4))","NA",0.517561411940629,0.396911158766964,"NA"
"P3",7,FALSE,FALSE,FALSE,FALSE,5,0.833111138500608,0.833111138500608,0.0308109018890294,-96.7669448270558,0.999963114093958,5,NA,"troot(x4*x4)","x2*x4","x4",0.88810006743412,0.851353315912779,0.214751931718307
"P4",7,FALSE,FALSE,FALSE,FALSE,5,0.833111138500608,0.833111138500608,0.0312209166384191,-96.7669448270558,0.999962236020616,5,NA,"troot(x4*x4)","x2*x4","x4",0.886219118265929,0.885985479251289,0.183869930774231
"P5",7,FALSE,FALSE,FALSE,FALSE,4,0.58187243788255,0.58187243788255,0.0585383313098032,-99.877214903911,0.998956739973853,4,NA,"troot(x4*x4)","x4*x3","x4",0.999922855032533,0.640857720772092,0.359901798895006
"P6",7,FALSE,FALSE,FALSE,FALSE,3,0.733983070416538,0.733983070416538,0.0344994829504566,-96.7669448270558,0.999939117567505,3,NA,"troot(x4*x4)","x2*x4","x4",0.940473943367791,0.922767787814752,0.15539442672231
