"Experiment","Run","F1","F2","F3","F4","Count_FP","Correlation","Correlation_FP","MAE","LMP","R2","Count_P","Time","First","Second","Third","FirstM","SecondM","ThirdM"
"P1",7,FALSE,FALSE,FALSE,FALSE,4,0.479204623889679,0.479204623889679,0.0361832850169783,-100.723720798733,0.999925602604107,4,617.910000000033,"troot(x4*x4)","x8*x4","x4",1,0.777235124290789,0.571393000135436
"P2",7,FALSE,FALSE,FALSE,TRUE,1,0.45321301523198,-0.0935728909563669,0.0473731058034726,-99.4705679276249,0.999773228588442,2,648.890000000014,"troot((x7*(x4*x4)))","x2","NA",0.987373625140644,0.259849538476513,"NA"
"P3",7,FALSE,FALSE,FALSE,FALSE,5,0.565498217460075,0.565498217460075,0.0452152897288829,-100.717970320674,0.999819617475142,5,579.439999999944,"x6*x4","troot(x4*x4)","x4",0.999999999994807,0.999999999651664,0.999993316496613
"P4",7,FALSE,FALSE,FALSE,FALSE,3,0.985488592981159,0.985488592981159,0.0930479940247243,-99.5125191073178,0.996056319722225,3,609,"x4","troot(x4)*x4","x4*x10",1,1,1
"P5",7,FALSE,FALSE,FALSE,FALSE,3,0.651563512936131,0.651563512936131,0.0367866261219712,-100.723720798733,0.999904958566077,3,568.699999999953,"troot(x4*x4)","x4*x8","x4",1,0.99998086870776,0.695750110733188
"P6",7,FALSE,FALSE,FALSE,FALSE,4,0.722952775676917,0.722952775676917,0.0946134189646272,-99.5125191073178,0.996062921044987,4,603.530000000028,"x4","x4*x10","x4*troot(x4)",1,1,1
