"Experiment","Run","F1","F2","F3","F4","Count_FP","Correlation","Correlation_FP","MAE","RMSE","LMP","R2","Count_P","Time","First","Second","Third","FirstM","SecondM","ThirdM"
"S1",24,FALSE,FALSE,FALSE,TRUE,14,0.325669406338126,0.277503012403684,0.0233329125964173,0.130689192255571,479.387761801829,0.99942291340891,15,2185.266,"troot(1+(x2+x4))","x4","(x4*x4)*p0(1+(x2+x4))",1,1,1
"S2",24,FALSE,FALSE,FALSE,FALSE,6,0.490623355607422,0.490623355607422,0.00152659276527402,0.00238338499882255,684.667953992209,0.999999808066829,6,2103.166,"x9*(troot(x4)*troot(x4))","troot(x4)*troot(x4)","(troot(x4)*troot(x4))*x7",1,1,1
"S3",24,FALSE,FALSE,FALSE,FALSE,5,0.62728312780891,0.62728312780891,0.00167355166881916,0.00248714843393716,683.620642387815,0.999999790990972,5,1837.002,"(troot(x4)*x9)*troot(x4)","troot(x4)*troot(x4)","x7*(troot(x4)*troot(x4))",1,0.999999999729477,0.999987951855418
"S4",24,TRUE,FALSE,FALSE,FALSE,4,0.581081860368182,0.476352325460228,0.00121563084270553,0.00300253396177703,709.201025188689,0.999999695394674,5,2069.563,"x8*x4","(x8*x4)*x5","troot(((x8*x4)*x4)*x4)",1,1,1
"S5",24,FALSE,FALSE,FALSE,FALSE,11,0.745989468142334,0.745989468142334,0.0650492782550208,0.45892041223613,618.952659154061,0.992883992683789,11,2191.75,"p0(x4)*troot(x4)","(x9*x4)*x5","(x9*x4)*troot(troot(x4))",1,1,1
"S6",24,FALSE,FALSE,FALSE,FALSE,5,0.781442748545234,0.781442748545234,0.00823619722913937,0.0500628576430306,694.476402231054,0.999915317648767,5,2024.782,"troot(x4*x4)","troot(x4*x4)*x9","x7*troot(x4*x4)",1,1,1
