"Experiment","Run","Correlation","MAE","RMSE","LMP","R2","Count_P","Time","First","Second","Third","FirstM","SecondM","ThirdM"
"S1",18,0.515272067745112,4.0273419440868,10.2335429872173,-1211.84116305917,-0.0336452023745506,20,5589.079,"((x7*x11)*p0(x6))*(x12*x6)","(x7*((x12*x13)*x10))*x6","x12",1,1,1
"S2",18,0.847581578085081,3.17101227737254,6.05152282792047,-1247.1916331351,0.638549517691375,25,5421.247,"x1*exp_dbl(x13)","p3(x6*p0(x6*x10))","p3(x11)",1,1,1
"S3",18,0.822486107433154,3.50798860134059,7.70295677051587,-1321.45996382527,0.414355083409019,27,6233.08,"x6*x4","x6*(x6*x13)","(troot(x1*exp_dbl(troot(x6)*(troot(x6)*x13)))*x6)*troot(x3)",1,1,1
"S4",18,0.84152222525072,3.30270602965218,6.58949557389912,-1324.83920576743,0.571427995806557,21,5118.692,"sigmoid(x13)*x1","x5*(x1*x12)","x3*(x5*(x1*x12))",1,1,1
"S5",18,0.661704928323079,5.21185934597506,17.7914299841789,-1239.01430300132,-2.12421683661639,20,5195.247,"((x7*x11)*x6)*x12","x8","p3(p3(x6))*x10",1,1,1
"S6",18,0.841701419794991,3.43988176880932,6.73811261798845,-1334.06825683735,0.551878287009821,29,4817.16800000001,"x13*x6","x6","troot(x1)*sigmoid(x9)",1,1,1
