"Experiment","Run","F1","F2","F3","F4","Count_FP","Correlation","Correlation_FP","MAE","RMSE","LMP","R2","Count_P","Time","First","Second","Third","FirstM","SecondM","ThirdM"
"S1",5,FALSE,FALSE,FALSE,FALSE,6,0.553341038025703,0.553341038025703,0.00165082228816877,0.00247273248627849,689.512459043016,0.999999793406856,6,2293.30799999996,"troot(x4*(x9*x4))*x7","troot(x4*x4)","x9*troot(x4*x4)",1,1,1
"S2",5,FALSE,FALSE,FALSE,FALSE,6,0.542395629426602,0.542395629426602,0.00153005913002067,0.00241783882035905,697.901528862952,0.999999802477612,6,2429.94900000002,"troot(x4*x4)*x7","x9*troot(x4*x4)","troot(x4*x4)",1,1,1
"S3",5,FALSE,FALSE,FALSE,FALSE,7,0.583358667963509,0.583358667963509,0.00134879103524515,0.00178470809073508,684.235139419477,0.999999892379248,7,2247.52300000004,"troot(x4*x4)","x5","x9*troot(x4*x4)",1,0.999999644153595,0.564860480964915
"S4",5,TRUE,FALSE,FALSE,FALSE,4,0.578938763031178,0.473673453788972,0.00115780429887777,0.00240923173433503,720.216130630124,0.999999803881399,5,2293.04399999999,"x4*x8","troot((x4*x6)*x4)","troot((x4*x6)*x4)*troot(x4*x8)",1,1,0.999999999999992
"S5",5,TRUE,FALSE,FALSE,FALSE,3,0.782114210964102,0.709485619547464,0.00159353730268568,0.00235459928271477,671.716965893096,0.999999812675039,4,2407.39999999997,"x4","x6*x4","troot(1+(x4*(x6*x4)))",1,1,1
"S6",5,TRUE,FALSE,FALSE,FALSE,1,0.999999656085019,0.999999312170039,0.00080654025609061,0.0016234633657188,674.517573831117,0.999999910947396,2,2698.71100000001,"troot(x4)*troot(x6*x4)","troot(x4)*troot(x4)","NA",1,0.999991116296445,"NA"
