"Experiment","Run","F1","F2","F3","F4","Count_FP","Correlation","Correlation_FP","MAE","RMSE","LMP","R2","Count_P","Time","First","Second","Third","FirstM","SecondM","ThirdM"
"S1",5,TRUE,FALSE,FALSE,FALSE,0,1,NA,0.00186335478685152,0.00898224162783223,-25.6519444941945,0.999997273967036,1,2451.677,"troot(x4)*troot(x4*x6)","NA","NA",0.999951715571983,"NA","NA"
"S2",5,FALSE,TRUE,FALSE,FALSE,0,0.999999647456683,NA,0.0608094278810165,0.303847715910808,-22.889285690445,0.996880581899073,1,2612.232,"troot((x4*x4)*x9)","NA","NA",0.999999999999997,"NA","NA"
"S3",5,FALSE,FALSE,FALSE,FALSE,1,0.99999974420151,0.99999974420151,0.0628291865176826,0.308923024857239,-24.0166299391974,0.996775501396852,1,2463.798,"troot(x4*x4)*x9","NA","NA",0.931326423739138,"NA","NA"
"S4",5,FALSE,FALSE,FALSE,FALSE,1,0.999999312170039,0.999999312170039,0.130153972227497,0.659351114474827,-26.7809518466237,0.985310902109103,1,2543.279,"troot(x4*x4)","NA","NA",1,"NA","NA"
"S5",5,FALSE,FALSE,FALSE,FALSE,2,0.999999528185775,0.999999528185775,0.0779762195679001,0.336088924605063,-24.0166299391974,0.996183458070583,2,2458.614,"troot(x4*x4)*x9","troot(x4*x4)","NA",0.876416218716734,0.123583851317215,"NA"
"S6",5,FALSE,FALSE,FALSE,FALSE,1,0.99999974420151,0.99999974420151,0.0765012982673275,0.379571882348877,-24.0166299391974,0.995132009712577,1,2606.346,"x9*troot(x4*x4)","NA","NA",1,"NA","NA"
