"Experiment","Run","Correlation","MAE","RMSE","LMP","R2","Count_P","Time","First","Second","Third","FirstM","SecondM","ThirdM"
"S1",4,0.906620514524083,2.65660528824554,4.28437416137299,-1265.58624006235,0.81882668130546,29,5744.81,"troot(x9)*troot(x7)","x12*x5","x6*x7",1,1,1
"S2",4,0.880855100991057,2.76681245732845,4.77481494083738,-1299.35405833947,0.77497408045195,29,4967.501,"x13*x13","p0(x8)","x5*((x12*x7)*(x13*x9))",1,1,1
"S3",4,0.900555269382198,2.79911010168634,4.56814198526517,-1292.09437103342,0.794032525034374,28,5370.626,"x7*x12","x12","x5*(x13*x9)",1,1,1
"S4",4,0.865041033972915,2.89344247689722,5.25113669677153,-1218.65698354006,0.7278388667456,22,5055.185,"x6","p3(x6)","p3(x6)*(p3(x6)*x10)",1,1,1
"S5",4,0.922139134280268,2.44306938663157,3.90176384521338,-1329.78916811399,0.849740680715154,22,5064.495,"troot(p3(troot(exp_dbl(x13))))*(x12*x1)","troot(x10)*(((x12*p3(p3(x6)))*x6)*x11)","x8",1,1,1
"S6",4,0.687842741090972,4.52646382878164,14.5516609260068,-1260.49584178554,-1.08999183671699,24,4680.678,"(x7*x5)*x5","p0(x6)","x12*((x11*x6)*x7)",1,1,1
