"Experiment","Run","F1","F2","F3","F4","Count_FP","Correlation","Correlation_FP","MAE","RMSE","LMP","R2","Count_P","Time","First","Second","Third","FirstM","SecondM","ThirdM"
"S1",13,FALSE,FALSE,FALSE,FALSE,2,0.604544956779782,0.604544956779782,0.0389875944477574,0.0612978839942315,-96.7669448270558,0.999873044183863,2,712.194,"x4*x2","troot(x4*x4)","NA",0.999999999985121,0.999999950494344,"NA"
"S2",13,FALSE,FALSE,FALSE,FALSE,3,0.371839007534399,0.371839007534399,0.0402320988419265,0.0619986144497256,-96.7669448270558,0.999870124987076,3,777.76,"troot(x4*x4)","x2*x4","x2",1,0.999999783036186,0.195211163459253
"S3",13,FALSE,FALSE,FALSE,FALSE,4,0.58187243788255,0.58187243788255,6.79665292614904e+278,Inf,-99.877214903911,-Inf,4,717.825,"troot(x4*x4)","x4*x3","x4",1,0.670607512344054,0.351529356784651
"S4",13,FALSE,FALSE,FALSE,FALSE,6,0.630381809916723,0.630381809916723,0.171005729462614,0.727618765711011,-105.408909858785,0.982111685639402,6,807.995,"x4*x4","x4*x10","x4",1,0.999999999999999,0.999999999999997
"S5",13,FALSE,FALSE,FALSE,TRUE,2,0.63309510938467,0.449643203366842,0.0465807046145809,0.0823340186157466,-94.3406692127019,0.999770955291781,3,689.773,"troot((x4*x4)*x7)","x2","x4",1,0.256002017223996,0.156626956015808
"S6",13,FALSE,FALSE,FALSE,FALSE,4,0.527094080073312,0.527094080073312,0.0399644327562723,0.0608246230891137,-96.7669448270558,0.999874996984811,4,776.866,"troot(x4*x4)","x4*x2","x2",1,0.965374341675528,0.185513527455437
