"Experiment","Run","F1","F2","F3","F4","Count_FP","Correlation","Correlation_FP","MAE","RMSE","LMP","R2","Count_P","Time","First","Second","Third","FirstM","SecondM","ThirdM"
"S1",14,FALSE,FALSE,FALSE,FALSE,2,0.604544956779782,0.604544956779782,0.0388779655390149,0.0593084424265891,-96.7669448270558,0.999881151235013,2,2586.222,"troot(x4*x4)","x2*x4","NA",1,0.971852465252684,"NA"
"S2",14,TRUE,FALSE,FALSE,FALSE,2,0.276981452303876,-0.0845278215441859,0.0332052468507742,0.040983595272104,-94.5244319535552,0.999943247925137,3,2779.216,"troot((x4*x4)*x6)","x2","x6",1,0.342022068821217,0.13904309506057
"S3",14,TRUE,FALSE,FALSE,FALSE,2,0.665760237047183,0.498640355570775,0.0312069345281062,0.0346816730403399,-94.5244319535552,0.999959359249893,3,2853.651,"troot((x4*x6)*x4)","x10","x4",0.999999999999988,0.30677479709246,0.103502993613845
"S4",14,FALSE,FALSE,FALSE,FALSE,2,0.604544956779782,0.604544956779782,0.0389880796273947,0.0612907968824669,-96.7669448270558,0.999873073538809,2,2837.625,"troot(x4*x4)","x2*x4","NA",1,0.999999993003101,"NA"
"S5",14,FALSE,FALSE,FALSE,FALSE,5,0.563332602280836,0.563332602280836,0.041641282044358,0.0705072491940423,-100.717970320674,0.999832030983891,5,2728.123,"troot(x4*x4)","x4*x6","x4",0.999999805369179,0.999997963323921,0.999997583944569
"S6",14,FALSE,FALSE,FALSE,FALSE,4,0.480138901792561,0.480138901792561,NA,NA,-100.723720798733,NA,4,2397.133,"troot(x4*x4)","x8*x4","x4",0.999969371643887,0.8688046593025,0.62477571541734
