"Experiment","Run","F1","F2","F3","F4","Count_FP","Correlation","Correlation_FP","MAE","RMSE","LMP","R2","Count_P","Time","First","Second","Third","FirstM","SecondM","ThirdM"
"S1",18,FALSE,FALSE,FALSE,FALSE,9,0.509771606857859,0.509771606857859,0.00212581358399069,0.00364789757461998,651.779831547722,0.999999550378669,9,752.289,"troot(x4)*troot(x4)","p0(x4)*x7","(troot(x4)*x9)*troot(x4)",1,1,1
"S2",18,TRUE,FALSE,FALSE,FALSE,8,0.329984892501233,0.246233004063888,0.00139214956551134,0.00268880136286917,758.717373085706,0.99999975572497,9,778.242,"x4","x4*x8","troot(x4*(x6*x4))",1,1,1
"S3",18,FALSE,TRUE,FALSE,FALSE,4,0.590002583634862,0.487503317679406,0.00145963041357211,0.00231401035546128,681.087470833962,0.999999819077645,5,737.74,"troot((x4*x9)*x4)*x7","troot((x4*x9)*x4)","x9*troot((x4*x9)*x4)",1,1,1
"S4",18,TRUE,FALSE,FALSE,FALSE,2,0.995239780774171,0.992859671161257,0.000830883218577379,0.00180382102373801,687.684548542455,0.999999890061825,3,830.933,"troot(x4*(x6*x4))","x4","x6*x4",1,0.999988638699025,0.999986673925471
"S5",18,FALSE,FALSE,FALSE,FALSE,10,0.283384188305728,0.283384188305728,0.00318831565551198,0.00674821527071299,589.882403031373,0.999998461351235,10,774.44,"troot(1+((x4*x4)+(x7*(x2*x4))))*x6","x2","troot(1+((x4*x4)+(x7*(x2*x4))))",1,1,1
"S6",18,FALSE,FALSE,FALSE,FALSE,7,0.862119201020462,0.862119201020462,0.0126566779030877,0.0788914183367451,621.186113906463,0.999789708768692,7,845.007000000001,"troot(1+(((sin_deg(x4)*(x3*(x10*x4)))*(x10*x4))+(((x9*x4)*(x9*x4))+(x9*x4))))","x7*x4","x4*x6",1,1,1
