"Experiment","Run","F1","F2","F3","F4","Count_FP","Correlation","Correlation_FP","MAE","LMP","R2","Count_P","Time","First","Second","Third","FirstM","SecondM","ThirdM"
"P1",1,FALSE,FALSE,FALSE,FALSE,4,0.537075438630361,0.537075438630361,0.000917652731621755,673.695386157929,0.999999914588752,4,427.197,"troot(x4)*troot(x4)","(troot(x4)*troot(x4))*x6","x9",1,0.999999983478873,0.583208601891366
"P4",1,FALSE,FALSE,FALSE,FALSE,5,0.578492550727803,0.578492550727803,0.00148786445671584,674.410276142837,0.999999840147069,5,429.767999999996,"(troot(x4)*troot(x4))*x9","(x6*(troot(x4)*troot(x4)))*x7","troot(x4)*troot(x4)",1,1,1
"P5",1,FALSE,FALSE,FALSE,FALSE,10,0.794157489716597,0.794157489716597,0.0645652971084605,603.69540230033,0.993136484655678,10,435.903000000006,"troot(troot(x4))*(x4*x9)","troot(x4)","troot(troot(x4))*troot(x4)",1,1,1
"P6",1,FALSE,FALSE,FALSE,FALSE,4,0.256763662728719,0.256763662728719,0.00215347818550083,533.09319862652,0.999999548387085,4,372.245999999999,"troot(1+(p0(1+(x8+x4))+(exp_dbl(p0(1+(x8+x4)))+((x2*(x4*p0(1+(x8+x4))))+((x6*x4)*x4)))))","x2*x4","x2",1,1,0.999999999998433
