"Experiment","Run","F1","F2","F3","F4","Count_FP","Correlation","Correlation_FP","MAE","LMP","R2","Count_P","Time","First","Second","Third","FirstM","SecondM","ThirdM"
"P1",31,FALSE,TRUE,FALSE,FALSE,3,0.47646835179976,0.301957919914119,0.00165000653550973,675.760040480126,0.999999761630175,4,NA,"troot(x4*(x9*x4))","x9*troot(x4*(x9*(x7*x4)))","x1*x4",1,1,0.999999731460999
"P2",31,FALSE,FALSE,FALSE,FALSE,6,0.487279826250308,0.487279826250308,0.00152673497987048,694.055935628515,0.99999982575152,6,NA,"x9*troot(x4*x4)","troot(x4*x4)","x6*(x7*troot(x4*x4))",0.999999998831609,0.999988951718385,0.999936942214176
"P3",31,FALSE,FALSE,FALSE,FALSE,7,0.455379223312802,0.455379223312802,5.70597693149395e+251,678.603536975613,-Inf,7,NA,"troot(x4)*troot(x4)","(x7*x7)*(troot(x4)*troot(x4))","x9*(troot(x4)*troot(x4))",1,1,1
"P4",31,FALSE,FALSE,FALSE,FALSE,4,0.537075438630361,0.537075438630361,9.55768413839396e+289,683.955183587773,-Inf,4,NA,"troot(x4*x4)","troot(x4*x4)*x6","x9",1,0.999999998975429,0.563299579920822
"P5",31,FALSE,FALSE,FALSE,FALSE,6,0.317738464555017,0.317738464555017,NA,683.748086912524,NA,6,NA,"troot(x4*x4)*x6","troot(x4*x4)","x5",1,1,0.365944406551026
"P6",31,FALSE,FALSE,FALSE,TRUE,8,0.535687792612116,0.47764890151109,0.00147829424979609,646.677559225354,0.999999784535941,9,NA,"x4","x9*troot((x4*x7)*x4)","troot((x4*x7)*x4)",1,1,1
