"Experiment","Run","F1","F2","F3","F4","Count_FP","Correlation","Correlation_FP","MAE","LMP","R2","Count_P","Time","First","Second","Third","FirstM","SecondM","ThirdM"
"P1",31,FALSE,TRUE,FALSE,FALSE,3,0.47646835179976,0.301957919914119,0.00165000653550973,675.760040480126,0.999999761630175,4,398.077000000001,"troot(x4*(x9*x4))","x9*troot(x4*(x9*(x7*x4)))","x1*x4",1,1,0.999999731460999
"P2",31,FALSE,FALSE,FALSE,FALSE,7,0.835094638660232,0.835094638660232,0.00471740097169632,603.418251805592,0.999995775484288,7,431.309000000001,"(p3(x10)*x4)*x4","x4","troot(x4)*troot(x4)",1,1,1
"P3",31,FALSE,FALSE,FALSE,FALSE,13,NA,NA,3.54966295853523e+297,573.159284250097,-Inf,13,389.580000000002,"exp_dbl(sigmoid(troot(x4)))","x4*x2","sin_deg(x4)",1,1,1
"P4",31,FALSE,FALSE,FALSE,FALSE,5,0.430544633594589,0.430544633594589,1.78342511088822e+290,683.955183587773,-Inf,5,380.528999999995,"troot(x4*x4)","x6*troot(x4*x4)","x9",1,1,0.568568554654508
"P5",31,FALSE,FALSE,FALSE,FALSE,14,NA,NA,1.74024732426625e+302,492.22739997529,-Inf,14,381.747000000003,"troot(1+((x4*x10)+((x6*x8)*(x6*x8))))*x4","x3*x4","sin_deg(x4)*x4",1,1,1
"P6",31,FALSE,FALSE,FALSE,TRUE,8,0.535687792612116,0.47764890151109,0.00147829424979609,646.677559225354,0.999999784535941,9,409.263000000006,"x9*troot((x4*x7)*x4)","x4","troot((x4*x7)*x4)",1,1,1
