"Experiment","Run","F1","F2","F3","F4","Count_FP","Correlation","Correlation_FP","MAE","RMSE","LMP","R2","Count_P","Time","First","Second","Third","FirstM","SecondM","ThirdM"
"S1",18,TRUE,FALSE,FALSE,FALSE,1,0.462258623933997,-0.075482752132005,0.0314252051746744,0.0327674365580755,-94.5244319535552,0.99996372172986,2,2591.257,"troot((x4*x6)*x4)","x6","NA",0.999561612291137,0.110909417308729,"NA"
"S2",18,TRUE,FALSE,FALSE,FALSE,0,1,NA,0.0323056819870074,0.0332694009397949,-94.5244319535552,0.999962601722687,1,2680.323,"troot((x4*x6)*x4)","NA","NA",1,"NA","NA"
"S3",18,FALSE,FALSE,FALSE,TRUE,1,0.996429109555188,0.992859297690051,0.0443075491615126,0.0765935659482146,-94.3406692127019,0.999801780573834,2,2718.743,"troot((x7*x4)*x4)","x4","NA",1,0.162116533514185,"NA"
"S4",18,FALSE,FALSE,FALSE,FALSE,9,0.0179400974422951,0.0179400974422951,0.323636005055523,0.706542375625534,-218.191670918173,0.983132991478585,9,2555.902,"x4","sin_deg(x2*x8)","x2*x8",1,0.999999999999999,0.999999999999999
"S5",18,FALSE,FALSE,FALSE,FALSE,6,0.677793557131159,0.677793557131159,0.0900266587785847,0.331699453789914,-103.889409415143,0.996282498532772,6,2675.031,"x4","x4*x4","x10*x4",1,1,0.999999947547487
"S6",18,FALSE,FALSE,FALSE,FALSE,2,0.604544956779782,0.604544956779782,0.0389619598712298,0.0601858601471198,-96.7669448270558,0.999877608691153,2,2368.053,"troot(x4*x4)","x4*x2","NA",1,0.999999785633071,"NA"
