"Experiment","Run","F1","F2","F3","F4","Count_FP","Correlation","Correlation_FP","MAE","RMSE","LMP","R2","Count_P","Time","First","Second","Third","FirstM","SecondM","ThirdM"
"S1",8,FALSE,FALSE,FALSE,FALSE,3,0.371839007534399,0.371839007534399,0.0402408268596326,0.0629395180539438,-96.7669448270558,0.999866153055319,3,711.703,"troot(x4*x4)","x4*x2","x2",1,0.999999999599041,0.193372164854423
"S2",8,FALSE,FALSE,FALSE,FALSE,3,0.733983070416538,0.733983070416538,0.0389871859134045,0.0612886533031121,-96.7669448270558,0.999873082416885,3,756.464,"troot(x4*x4)","x2*x4","x4",0.999999999999985,0.999999937101236,0.101486435976768
"S3",8,FALSE,FALSE,FALSE,FALSE,2,0.604544956779782,0.604544956779782,7.3897566609621e+128,5.4303399428071e+129,-96.7669448270558,-9.96358593678912e+257,2,672.62,"troot(x4*x4)","x2*x4","NA",1,0.999999999999043,"NA"
"S4",8,FALSE,FALSE,FALSE,FALSE,3,0.733983070416538,0.733983070416538,0.0388694837885496,0.0591778979234171,-96.7669448270558,0.999881673858004,3,792.678,"troot(x4*x4)","x4*x2","x4",1,0.972062955417956,0.102637274255166
"S5",8,FALSE,FALSE,FALSE,FALSE,6,0.308762781719667,0.308762781719667,0.0330109547450257,0.0498738035446888,-100.723720798733,0.999915956018912,6,838.864,"x4*x8","troot(x4*x4)","x4",1,1,0.6535657955889
"S6",8,TRUE,FALSE,FALSE,FALSE,1,0.462258623933997,-0.075482752132005,NA,NA,-94.5244319535552,NA,2,726.641,"troot(x4*(x4*x6))","x6","NA",1,0.122139505595062,"NA"
