"Experiment","Run","F1","F2","F3","F4","Count_FP","Correlation","Correlation_FP","MAE","LMP","R2","Count_P","Time","First","Second","Third","FirstM","SecondM","ThirdM"
"P2",13,TRUE,FALSE,FALSE,FALSE,0,1,NA,0.0314558024537245,-94.5244319535552,0.999966089714315,1,NA,"troot(x4*(x4*x6))",NA,NA,0.898427486512034,NA,NA
"P4",13,TRUE,FALSE,FALSE,FALSE,0,1,NA,0.0313730274589124,-94.5244319535552,0.999963706613846,1,NA,"troot((x6*x4)*x4)",NA,NA,0.996414648521492,NA,NA
"P5",13,FALSE,FALSE,FALSE,FALSE,6,0.355324583876286,0.355324583876286,0.0691709124271487,-99.877214903911,0.997899102996265,6,NA,"troot(x4*x4)","x4*x3","x2",0.976290169742435,0.975343181318224,0.151255059581204
"P6",13,FALSE,FALSE,FALSE,FALSE,2,0.604544956779782,0.604544956779782,0.0386830287461,-96.7669448270559,0.999886156438585,2,NA,"troot(x4*x4)","x2*x4",NA,0.995962348715414,0.959168972175537,NA
