"Experiment","Run","F1","F2","F3","F4","Count_FP","Correlation","Correlation_FP","MAE","LMP","R2","Count_P","Time","First","Second","Third","FirstM","SecondM","ThirdM"
"P1",49,FALSE,FALSE,FALSE,FALSE,4,0.412120177547471,0.412120177547471,0.000919333030792263,673.551428537307,0.999999913499222,4,NA,"x6*(troot(x4)*troot(x4))","troot(x4)*troot(x4)","x9",1,1,0.486853022207568
"P5",49,FALSE,FALSE,FALSE,FALSE,7,0.727383604433146,0.727383604433146,0.0031922750268923,677.556084354203,0.999995523967721,7,NA,"troot(x4*x4)","x5","x4",1,0.988954401855749,0.98115309637119
