"Experiment","Run","F1","F2","F3","F4","Count_FP","Correlation","Correlation_FP","MAE","LMP","R2","Count_P","Time","First","Second","Third","FirstM","SecondM","ThirdM"
"P5",12,FALSE,FALSE,FALSE,FALSE,5,0.573993702161294,0.573993702161294,0.00179578759157241,682.698655591641,0.999999758218122,5,NA,"troot(x4*x4)*x9","troot(x4*x4)","x1*troot(x4*x4)",1,0.999999999999868,0.999996607925821
"P1",12,FALSE,FALSE,FALSE,FALSE,8,0.237908862409808,0.237908862409808,0.00153288491768631,696.143162243013,0.999999747032826,8,NA,"troot(x4*x4)","troot(x4*x4)*x6","troot(x4*(x4*x8))",1,1,0.999993942820059
"P2",12,FALSE,FALSE,FALSE,FALSE,4,0.537075438630361,0.537075438630361,0.000920580764222181,683.955183587773,0.999999913864089,4,NA,"troot(x4*x4)","x6*troot(x4*x4)","x9",1,0.999970362110973,0.535868057414744
"P3",12,FALSE,FALSE,FALSE,FALSE,11,0.76183447309058,0.76183447309058,0.0413537454734521,583.428327706118,0.997056387311118,11,NA,"x4","x4*x6","troot(x4)",1,1,1
"P4",12,TRUE,FALSE,FALSE,FALSE,3,0.469802118626587,0.293069491502116,0.000840630715687876,687.673947524576,0.999999892105919,4,NA,"x4*x8","troot((x4*x4)*x6)","x4",0.998290649069493,0.998290649069493,0.997295329747523
"P6",12,FALSE,FALSE,FALSE,FALSE,5,0.584588156751922,0.584588156751922,0.000920009709464651,683.81122596715,0.999999912113376,5,NA,"troot(x4*x4)","x6*troot(x4*x4)","x9",0.999794557195212,0.999637670977103,0.564634494468189
