"Experiment","Run","F1","F2","F3","F4","Count_FP","Correlation","Correlation_FP","MAE","LMP","R2","Count_P","Time","First","Second","Third","FirstM","SecondM","ThirdM"
"P5",12,FALSE,FALSE,FALSE,FALSE,5,0.573993702161294,0.573993702161294,0.00179578759157241,682.698655591641,0.999999758218122,5,544.869999999995,"troot(x4*x4)*x9","troot(x4*x4)","x1*troot(x4*x4)",1,0.999999999999868,0.999996607925821
"P1",12,FALSE,FALSE,FALSE,TRUE,11,0.570405691067178,0.531351761035074,0.00377968160006737,629.663155061974,0.999994028364403,12,551.490000000049,"troot(x4*x4)","x6","x7",1,1,1
"P2",12,FALSE,FALSE,FALSE,FALSE,3,0.668521412733855,0.668521412733855,0.00092843076869138,683.81122596715,0.999999910924238,3,564.369999999995,"troot(x4*x4)","x6*troot(x4*x4)","x9",1,0.999936135234469,0.483831990527329
"P3",12,FALSE,FALSE,FALSE,FALSE,11,0.76183447309058,0.76183447309058,0.0413537454734521,583.428327706118,0.997056387311118,11,545.989999999991,"troot(troot(x4)*x4)","x4*x6","x4",1,1,1
"P4",12,FALSE,FALSE,FALSE,FALSE,14,0.430472364914946,0.430472364914946,1.3957523419969,580.435419547133,-2.15643276070429,14,676.979999999981,"x3","x10*x4","x4*x3",1,1,1
"P6",12,FALSE,FALSE,FALSE,FALSE,4,0.537075449519601,0.537075449519601,0.00103016480717355,675.051635486238,0.999999912246942,4,607.639999999898,"troot(x4*x4)","x6*troot(1+(x4*x4))","x5",1,1,0.713649831113043
