"Experiment","Run","F1","F2","F3","F4","Count_FP","Correlation","Correlation_FP","MAE","LMP","R2","Count_P","Time","First","Second","Third","FirstM","SecondM","ThirdM"
"P5",26,TRUE,FALSE,FALSE,FALSE,3,0.736887717752322,0.649183623669762,0.00082885169338803,687.881431327978,0.999999890368647,4,NA,"troot(x6*(x4*x4))","x4","x7*x4",1,0.997200659569154,0.552375636417707
"P1",26,TRUE,FALSE,FALSE,FALSE,4,0.568597962299242,0.460747452874053,0.000828015166275066,687.684548542456,0.999999895634456,5,NA,"x4","x6*x4","troot((x6*x4)*x4)",0.979118034360376,0.976563010438202,0.976554797028617
"P2",26,FALSE,FALSE,FALSE,FALSE,7,0.561964300399901,0.561964300399901,0.00122838875261396,685.368608555924,0.999999874269625,7,NA,"x6*troot((x4*x7)*x4)","troot((sigmoid(x9)*(x4*x9))*x4)","x5",0.825945812706601,0.825945812706601,0.825741086991933
"P3",26,FALSE,FALSE,FALSE,FALSE,4,0.537075438630361,0.537075438630361,0.000913997861930952,683.955183587773,0.999999915364644,4,NA,"troot(x4*x4)","troot(x4*x4)*x6","x9",1,0.999973667489204,0.520189317839645
"P4",26,FALSE,FALSE,FALSE,FALSE,10,0.692737473546039,0.692737473546039,0.10393413555894,593.153328850937,0.981018002215519,10,NA,"x9","x9*troot(troot(x4)*(x4*troot(x4)))","x5*x4",0.999999986678441,0.999965875074676,0.999965875074676
"P6",26,FALSE,FALSE,FALSE,FALSE,3,0.641499520354309,0.641499520354309,0.00104078045391787,643.953055629763,0.999999850342588,3,NA,"(troot(x6*x4)*troot(x6*x4))*x6","troot(x6*x4)*troot(x6*x4)","x6",0.985627344417834,0.985627344417834,0.969513209060678
