"Experiment","Run","F1","F2","F3","F4","Count_FP","Correlation","Correlation_FP","MAE","LMP","R2","Count_P","Time","First","Second","Third","FirstM","SecondM","ThirdM"
"P5",26,FALSE,FALSE,FALSE,FALSE,8,0.503927091394172,0.503927091394172,0.143425389726059,607.037085477529,0.964297189481103,8,655.860000000044,"x4*x4","x4","troot(x4)*((x8*x4)*x3)",1,1,1
"P1",26,FALSE,FALSE,FALSE,FALSE,12,0.71875999685299,0.71875999685299,2.45872992180965,600.480737932611,-9.95758290174152,12,694.419999999984,"x6*x4","x4","x4*troot(x10*(x6*x4))",1,1,1
"P2",26,FALSE,FALSE,FALSE,FALSE,5,0.358243645301953,0.358243645301953,0.000909349730105958,673.695386157926,0.999999916075991,5,664.339999999967,"troot((x4*x4))","troot((x4*x4))*x6","x9",1,1,0.534631705070331
"P3",26,FALSE,FALSE,FALSE,FALSE,7,0.397035459403616,0.397035459403616,0.00429716286259404,596.003912629571,0.99999597721485,7,592.330000000075,"(x4*x2)*x6","troot(x4)*(x4*x2)","troot(x4)*troot(x4)",1,1,1
"P4",26,FALSE,FALSE,FALSE,FALSE,14,0.526474511027717,0.526474511027717,0.006182246661306,582.867880483663,0.999981144517397,14,662.339999999967,"troot(x4)","troot(x9*((x4*x6)*(x4*(troot(x9*x4)*x6))))","x9*x4",1,1,1
"P6",26,FALSE,FALSE,FALSE,FALSE,15,0.257407009962993,0.257407009962993,0.191601835700708,300.9671520723,0.946711635503702,15,835.5,"x4*x3","x2","troot(x4)*x2",1,1,1
