"Experiment","Run","F1","F2","F3","F4","Count_FP","Correlation","Correlation_FP","MAE","LMP","R2","Count_P","Time","First","Second","Third","FirstM","SecondM","ThirdM"
"P5",26,FALSE,FALSE,FALSE,FALSE,13,0.167603722481575,0.167603722481575,2.39284090523446,528.719145666052,-8.75215458580369,13,609.239999999991,"troot(x4)","x4","(x4*x4)*sin_deg(x4)",1,1,1
"P1",26,FALSE,FALSE,FALSE,FALSE,6,0.510946383346582,0.510946383346582,0.00094436948327134,683.955183587773,0.999999914692078,6,553.5,"troot(x4*x4)","troot(x4*x4)*x6","x9",1,1,0.674694939316692
"P2",26,FALSE,TRUE,FALSE,FALSE,4,0.386750882001283,0.233438690637433,0.00132623782891656,685.368608555924,0.999999851318795,5,584.609999999986,"x6*troot((x4*x7)*x4)","troot((sigmoid(x9)*(x4*x9))*x4)","x5",1,1,0.999733448197707
"P3",26,FALSE,FALSE,FALSE,FALSE,4,0.537075438630361,0.537075438630361,0.000913709505348247,683.955183587773,0.999999915885369,4,576.669999999925,"troot(x4*x4)","troot(x4*x4)*x6","x9",1,1,0.598238616804221
"P4",26,FALSE,FALSE,FALSE,FALSE,15,0.651982972699479,0.651982972699479,5.90289863287712,513.021233691853,-59.4449665260309,15,728.439999999944,"x4*troot(x4*x3)","(x4*x3)*x9","x4",1,1,1
"P6",26,FALSE,FALSE,FALSE,FALSE,5,0.416723870186929,0.416723870186929,0.00150691894336045,639.725104776885,0.999999871034305,5,579.939999999944,"(troot(x4)*x6)*(troot(x4)*x6)","troot(1+(sin_deg(x4*x4)+(x4*x4)))","x9",1,1,0.992817729175757
