"Experiment","Run","F1","F2","F3","F4","Count_FP","Correlation","Correlation_FP","MAE","RMSE","LMP","R2","Count_P","Time","First","Second","Third","FirstM","SecondM","ThirdM"
"S1",24,FALSE,FALSE,FALSE,FALSE,4,0.519518365164429,0.519518365164429,0.00183657620039913,0.00291954183664604,683.165730393249,0.999999712000959,4,932.092000000004,"troot(x4*x4)","x9*(troot(x4*x4)*x6)","x7",1,1,0.999999973773506
"S2",24,FALSE,FALSE,FALSE,FALSE,3,0.668521412733855,0.668521412733855,0.000928422551239118,0.00162367221944526,683.811225967151,0.999999910924482,3,1076.63799999998,"troot(x4*x4)","troot(x4*x4)*x6","x9",1,1,0.516652808934659
"S3",24,FALSE,FALSE,FALSE,FALSE,6,0.489809613026158,0.489809613026158,0.00163187291532663,0.00239768693458087,695.312635688231,0.999999805756458,6,1097.255,"troot(x4*x4)","troot(x4*x4)*x9","x7*troot(x4*x4)",1,1,0.999999999998455
"S4",24,TRUE,FALSE,FALSE,FALSE,2,0.999998564264298,0.999997846396447,0.000837911578317692,0.00162497046046274,684.777371260963,0.999999910781981,3,1062.01199999999,"troot(x4*x4)","troot(x6*(x4*x4))","x6*troot(x4*x4)",0.995979747397193,0.737835364131301,0.266184915914363
"S5",24,FALSE,FALSE,FALSE,FALSE,4,0.4825167766179,0.4825167766179,0.00108327632144741,0.00220601236259139,643.953055629763,0.999999835571339,4,992.108999999997,"(troot(x6*x4)*troot(x6*x4))*x6","troot(x6*x4)*troot(x6*x4)","x6",1,1,0.995580979030823
"S6",24,TRUE,FALSE,FALSE,FALSE,1,0.999999656085019,0.999999312170039,0.000806266022400368,0.0016232326496801,684.777371260963,0.999999910972706,2,1087.18099999998,"troot((x4*x4)*x6)","troot(x4*x4)","NA",1,0.999998379392759,"NA"
