"Experiment","Run","F1","F2","F3","F4","Count_FP","Correlation","Correlation_FP","MAE","RMSE","LMP","R2","Count_P","Time","First","Second","Third","FirstM","SecondM","ThirdM"
"S1",7,FALSE,FALSE,FALSE,FALSE,3,0.284002128515961,0.284002128515961,0.0389958437162432,0.0600052716253331,-96.7669448270558,0.999878342062948,3,921.777999999991,"x2*x4","troot(x4*x4)","x3",0.999581242431462,0.999580781418634,0.105449920120276
"S2",7,FALSE,FALSE,FALSE,FALSE,4,0.469801946669097,0.469801946669097,0.0338098778053813,0.0506489766578113,-105.853619513656,0.999913323176725,4,1122.62799999997,"x8*x4","troot(x4)*troot(x4)","x4",1,0.998643958069113,0.671867943139142
"S3",7,FALSE,FALSE,FALSE,FALSE,4,0.262715586591847,0.262715586591847,0.0404708267763452,0.0632330906774808,-96.7669448270558,0.999864901522414,4,1058.74599999998,"troot(x4*x4)","x4*x2","x2",1,0.999999999999951,0.205022008824074
"S4",7,FALSE,FALSE,FALSE,FALSE,5,0.770989547355953,0.770989547355953,0.0915852025012136,0.329034458818199,-103.889409415143,0.996341994102496,5,1048.47400000005,"x4*x4","x4*x10","x4",0.99999999999824,0.99999997328227,0.999972324024111
"S5",7,FALSE,FALSE,FALSE,FALSE,4,0.736887645860214,0.736887645860214,0.0401451699735829,0.0594404456315138,-100.717970320674,0.999880621601249,4,973.163,"troot(x4*x4)","x4","x8*x4",0.999999999999976,0.837365772579734,0.579680580379787
"S6",7,FALSE,FALSE,FALSE,FALSE,3,0.985488592981159,0.985488592981159,0.093100747458241,0.341666320934921,-99.5125191073179,0.996055735976648,3,1044.16000000003,"x10*x4","x4","x4*troot(x4)",0.999999999998977,0.999999999992033,0.999999999889784
