"Experiment","Run","F1","F2","F3","F4","Count_FP","Correlation","Correlation_FP","MAE","LMP","R2","Count_P","Time","First","Second","Third","FirstM","SecondM","ThirdM"
"P1",17,TRUE,FALSE,FALSE,FALSE,1,0.453213554521817,-0.0935728909563669,0.0342607038463396,-94.5244319535552,0.999942753318395,2,NA,"troot((x4*x6)*x4)","x2","NA",0.995283453045869,0.330091148013575,"NA"
"P2",17,FALSE,FALSE,FALSE,TRUE,0,0.999998921420326,NA,0.0433049693082823,-94.3406692127019,0.999825018084603,1,NA,"troot((x4*x4)*x7)","NA","NA",0.909948531543055,"NA","NA"
"P3",17,FALSE,FALSE,FALSE,TRUE,2,0.665759877520625,0.498640355570775,0.044642954218587,-94.3406692127019,0.999788996523327,3,NA,"troot((x4*x4)*x7)","x10","x4",0.997657382040745,0.174867190829267,0.134489430141384
"P4",17,FALSE,FALSE,FALSE,FALSE,3,0.377869053809186,0.377869053809186,0.0305048867857712,-96.7669448270558,0.999965127377827,3,NA,"troot(x4*x4)","x2*x4","x6",0.943071201524942,0.843018041774938,0.199704577133728
"P5",17,TRUE,FALSE,FALSE,FALSE,0,1,NA,0.0309514211804421,-94.5244319535552,0.999967465833906,1,NA,"troot((x4*x6)*x4)","NA","NA",0.902886547458266,"NA","NA"
"P6",17,FALSE,FALSE,FALSE,TRUE,0,0.999998921420326,NA,0.0446121905394084,-94.3406692127019,0.999803353274953,1,NA,"troot((x7*x4)*x4)","NA","NA",0.999961236683095,"NA","NA"
