"Experiment","Run","F1","F2","F3","F4","Count_FP","Correlation","Correlation_FP","MAE","LMP","R2","Count_P","Time","First","Second","Third","FirstM","SecondM","ThirdM"
"P1",17,FALSE,FALSE,FALSE,FALSE,6,0.508987488452091,0.508987488452091,0.176116564301057,-110.104765272541,0.979011064373701,6,589.940000000061,"x4","(x4*x6)*x10","x4*x4",1,0.999999824404616,0.999940873589681
"P2",17,FALSE,FALSE,FALSE,FALSE,3,0.377869053809186,0.377869053809186,0.035416436677861,-96.7669448270558,0.999912438266852,3,616.309999999939,"troot(x4*x4)","x2*x4","x6",1,0.95601474365745,0.229748548791068
"P3",17,FALSE,TRUE,FALSE,FALSE,3,0.723036411850574,0.630715333315204,0.0648768613784293,-103.291084626166,0.998241270688014,4,566.469999999972,"troot(x4*(x9*x4))","x4","x9*x4",0.999999999905536,0.861219502395108,0.328713430075155
"P4",17,FALSE,FALSE,FALSE,FALSE,3,0.985488592981159,0.985488592981159,0.0930392984286175,-99.5125191073178,0.996059462430053,3,609.630000000005,"x4","troot(x4)*x4","x10*x4",1,0.999999999999899,0.999999988490748
"P5",17,TRUE,FALSE,FALSE,FALSE,0,1,NA,0.0320857625302376,-94.5244319535552,0.99996321111727,1,586.279999999912,"troot((x4*x6)*x4)","NA","NA",0.999999999999987,"NA","NA"
"P6",17,FALSE,FALSE,FALSE,FALSE,5,0.773871805313793,0.773871805313793,0.0629570611813223,-105.458426272053,0.998949462577456,5,597.310000000056,"x4","x4*x4","x4*x7",1,1,1
