"Experiment","Run","F1","F2","F3","F4","Count_FP","Correlation","Correlation_FP","MAE","LMP","R2","Count_P","Time","First","Second","Third","FirstM","SecondM","ThirdM"
"P1",5,FALSE,FALSE,FALSE,TRUE,12,0.558821909644468,0.522057158663146,0.949499470351141,573.895867722859,-0.613272049135604,13,403.183,"x8*(x4*(exp_dbl(x3)*x4))","x4","x7*((x3*x4)*(x4*x3))",1,1,1
"P2",5,FALSE,FALSE,FALSE,FALSE,4,0.537075438630361,0.537075438630361,0.000914469297363111,683.955183587772,0.999999914823074,4,362.522999999997,"troot(x4*x4)","troot(x4*x4)*x6","x9",1,1,0.569664314393354
"P3",5,FALSE,FALSE,FALSE,FALSE,5,0.407418404593251,0.407418404593251,0.00100214027999909,658.154595862551,0.999999909625745,5,374.122000000003,"troot(x4*x6)*troot(x4*x6)","sigmoid(x4)*troot(x4*x4)","sigmoid(x4)",1,1,0.986439786814667
"P4",5,FALSE,FALSE,FALSE,FALSE,10,0.773814073041802,0.773814073041802,1.77668452451441,578.764834474526,-4.73506227538916,10,432.536999999997,"troot(x4)*x4","x6*troot(x4*x7)","(troot(x4)*troot(x4))*x10",1,1,1
"P5",5,FALSE,FALSE,FALSE,FALSE,12,0.615934851184076,0.615934851184076,0.0494971277907252,590.150113713088,0.996720193244781,12,379.269,"x4*troot(x6*x4)","x4","(x6*x4)*x4",1,1,1
"P6",5,FALSE,FALSE,FALSE,FALSE,4,0.537075438630361,0.537075438630361,0.000921946922847173,683.955183587772,0.999999914363689,4,428.868000000002,"x6*troot(x4*x4)","troot(x4*x4)","x9",1,1,0.583758161916927
