"Experiment","Run","F1","F2","F3","F4","Count_FP","Correlation","Correlation_FP","MAE","RMSE","LMP","R2","Count_P","Time","First","Second","Third","FirstM","SecondM","ThirdM"
"S1",1,TRUE,FALSE,FALSE,FALSE,3,0.727559147547627,0.636745530063503,0.000842244461133389,0.00179093385775776,687.684548542455,0.999999891627091,4,2378.02899999998,"troot((x6*x4)*x4)","x4","x4*x6",1,0.999966234222017,0.992888010738529
"S2",1,FALSE,FALSE,FALSE,FALSE,5,0.583971723035826,0.583971723035826,0.00146717151662676,0.00252556152411001,703.487670133727,0.999999784484981,5,2322.89600000001,"troot(x4*x4)*x7","troot(x4*x4)","troot(x4*x4)*x9",1,1,1
"S3",1,FALSE,FALSE,FALSE,FALSE,13,0.358058781019504,0.358058781019504,0.0453058349071135,0.30387913112564,565.188401347248,0.99687993682425,13,2320.99599999998,"troot(x7*(x10*x4))","troot(x4)*(x4*x3)","x9*(x4*x3)",1,1,1
"S4",1,FALSE,FALSE,FALSE,FALSE,4,0.537075438630361,0.537075438630361,0.000917742594570826,0.00158196438999843,673.695386157929,0.999999915441934,4,2249.29800000001,"(troot(x4)*troot(x4))*x6","troot(x4)*troot(x4)","x9",1,1,0.585033058614598
"S5",1,FALSE,FALSE,FALSE,FALSE,5,0.414563800477888,0.414563800477888,0.000961319072036085,0.00159619102521944,673.695386157928,0.999999913914231,5,2020.40899999999,"troot(x4)*troot(x4)","(troot(x4)*troot(x4))*x6","x9",1,1,0.724867707223574
"S6",1,TRUE,FALSE,FALSE,FALSE,4,0.584578795415943,0.480723494269929,0.000828587219965748,0.00180932957952676,687.684548542455,0.999999889389335,5,2301.40300000005,"troot(x4*(x6*x4))","x4","x6*x4",1,0.999975773147929,0.994461668216165
