"Experiment","Run","F1","F2","F3","F4","Count_FP","Correlation","Correlation_FP","MAE","RMSE","LMP","R2","Count_P","Time","First","Second","Third","FirstM","SecondM","ThirdM"
"S1",14,FALSE,FALSE,FALSE,FALSE,3,0.371839007534399,0.371839007534399,0.0401785385193459,0.0618589417319518,-96.7669448270558,0.999870709502165,3,692.903,"troot(x4*x4)","x2*x4","x2",1,0.993835277831155,0.182627809716832
"S2",14,TRUE,FALSE,FALSE,FALSE,0,1,NA,0.0322381660242224,0.0332246524074896,-94.5244319535552,0.999962702259066,1,748.546,"troot(x6*(x4*x4))","NA","NA",0.999999999999668,"NA","NA"
"S3",14,FALSE,FALSE,FALSE,FALSE,2,0.604544956779782,0.604544956779782,0.0389880796273947,0.0612907968824669,-96.7669448270558,0.999873073538809,2,716.864,"troot(x4*x4)","x2*x4","NA",1,0.999999993003101,"NA"
"S4",14,FALSE,FALSE,FALSE,FALSE,3,0.985488592981159,0.985488592981159,0.0931365251773747,0.342134352287857,-99.5125191073178,0.996044922481072,3,779.331,"troot(x4)*x4","x4","x10*x4",1,1,0.998336488006785
"S5",14,FALSE,FALSE,FALSE,FALSE,5,0.7115465938625,0.7115465938625,0.138945154867656,0.702324902731411,-109.68498273953,0.983333754636559,5,806.972,"x4","x4*x4","x3*(x10*(x4*x10))",1,0.999999999998475,0.99999999999715
"S6",14,FALSE,FALSE,FALSE,FALSE,3,0.404503775670354,0.404503775670354,0.0389617272384633,0.0601859672168856,-96.7669448270559,0.999877608255688,3,796.837,"troot(x4*x4)","x4*x2","x10",1,0.999994005910479,0.163017551073461
