"Experiment","Run","Correlation","MAE","RMSE","LMP","R2","Count_P","Time","First","Second","Third","FirstM","SecondM","ThirdM"
"S1",13,0.873542134890315,3.37967666186161,4.9338033171101,-2754.3085817888,0.759739087565793,15,7634.598,"x1","p3(1+x13)","x5",1,1,1
"S2",13,0.814619980435675,3.47012182436692,5.93731356607623,-2140.55596601453,0.652063950240398,15,3434.139,"x1","x5*x10","troot(p0(x6))*x9",1,1,1
"S3",13,0.819199800750322,3.62940414885643,6.21417591342891,-2703.91019887214,0.618858232745686,15,8218.152,"x1","x8*x6","exp_dbl(x13)",1,1,1
"S4",13,0.855247020753695,3.2946955569602,5.2422652400833,-2498.4310442595,0.728757687299384,15,7691.486,"x1","x5","x6",1,1,1
"S5",13,0.840864453198511,3.49170278418661,5.47142701114026,-3104.08681959576,0.70452504375612,15,7667.672,"x6","p3(x2)","x8",1,1,1
"S6",13,0.852242313716546,3.52889161564885,5.30262686865353,-2671.70237569006,0.722475331252882,15,7590.61,"x1","x6","(x10*x8)*x5",1,1,1
