"Experiment","Run","F1","F2","F3","F4","Count_FP","Correlation","Correlation_FP","MAE","LMP","R2","Count_P","Time","First","Second","Third","FirstM","SecondM","ThirdM"
"P1",27,TRUE,FALSE,FALSE,FALSE,3,0.727559147547627,0.636745530063503,NA,687.684548542456,NA,4,NA,"troot((x4*x4)*x6)","x4","x6*x4",1,0.997694744664711,0.997316464276996
"P2",27,TRUE,FALSE,FALSE,FALSE,5,0.600958891463448,0.600958891463448,0.00150736871920206,678.705114059835,0.999999822171055,5,NA,"x4","troot(((x6*x4)*x4)+x7)","x6*x4",0.992994699631672,0.992979463376247,0.992979463369638
"P3",27,TRUE,FALSE,FALSE,FALSE,2,0.641505520012678,0.462258280019017,0.000817132840584806,684.777371260963,0.999999910336868,3,NA,"troot(x6*(x4*x4))","troot(x4*x4)","x6",0.967261945262337,0.96011691384846,0.124144997311972
"P4",27,FALSE,FALSE,FALSE,FALSE,5,0.414563800477888,0.414563800477888,2.64667855578367e+166,683.955183587772,-Inf,5,NA,"x6*troot(x4*x4)","troot(x4*x4)","x9",0.999999593722169,0.999999593722169,0.618139280268987
"P5",27,TRUE,FALSE,FALSE,FALSE,4,0.583161027119836,0.478951283899795,2.45408600720434e+117,687.684548542455,-1.09884124940963e+235,5,NA,"troot(x4*(x4*x6))","x4","x4*x6",1,0.999989150967783,0.999988258816608
"P6",27,FALSE,FALSE,FALSE,FALSE,5,0.41621099516543,0.41621099516543,3.77820807641029e+251,683.955183587772,-Inf,5,NA,"troot(x4*x4)","troot(x4*x4)*x6","x9",1,1,0.573517644485336
