"Experiment","Run","F1","F2","F3","F4","Count_FP","Correlation","Correlation_FP","MAE","LMP","R2","Count_P","Time","First","Second","Third","FirstM","SecondM","ThirdM"
"P1",27,FALSE,FALSE,FALSE,FALSE,14,0.380119224924317,0.380119224924317,0.0116750980276283,438.045654792814,0.999946240058312,14,374.643,"x2*x4","x4","(x2*x4)*p0(x4)",1,1,1
"P2",27,FALSE,FALSE,FALSE,FALSE,3,0.714245335731172,0.714245335731172,0.000878205740842892,670.057003347804,0.999999914783719,3,408.598000000002,"troot(x4)*troot(x4)","troot(x4*x6)*troot(x4*x6)","x5",1,1,0.380976454702076
"P3",27,FALSE,FALSE,FALSE,FALSE,9,0.759688309478004,0.759688309478004,0.00561645735964558,572.661994845252,0.999993212502626,9,561.192999999999,"x4","p3(troot(x4))*x7","troot(x4)*troot(x4)",1,1,1
"P4",27,FALSE,FALSE,FALSE,TRUE,11,0.580355959739939,0.542206599587177,0.585397698108457,616.958513043864,0.378249798565484,12,428.307000000001,"x4*x8","(x5*x4)*troot(x4)","p0(x4)*x4",1,1,1
"P5",27,FALSE,FALSE,FALSE,FALSE,10,0.470777292980591,0.470777292980591,0.0260666647754258,477.230752539098,0.999114478371494,10,397.982000000004,"(x10*x4)*x8","troot(x4)","x4",1,1,1
"P6",27,FALSE,FALSE,FALSE,FALSE,3,0.64150431355363,0.64150431355363,0.000984745043987196,673.488289482677,0.999999908155193,3,369.083999999988,"troot(x4)*troot(x4)","x6*(troot(x4)*troot(x4))","x6",1,1,0.120155822622628
