"Experiment","Run","F1","F2","F3","F4","Count_FP","Correlation","Correlation_FP","MAE","LMP","R2","Count_P","Time","First","Second","Third","FirstM","SecondM","ThirdM"
"P1",27,TRUE,FALSE,FALSE,FALSE,3,0.727559147547627,0.636745530063503,0.00084265519057514,687.684548542456,0.999999891508104,4,489.313,"troot((x4*x4)*x6)","x4","x4*x6",1,0.997694744664711,0.997316464276996
"P2",27,FALSE,FALSE,FALSE,FALSE,4,0.537075438630361,0.537075438630361,0.00091775924291874,673.695386157928,0.99999991459581,4,358.154000000002,"(troot(x4)*troot(x4))*x6","troot(x4)*troot(x4)","x9",1,1,0.550177041663938
"P3",27,TRUE,FALSE,FALSE,FALSE,2,0.641505520012678,0.462258280019017,0.000819703754425948,684.777371260963,0.999999909567417,3,369.548000000003,"troot(x6*(x4*x4))","troot(x4*x4)","x6",1,0.99261313706295,0.128346822616186
"P4",27,FALSE,FALSE,FALSE,FALSE,13,NA,NA,1.67216784129307e+303,368.960210839384,-Inf,13,610.402999999991,"x8*troot(((x4*x6)*x4)*x10)","x4","troot(x4*sigmoid(x8))",1,1,1
"P5",27,FALSE,FALSE,FALSE,TRUE,8,0.282015511789725,0.1922675855859,5.40325277996786,579.229401050824,-52.2147782856564,9,364.046000000002,"p3(p3(x7)*p0(x4))","x4*p3(x7)","troot(x4*(x7*x4))",1,1,1
"P6",27,FALSE,FALSE,FALSE,FALSE,14,0.589394542683697,0.589394542683697,0.378974638895412,580.644746495553,0.75013955677382,14,381.322999999989,"x4","(x10*x4)*(x10*x4)","(p0(x4*x4)*p0(x4*x4))*x4",1,1,1
