"Experiment","Run","F1","F2","F3","F4","Count_FP","Correlation","Correlation_FP","MAE","RMSE","LMP","R2","Count_P","Time","First","Second","Third","FirstM","SecondM","ThirdM"
"S1",27,FALSE,FALSE,TRUE,FALSE,9,0.514562701940087,0.460625247522582,0.00308694031371895,0.0121302728431329,678.928751623008,0.999995028324498,10,1051.27500000002,"troot(x9*x4)*troot(x9*x4)","troot(x4)*troot(x4)","x4",1,1,0.999999999999978
"S2",27,FALSE,FALSE,FALSE,FALSE,6,0.484178822237965,0.484178822237965,0.001574574973109,0.00273693590527444,689.797378984434,0.999999746900732,6,1140.87800000003,"troot(x4*x4)","x9*troot(x4*x4)","(troot(x4*x4)*x7)*exp_dbl(x8)",1,1,0.963604606561035
"S3",27,FALSE,FALSE,FALSE,FALSE,7,0.445459464242197,0.445459464242197,0.00174709332142333,0.0024963843824527,694.413008035453,0.999999789435793,7,956.268999999971,"troot(x4*x4)*x7","troot(x4*x4)*x9","troot(x4*x4)",1,1,1
"S4",27,FALSE,FALSE,FALSE,FALSE,7,0.456442102620634,0.456442102620634,0.0015269643752525,0.00242744724176267,682.130232566893,0.999999800904596,7,1054.44099999999,"troot(x4)*troot(x4)","(troot(x4)*troot(x4))*x9","(troot(x4)*troot(x4))*x7",1,1,1
"S5",27,FALSE,FALSE,FALSE,FALSE,5,0.37308536196675,0.37308536196675,0.000911879860178388,0.00161193492841926,683.81122596715,0.999999912207655,5,985.491000000038,"x6*troot(x4*x4)","troot(x4*x4)","x9",1,1,0.529140416401383
"S6",27,FALSE,TRUE,FALSE,FALSE,5,0.362298206782905,0.234757918648149,0.00253170414941454,0.00866530517047717,685.471532724085,0.999997462948051,6,1103.647,"troot((x9*x4)*x4)","troot((x9*x4)*x4)*x6","x5",1,0.999999999511361,0.999999931094671
