"Experiment","Run","F1","F2","F3","F4","Count_FP","Correlation","Correlation_FP","MAE","RMSE","LMP","R2","Count_P","Time","First","Second","Third","FirstM","SecondM","ThirdM"
"S1",20,FALSE,FALSE,FALSE,FALSE,2,0.604544956779782,0.604544956779782,0.0471158284875422,0.237955173097003,-26.117789892361,0.998086837157994,2,2435.02,"troot(x4*x4)","x2*x4","NA",1,0.659220570815507,"NA"
"S2",20,FALSE,FALSE,FALSE,FALSE,3,0.736363219253691,0.736363219253691,0.0574500657271889,0.283099067536623,-24.0166299391974,0.997292063265768,3,2598.073,"troot(x4*x4)*x9","troot(x4*x4)","x4*x2",0.843640745772915,0.156359254428767,0.103189506315253
"S3",20,FALSE,FALSE,FALSE,FALSE,3,0.736363219253691,0.736363219253691,0.0575568527070721,0.283584936925978,-29.1465286541205,0.997282760284882,3,2536.701,"x9*(troot(x4)*troot(x4))","troot(x4)*troot(x4)","x2*x4",0.844438645833452,0.155561354166548,0.102667107792527
"S4",20,FALSE,FALSE,FALSE,FALSE,1,0.99999974420151,0.99999974420151,0.0765125922104646,0.379562631280328,-24.0166299391974,0.995132246998663,1,2738.065,"x9*troot(x4*x4)","NA","NA",1,"NA","NA"
"S5",20,FALSE,FALSE,FALSE,FALSE,1,0.99999974420151,0.99999974420151,0.0764769204136128,0.379471781887771,-24.0166299391974,0.99513457694077,1,2455.574,"x9*troot(x4*x4)","NA","NA",1,"NA","NA"
"S6",20,FALSE,FALSE,FALSE,FALSE,1,0.99999974420151,0.99999974420151,0.0765023882833275,0.379507891677564,-24.0166299391974,0.9951336509285,1,2593.151,"x9*troot(x4*x4)","NA","NA",1,"NA","NA"
