"Experiment","Run","Correlation","MAE","RMSE","LMP","R2","Count_P","Time","First","Second","Third","FirstM","SecondM","ThirdM"
"S1",4,0.865441500965272,3.15248065461012,5.51919835965202,-973.231443849692,0.699342901122469,18,4333.367,"x6*(x6*(x11*(x6*x10)))","troot(exp_dbl(x13*x8))","p0(x6)",1,0.999999999999979,0.999999942037264
"S2",4,0.826127283339779,3.52405167732171,7.11291809245448,-963.433342889123,0.500638481265787,17,5256.619,"x6*x10","x6","x1*sigmoid(x13)",1,1,1
"S3",4,0.808952470585187,3.73046982508873,7.27949085635225,-969.670924804105,0.476976182183541,18,5971.303,"x6","sigmoid(x13)*x1","x11",1,1,0.999999999740691
"S4",4,0.897843559523858,2.70524341802135,4.43661314148194,-970.324167862452,0.80572246730431,12,4308.189,"p3(x6)","p0(x13)*x10","(x10*p3(x6))*x11",1,1,1
"S5",4,0.868642835447664,3.10742599314278,5.14796137168068,-972.228239795974,0.738428745225991,18,4003.863,"x6*x6","x9","x6*x9",1,1,1
"S6",4,0.831798243568641,3.47845008372749,6.23950048477374,-976.752690755427,0.615745375988266,18,3581.956,"x6","x10","x11",1,0.999991149141444,0.999980941914809
