"Experiment","Run","F1","F2","F3","F4","Count_FP","Correlation","Correlation_FP","MAE","LMP","R2","Count_P","Time","First","Second","Third","FirstM","SecondM","ThirdM"
"P1",29,FALSE,FALSE,FALSE,FALSE,3,0.733983070416538,0.733983070416538,0.0364952244340682,-96.7669448270558,0.999928642733733,3,NA,"troot(x4*x4)","x4*x2","x4",0.999999998213113,0.898831623040683,0.105027270497475
"P2",29,TRUE,FALSE,FALSE,FALSE,0,1,NA,0.0318311489944093,-94.5244319535552,0.999962706260459,1,NA,"troot((x6*x4)*x4)","NA","NA",0.99683030745727,"NA","NA"
"P3",29,TRUE,FALSE,FALSE,FALSE,2,0.309646220439831,-0.035530669340253,0.0311215396667918,-94.5244319535552,0.999959306769255,3,NA,"troot((x4*x6)*x4)","x10","x6",0.993211706248541,0.285235269847647,0.113280638301184
"P4",29,FALSE,TRUE,TRUE,FALSE,3,0.716377713087138,0.527296375427124,0.0581628144581098,-99.877214903911,0.998896769719147,5,NA,"troot(x4*x4)","x4*x3","troot((x4*x9)*(x4*x9))",0.73599560790523,0.709515238850651,0.156755852802982
"P5",29,FALSE,FALSE,FALSE,TRUE,2,0.790932482104058,0.686399262445923,0.0431874444768389,-99.4705679276249,0.999847743860013,3,NA,"troot(x7)*troot(x4*x4)","x4*x3","troot(x4*x4)",0.595777168706883,0.402864618776015,0.402545449251067
"P6",29,TRUE,FALSE,FALSE,FALSE,0,1,NA,0.032273503379064,-94.5244319535552,0.999962671563819,1,NA,"troot((x6*x4)*x4)","NA","NA",0.997859285397246,"NA","NA"
