"Experiment","Run","F1","F2","F3","F4","Count_FP","Correlation","Correlation_FP","MAE","LMP","R2","Count_P","Time","First","Second","Third","FirstM","SecondM","ThirdM"
"P1",29,FALSE,FALSE,FALSE,FALSE,4,0.284507143719764,0.284507143719764,0.0368744647127164,-101.896843541979,0.999877694081849,4,579.410000000033,"troot(x4)*troot(x4)","x4*x2","x6",1,1,0.180533304741708
"P2",29,TRUE,FALSE,FALSE,FALSE,0,1,NA,0.0309731731745119,-94.5244319535552,0.999963106229981,1,597.050000000047,"troot(x4*(x4*x6))","NA","NA",1,"NA","NA"
"P3",29,TRUE,FALSE,FALSE,FALSE,2,0.309646220439831,-0.035530669340253,0.030763990162742,-94.5244319535552,0.999960854309433,3,529.230000000098,"troot((x4*x6)*x4)","x10","x6",0.999999999946222,0.287184764373821,0.114052787684312
"P4",29,FALSE,TRUE,FALSE,FALSE,1,0.604545124423104,0.209090601389525,0.0380370425624465,-101.110142936484,0.999901734390762,2,575.160000000033,"troot((x9*x4)*x4)","x4*x2","NA",1,0.986963508774779,"NA"
"P5",29,FALSE,FALSE,FALSE,TRUE,2,0.790932482104058,0.686399262445923,0.0432036125686622,-99.4705679276249,0.999847587400903,3,569.420000000158,"troot(x7)*troot(x4*x4)","x4*x3","troot(x4*x4)",0.596779162574849,0.403538812533865,0.403222460880436
"P6",29,FALSE,FALSE,FALSE,FALSE,3,0.788552607527299,0.788552607527299,0.0694028622064483,-105.007113618834,0.998006406591001,3,581.079999999842,"troot(x4)*troot(x4)","x3*x4","x4",0.999999999999999,0.999995126212529,0.155639609484191
