"Experiment","Run","F1","F2","F3","F4","Count_FP","Correlation","Correlation_FP","MAE","LMP","R2","Count_P","Time","First","Second","Third","FirstM","SecondM","ThirdM"
"P1",29,FALSE,FALSE,FALSE,FALSE,2,0.604544956779782,0.604544956779782,0.0389804331525869,-96.7669448270558,0.999877023648668,2,618.530000000028,"troot(x4*x4)","x4*x2","NA",1,0.978388840583864,"NA"
"P2",29,TRUE,FALSE,FALSE,FALSE,0,1,NA,0.0322056269178632,-94.5244319535552,0.999962789196402,1,621.850000000093,"troot((x6*x4)*x4)","NA","NA",0.997878231398797,"NA","NA"
"P3",29,FALSE,FALSE,FALSE,FALSE,6,0.654579326803643,0.654579326803643,0.0832596268759026,-105.57087505312,0.99682076522632,6,550.20000000007,"x4","troot(x4)*x4","x4*x6",1,1,0.704877301019683
"P4",29,FALSE,FALSE,FALSE,FALSE,3,0.432438590919947,0.432438590919947,0.0657943646210704,-99.877214903911,0.998222470082636,3,620.210000000079,"troot(x4*x4)","x4*x3","x6",1,0.92804204598463,0.22777200817557
"P5",29,FALSE,FALSE,FALSE,FALSE,5,0.430697698541245,0.430697698541245,0.297172220861664,-112.075721768654,0.888991847623281,5,592.050000000047,"x4","troot(x4*(x4*x3))","x4*x3",1,0.999999998862382,0.999993499449689
"P6",29,TRUE,FALSE,FALSE,FALSE,0,1,NA,0.0322817483850956,-94.5244319535552,0.999962684334143,1,605.639999999898,"troot((x6*x4)*x4)","NA","NA",1,"NA","NA"
