"Experiment","Run","F1","F2","F3","F4","Count_FP","Correlation","Correlation_FP","MAE","LMP","R2","Count_P","Time","First","Second","Third","FirstM","SecondM","ThirdM"
"P1",1,FALSE,FALSE,FALSE,FALSE,13,0.568975564970362,0.568975564970362,0.00643682501926046,578.280182861405,0.999984072613524,13,483.685,"x9*(x4*x2)","x2*(x4*x6)","(x4*x6)*x6",1,1,1
"P2",1,FALSE,FALSE,FALSE,FALSE,13,0.668036252625966,0.668036252625966,0.0196426096612336,637.309953428336,0.999498039137042,13,442.485000000001,"x4","p3(p0(x4))","x10*(x4*p0(x4))",1,1,1
"P3",1,FALSE,FALSE,FALSE,FALSE,12,NA,NA,1.75613420999684e+297,512.505921601551,-Inf,12,368.963000000003,"x4*x9","x4","sigmoid(x8)",1,1,1
"P4",1,FALSE,FALSE,FALSE,FALSE,3,0.714244403037591,0.714244403037591,0.00097771136267114,683.748086912524,0.999999912400209,3,417.718000000001,"troot(x4*x4)","troot(x4*x4)*x6","x5",1,0.999999999999171,0.364343331130334
"P5",1,FALSE,FALSE,FALSE,FALSE,12,0.419867878181772,0.419867878181772,1.20212098935794,394.04620420386,-1.41662636132671,12,570.437000000005,"p0(1+((x4*x4)*x4))*p0(1+((x4*x4)*x4))","x4","((x4*x2)*p0(x4))*(x10*x9)",1,1,1
"P6",1,FALSE,FALSE,FALSE,FALSE,11,0.594496716359638,0.594496716359638,0.163956583679555,449.528181024632,0.968365254383836,11,540.959999999992,"troot(x3)","(x4*x3)*(x6*(x10*x4))","x4",1,1,1
