"Experiment","Run","F1","F2","F3","F4","Count_FP","Correlation","Correlation_FP","MAE","LMP","R2","Count_P","Time","First","Second","Third","FirstM","SecondM","ThirdM"
"P1",32,FALSE,FALSE,FALSE,FALSE,6,0.65098172137316,0.65098172137316,0.0687246043950368,-99.688620267966,0.997943255876586,6,428.947,"p0(x4)*x4","x4","x2*(x4*x10)",1,1,0.80549294814728
"P2",32,FALSE,FALSE,FALSE,FALSE,4,0.657158668765084,0.657158668765084,0.0433743806001789,-100.720409257459,0.999822435950123,4,368.241999999998,"troot(x4*x4)","x4","x4*x9",0.99999999999857,0.998123628568377,0.997803607057814
"P3",32,FALSE,FALSE,FALSE,FALSE,3,0.985488592981159,0.985488592981159,0.0933791395964012,-99.5125191073178,0.996019224635253,3,384.897000000004,"x4","x10*x4","troot(x4)*x4",1,0.999999965169498,0.995942390412238
"P4",32,FALSE,FALSE,FALSE,TRUE,1,0.996429109555188,0.992859297690051,0.0442258900695293,-99.4705679276249,0.999800065255089,2,384.065000000002,"troot(x4*x4)*troot(x7)","x4","NA",1,0.147290487173505,"NA"
"P5",32,FALSE,FALSE,FALSE,FALSE,9,0.265361839775962,0.265361839775962,0.491793821047335,-126.737600842537,0.689618353169927,9,396.340000000011,"x4","p3(x4)","x10*(x3*p3(x4))",1,1,1
