"Experiment","Run","F1","F2","F3","F4","Count_FP","Correlation","Correlation_FP","MAE","LMP","R2","Count_P","Time","First","Second","Third","FirstM","SecondM","ThirdM"
"P4",39,FALSE,FALSE,FALSE,FALSE,2,0.604544956779782,0.604544956779782,0.0380829006472826,-96.7669448270559,0.99988943733361,2,NA,"troot(x4*x4)","x4*x2",NA,0.946652142508096,0.943914937390793,NA
"P5",39,FALSE,FALSE,FALSE,FALSE,9,0.641950011006612,0.641950011006612,0.0741833377997006,-99.5125191073178,0.997536039461078,9,NA,"x4","troot(x4)*x4","x10*x4",0.997930993997625,0.769580755335565,0.769568573743463
