"Experiment","Run","F1","F2","F3","F4","Count_FP","Correlation","Correlation_FP","MAE","RMSE","LMP","R2","Count_P","Time","First","Second","Third","FirstM","SecondM","ThirdM"
"S1",1,TRUE,FALSE,FALSE,FALSE,1,0.999999656085019,0.999999312170039,0.000809586307553598,0.00163731628287768,684.777371260963,0.999999909421151,2,774.704,"troot(x6*(x4*x4))","troot(x4*x4)","NA",1,0.998857447618518,"NA"
"S2",1,TRUE,FALSE,FALSE,FALSE,4,0.780619246912289,0.725774058640361,0.000841383196752364,0.00179172785989976,687.881431327977,0.999999891530977,5,813.785,"troot((x6*x4)*x4)","x4","x4*x7",1,0.999794420158096,0.548274604456079
"S3",1,FALSE,FALSE,FALSE,FALSE,4,0.537075438630361,0.537075438630361,0.000908032181350234,0.00159487988827554,683.955183587773,0.999999914055597,4,728.463,"troot(x4*x4)","x6*troot(x4*x4)","x9",1,0.999891319576594,0.696567385337595
"S4",1,FALSE,FALSE,FALSE,FALSE,16,NA,NA,NA,NA,513.542196427656,NA,16,795.321,"sigmoid(x8)","((x3*x4)*x10)*x4","troot(x4*x6)",1,1,1
"S5",1,FALSE,FALSE,FALSE,FALSE,4,0.537075438630361,0.537075438630361,0.000922098294689725,0.00159158738203328,683.955183587772,0.999999914410082,4,677.932,"troot(x4*x4)*x6","troot(x4*x4)","x9",1,1,0.590058656544184
"S6",1,FALSE,TRUE,FALSE,FALSE,6,0.112397639418381,-0.035536028588003,0.00368940971156863,0.0154757053204535,685.804764595744,0.999991907875816,7,742.954000000001,"troot(x4*(x9*x4))","x7","x8*troot(x4*(x9*x4))",1,1,1
