"Experiment","Run","F1","F2","F3","F4","Count_FP","Correlation","Correlation_FP","MAE","RMSE","LMP","R2","Count_P","Time","First","Second","Third","FirstM","SecondM","ThirdM"
"S1",14,FALSE,FALSE,FALSE,FALSE,6,0.554236483410719,0.554236483410719,0.00166119859436037,0.00248845521600376,696.334701605585,0.999999790771282,6,905.315000000002,"x9*troot(x4*x4)","troot(x4*x4)*x7","troot(x4*x4)",1,1,1
"S2",14,FALSE,FALSE,FALSE,FALSE,9,0.448682300507072,0.448682300507072,0.00172059364464992,0.00315532724416633,678.992317869562,0.999999663604289,9,1042.32500000001,"(x9*troot(x4))*troot(x4)","troot(x4)*troot(x4)","x9*troot(x4)",1,1,1
"S3",14,FALSE,FALSE,FALSE,FALSE,4,0.537075438630361,0.537075438630361,0.000917709733908905,0.00158984321814751,683.955183587773,0.999999914597569,4,948.380000000005,"troot(x4*x4)","troot(x4*x4)*x6","x9",1,0.999999976263832,0.58158495085355
"S4",14,FALSE,FALSE,FALSE,FALSE,4,0.537075438630361,0.537075438630361,0.000905848118639127,0.00158413247464646,683.955183587773,0.999999915210001,4,1056.413,"troot(x4*x4)","troot(x4*x4)*x6","x9",1,1,0.540180283687794
"S5",14,FALSE,FALSE,FALSE,FALSE,15,0.533764716570275,0.533764716570275,5.83436803375861,41.9205421578726,267.502874691892,-58.3766125474233,15,987.108999999997,"sigmoid(x4*x5)","exp_dbl(x10)","x10*x4",1,1,1
"S6",14,FALSE,FALSE,FALSE,FALSE,5,0.628232210442299,0.628232210442299,0.0009136918813241,0.0015778661471724,673.695386157928,0.999999915879479,5,1070.152,"(troot(x4)*troot(x4))*x6","troot(x4)*troot(x4)","x9",1,1,0.605485196590534
