"Experiment","Run","F1","F2","F3","F4","Count_FP","Correlation","Correlation_FP","MAE","RMSE","LMP","R2","Count_P","Time","First","Second","Third","FirstM","SecondM","ThirdM"
"S1",26,FALSE,FALSE,FALSE,FALSE,9,0.541237786344268,0.541237786344268,0.00292404807681252,0.00820005138550012,618.189499433357,0.999997728070851,9,2478.31700000004,"x4","x8*x4","troot(x4*x4)",1,1,1
"S2",26,TRUE,FALSE,FALSE,FALSE,1,0.999999656085019,0.999999312170039,0.000808919756871601,0.00163352688004409,684.777371260963,0.999999909839937,2,2342.853,"troot(x6*(x4*x4))","troot(x4*x4)","NA",1,0.999999983670241,"NA"
"S3",26,FALSE,FALSE,FALSE,FALSE,7,0.702259766326058,0.702259766326058,0.0761428242898385,0.398794928787662,120.147862206434,0.994626455002745,7,2083.57000000001,"x4","sin_deg(troot(x4))","troot(x4)",1,1,1
"S4",26,FALSE,FALSE,FALSE,FALSE,6,0.536795268355614,0.536795268355614,0.00166791149307456,0.00251309513834552,696.692541424978,0.999999786607331,6,2308.31300000002,"troot(x4*x4)*x9","troot(x4*x4)","x5",1,1,0.999999999954178
"S5",26,FALSE,FALSE,FALSE,FALSE,12,0.759916752025154,0.759916752025154,0.00219210869507736,0.00634825316863673,610.794583695897,0.999998638335509,12,2556.20799999998,"x4","troot(x4)","x4*troot(troot(x4))",1,1,1
"S6",26,FALSE,FALSE,FALSE,FALSE,7,0.469855824661971,0.469855824661971,0.00153049321880669,0.00240960598939307,682.511832718139,0.999999803820464,7,2280.15399999998,"troot(x4)*troot(x4)","x9*(troot(x4)*troot(x4))","x7*(troot(x4)*troot(x4))",1,1,1
