"Experiment","Run","F1","F2","F3","F4","Count_FP","Correlation","Correlation_FP","MAE","RMSE","LMP","R2","Count_P","Time","First","Second","Third","FirstM","SecondM","ThirdM"
"S1",21,FALSE,FALSE,FALSE,FALSE,3,0.985488592981159,0.985488592981159,0.0930678417831241,0.341644625675519,-99.5125191073178,0.996056236869531,3,925.966999999946,"x4","troot(x4)*x4","x10*x4",1,1,0.999999999992452
"S2",21,FALSE,FALSE,FALSE,TRUE,1,0.996429109555188,0.992859297690051,0.0438564247466799,0.0770025431625477,-94.3406692127019,0.999799658106755,2,1039.25599999999,"troot((x7*x4)*x4)","x4","NA",1,0.161544411799809,"NA"
"S3",21,FALSE,FALSE,FALSE,FALSE,5,0.563265670115133,0.563265670115133,0.0957382071984785,0.340300518055771,-99.5125191073178,0.99608720714869,5,947.026000000013,"x4","x4*troot(x4)","x4*x10",1,1,0.998969070207258
"S4",21,FALSE,FALSE,TRUE,FALSE,2,0.309646151005711,-0.035530669340253,0.0350560570522944,0.0538289855418369,-100.73060235727,0.999902097444915,3,1008.527,"troot((x4*x9)*(x4*x9))","x10","x6",1,0.36124246352996,0.11932943901882
"S5",21,FALSE,FALSE,FALSE,FALSE,4,0.736887645860214,0.736887645860214,0.0404942636330326,0.0603464171314511,-105.847869035597,0.999876954816955,4,957.386999999988,"troot(x4)*troot(x4)","x4","x8*x4",1,0.851583918477919,0.53054472743968
"S6",21,FALSE,FALSE,FALSE,FALSE,3,0.788552607527299,0.788552607527299,0.0694343755611474,0.242913349048262,-99.877214903911,0.998006278927278,3,1092.16700000002,"troot(x4*x4)","x4*x3","x4",1,0.999999994211154,0.159792453848149
