"Experiment","Run","F1","F2","F3","F4","Count_FP","Correlation","Correlation_FP","MAE","RMSE","LMP","R2","Count_P","Time","First","Second","Third","FirstM","SecondM","ThirdM"
"S1",16,FALSE,FALSE,FALSE,FALSE,4,0.534323633753451,0.534323633753451,0.0386615990088501,0.059992837277544,-96.7669448270559,0.999878392477864,4,2525.465,"troot(x4*x4)","x2*x4","x7",1,0.98272961747452,0.156432355561583
"S2",16,FALSE,FALSE,FALSE,TRUE,1,0.996429109555188,0.992859297690051,0.0439826773691074,0.0765744164018868,-94.3406692127019,0.999801879677134,2,2758.029,"troot(x4*(x7*x4))","x4","NA",0.999999999668395,0.148708669138827,"NA"
"S3",16,FALSE,FALSE,FALSE,FALSE,4,0.740221798098744,0.740221798098744,0.0948709240054886,0.343496755596793,-99.5125191073179,0.996013360966246,4,2717.379,"x4","x4*troot(x4)","x4*x10",1,1,0.990507663201699
"S4",16,FALSE,FALSE,FALSE,FALSE,5,0.573462860287722,0.573462860287722,0.0955387099355512,0.344652402018941,-99.5125191073179,0.995986490871517,5,2996.04,"x4*troot(x4)","x4","x4*x10",1,1,0.992650038028797
"S5",16,FALSE,FALSE,FALSE,FALSE,3,0.371839007534399,0.371839007534399,0.0402329015856533,0.0619998088344816,-96.7669448270558,0.999870119983021,3,2649.865,"x4*x2","troot(x4*x4)","x2",0.999956936271311,0.999844631211445,0.195248397122085
"S6",16,FALSE,FALSE,FALSE,FALSE,3,0.985488592981159,0.985488592981159,0.0930680841975707,0.341646826085017,-99.5125191073178,0.996056186068663,3,2171.882,"x4","x4*troot(x4)","x4*x10",1,0.999999999359133,0.999992266785954
