"Experiment","Run","F1","F2","F3","F4","Count_FP","Correlation","Correlation_FP","MAE","LMP","R2","Count_P","Time","First","Second","Third","FirstM","SecondM","ThirdM"
"P5",18,FALSE,FALSE,FALSE,FALSE,9,0.457688000233814,0.457688000233814,0.00175049753958818,678.992317869562,0.999999643736994,9,NA,"x9*troot(x4)","x9*(troot(x4)*troot(x4))","troot(x4)*x7",0.99998197402506,0.99998197402506,0.99998197402506
"P1",18,TRUE,FALSE,FALSE,FALSE,5,0.497621221302682,0.397145465563218,0.000869017644272137,687.684548542456,0.999999887346906,6,NA,"x4","troot(x6*(x4*x4))","x4*x6",0.999999344768759,0.999999272113518,0.999999272087661
"P2",18,TRUE,FALSE,FALSE,FALSE,1,0.999999656085019,0.999999312170039,0.000806553839305805,684.777371260963,0.999999910955955,2,NA,"troot(x4*x4)","troot(x6*(x4*x4))","NA",1,0.999853332154555,"NA"
"P3",18,FALSE,FALSE,FALSE,FALSE,12,0.623235737075733,0.623235737075733,0.0035164223456591,595.856756584745,0.999996627202249,12,NA,"x4","troot(troot(x4))*(x9*x4)","x7*troot(x4)",0.999999999999998,0.999739002367542,0.999739002367542
"P4",18,FALSE,FALSE,FALSE,FALSE,5,0.635460476104504,0.635460476104504,0.00173813584912633,694.413008035451,0.999999792379475,5,NA,"troot(x4*x4)","x9*troot(x4*x4)","x7*troot(x4*x4)",0.999999999999998,0.999999999999897,0.999999999999895
"P6",18,TRUE,FALSE,FALSE,FALSE,2,0.995239780774171,0.992859671161257,0.00082226387849379,687.684548542454,0.999999894328717,3,NA,"troot(x4*(x6*x4))","x4","x6*x4",1,0.979234563170547,0.973520816530843
