"Experiment","Run","F1","F2","F3","F4","Count_FP","Correlation","Correlation_FP","MAE","LMP","R2","Count_P","Time","First","Second","Third","FirstM","SecondM","ThirdM"
"P5",18,FALSE,FALSE,FALSE,FALSE,11,0.678529153441414,0.678529153441414,24.3461182312585,488.208829916999,-1079.73311612372,11,589.650000000023,"x7","(x4*x10)*troot(x4*x10)","(x2*(x4*x10))*x4",1,1,1
"P1",18,FALSE,FALSE,FALSE,FALSE,12,0.432099588660312,0.432099588660312,0.00327580028008467,594.784004396462,0.999995598949483,12,660.700000000012,"sigmoid(troot(x8*x4))*(x4*x6)","x7*x4","troot(1+(x3+((x8*x4)+((x9*x4)+sigmoid(x10)))))*troot(1+(x3+((x8*x4)+((x9*x4)+sigmoid(x10)))))",1,1,1
"P2",18,FALSE,FALSE,FALSE,FALSE,15,0.598900642047943,0.598900642047943,0.0139950622733811,604.829251471951,0.999816277743881,15,609.130000000005,"x4","x4*troot(x4)","x4*x4",1,1,1
"P3",18,FALSE,FALSE,FALSE,FALSE,12,0.623235737075733,0.623235737075733,0.00351794364899304,595.856756584745,0.999996622669339,12,611.849999999977,"troot(troot(x4))*(x9*x4)","x7*troot(x4)","x9*x4",1,1,1
"P4",18,FALSE,FALSE,FALSE,FALSE,5,0.635460476104504,0.635460476104504,0.00173813584912634,694.413008035451,0.999999792379475,5,635.289999999921,"x9*troot(x4*x4)","troot(x4*x4)","x7*troot(x4*x4)",1,1,1
"P6",18,TRUE,FALSE,FALSE,FALSE,2,0.995239780774171,0.992859671161257,0.00082226387849379,687.684548542454,0.999999894328717,3,661.989999999991,"troot(x4*(x6*x4))","x4","x6*x4",1,0.979234563170547,0.973520816530843
