"Experiment","Run","F1","F2","F3","F4","Count_FP","Correlation","Correlation_FP","MAE","RMSE","LMP","R2","Count_P","Time","First","Second","Third","FirstM","SecondM","ThirdM"
"S1",27,FALSE,FALSE,FALSE,TRUE,0,0.999998921420326,NA,0.0184582865301195,0.0723416156557962,-20.678976752487,0.999823177289421,1,2476.532,"troot(x7*(x4*x4))","NA","NA",0.999986819802644,"NA","NA"
"S2",27,FALSE,TRUE,FALSE,FALSE,0,0.999999647456683,NA,0.0607700355982938,0.303794361542973,-22.889285690445,0.996881677316017,1,2764.312,"troot(x9*(x4*x4))","NA","NA",1,"NA","NA"
"S3",27,FALSE,FALSE,FALSE,FALSE,1,0.99999974420151,0.99999974420151,0.0764931225234896,0.379558857765607,-24.0166299391974,0.995132343786095,1,2463.623,"troot(x4*x4)*x9","NA","NA",1,"NA","NA"
"S4",27,FALSE,TRUE,FALSE,FALSE,0,0.999999647456683,NA,0.0608573905231456,0.303915461674691,-22.889285690445,0.996879190735607,1,2482.317,"troot(x9*(x4*x4))","NA","NA",1,"NA","NA"
"S5",27,FALSE,FALSE,FALSE,FALSE,3,0.736363219253691,0.736363219253691,0.057339888167481,0.28251931460549,-24.0166299391974,0.99730314296839,3,2538.851,"x9*troot(x4*x4)","troot(x4*x4)","x2*x4",0.842824644226425,0.157181136104722,0.103661703176283
"S6",27,FALSE,FALSE,FALSE,FALSE,2,0.982068314829844,0.982068314829844,0.160072861859661,0.254994627713994,-28.2364995747419,0.997803032171705,2,2541.982,"x4","troot(x4)*x9","NA",0.975058311406323,0.970913360067899,"NA"
