"Experiment","Run","F1","F2","F3","F4","Count_FP","Correlation","Correlation_FP","MAE","RMSE","LMP","R2","Count_P","Time","First","Second","Third","FirstM","SecondM","ThirdM"
"S1",14,FALSE,FALSE,FALSE,FALSE,6,0.517560521539111,0.517560521539111,0.00154777700567762,0.0024074939907001,684.66795399221,0.999999804164212,6,748.823,"troot(x4)*troot(x4)","x7*(troot(x4)*troot(x4))","(troot(x4)*troot(x4))*x9",1,1,1
"S2",14,FALSE,FALSE,FALSE,FALSE,5,0.358243645301953,0.358243645301953,0.000909170120188403,0.0015752079836829,673.695386157928,0.999999916162669,5,832.971,"troot(x4)*troot(x4)","x6*(troot(x4)*troot(x4))","x9",1,1,0.519974748253958
"S3",14,FALSE,FALSE,FALSE,FALSE,5,0.828519361314341,0.828519361314341,0.00128428037814564,0.00176375778999825,684.235139419477,0.999999894891092,5,718.972,"troot(x4*x4)","x5","troot(x4*x4)*x9",1,0.706315728588302,0.515036588162565
"S4",14,TRUE,FALSE,FALSE,FALSE,3,0.727559047482245,0.636745396642993,1.17041948476601e+283,Inf,687.881431327977,-Inf,4,822.541,"troot(x4*(x6*x4))","x4","x4*x7",1,0.996040224073922,0.996040224073895
"S5",14,FALSE,FALSE,FALSE,FALSE,10,NA,NA,4.09782617845368e+297,Inf,574.496212519064,-Inf,10,794.257,"p3(p0(x4))","x4","((x3*x4)*x4)*troot(x4)",1,1,1
"S6",14,TRUE,FALSE,FALSE,FALSE,1,0.999999656085019,0.999999312170039,0.000808832633944425,0.00163306676387845,684.777371260963,0.999999909890721,2,738.941,"troot(x6*(x4*x4))","troot(x4*x4)","NA",1,0.999683470383806,"NA"
