"Experiment","Run","F1","F2","F3","F4","Count_FP","Correlation","Correlation_FP","MAE","RMSE","LMP","R2","Count_P","Time","First","Second","Third","FirstM","SecondM","ThirdM"
"S1",22,FALSE,FALSE,FALSE,TRUE,1,0.996429109555188,0.992859297690051,0.0437320943045903,0.0760740898938498,-94.3406692127019,0.999804460199977,2,2349.18900000001,"troot(x4*(x4*x7))","x4","NA",0.99999998321829,0.134477649805645,"NA"
"S2",22,FALSE,FALSE,FALSE,FALSE,4,0.989415458441503,0.989415458441503,0.0436459368390025,0.0727979495089292,-100.720409257459,0.999820939443706,4,2313.68599999999,"x4","troot(x4*x4)","x4*x9",0.999995750872912,0.962563482691583,0.962559232820478
"S3",22,FALSE,FALSE,FALSE,FALSE,4,0.279984609013674,0.279984609013674,0.0400527094729847,0.0634689697265235,-96.7669448270558,0.999863891724007,4,2232.21299999999,"troot(x4*x4)","x4*x2","x10",0.999999999999978,0.999999999999696,0.172063356503683
"S4",22,TRUE,FALSE,FALSE,FALSE,0,1,NA,0.0322803372646003,0.0332217058358987,-94.5244319535552,0.99996270887437,1,2427.17200000002,"troot(x4*(x6*x4))","NA","NA",1,"NA","NA"
"S5",22,FALSE,FALSE,FALSE,FALSE,2,0.604544956779782,0.604544956779782,0.0389493226500449,0.0600236245546775,-96.7669448270558,0.999878267632122,2,2265.25599999999,"troot(x4*x4)","x4*x2","NA",0.999999999976923,0.984148408724661,"NA"
"S6",22,TRUE,FALSE,FALSE,FALSE,0,1,NA,0.0321080282988391,0.0329805509192172,-99.6543306684783,0.999963248298725,1,2321.47899999999,"troot(x6)*troot(x4*x4)","NA","NA",1,"NA","NA"
