"Experiment","Run","F1","F2","F3","F4","Count_FP","Correlation","Correlation_FP","MAE","RMSE","LMP","R2","Count_P","Time","First","Second","Third","FirstM","SecondM","ThirdM"
"S1",30,FALSE,FALSE,FALSE,FALSE,3,0.985488592981159,0.985488592981159,0.0927895120895934,0.340645229031152,-99.5125191073178,0.996079276124784,3,703.317,"x4","x10*x4","troot(x4)*x4",0.999249468649222,0.99715009712623,0.997150096956344
"S2",30,FALSE,FALSE,FALSE,FALSE,4,0.58187243788255,0.58187243788255,1.48925321494237e+258,Inf,-99.877214903911,-Inf,4,787.206,"troot(x4*x4)","x4*x3","x4*x8",0.999999999999895,0.622480763009996,0.380926106317915
"S3",30,FALSE,FALSE,FALSE,TRUE,2,0.665759877520625,0.498640355570775,0.0440782399811097,0.0766481064006079,-94.3406692127019,0.99980149817867,3,717.258,"troot(x7*(x4*x4))","x10","x4",0.999999999441374,0.168955409815951,0.116345870896921
"S4",30,FALSE,FALSE,FALSE,TRUE,0,0.999998921420326,NA,0.0447548873430503,0.0759259038617356,-94.3406692127019,0.999805221248725,1,812.717,"troot(x7*(x4*x4))","NA","NA",1,"NA","NA"
"S5",30,TRUE,FALSE,FALSE,FALSE,2,0.286620857210728,-0.0700687141839079,0.0309048977051594,0.0330978696788475,-94.5244319535552,0.999962986366608,3,693.543,"troot(x6*(x4*x4))","x7","x6",1,0.114001905748054,0.109351170447064
"S6",30,FALSE,FALSE,FALSE,FALSE,3,0.733983070416538,0.733983070416538,0.0368169251739152,0.0468155651072498,-96.7669448270558,0.999925947082034,3,742.881,"troot(x4*x4)","x2*x4","x4",0.999999846743945,0.926708722055624,0.104816465476824
