"Experiment","Run","F1","F2","F3","F4","Count_FP","Correlation","Correlation_FP","MAE","RMSE","LMP","R2","Count_P","Time","First","Second","Third","FirstM","SecondM","ThirdM"
"S1",17,TRUE,FALSE,FALSE,FALSE,5,0.640004334469254,0.568005201363104,0.000944322224052189,0.00190497521281641,694.252963442309,0.999999877385934,6,961.184000000008,"troot((x6*x4)*x4)","x6*x4","x4",1,0.999999957338978,0.99999020300403
"S2",17,TRUE,FALSE,FALSE,FALSE,2,0.505178904031846,0.257768364520844,0.00169684481545872,0.00394573777249032,666.120746490689,0.999999473960841,3,1027.728,"x3*x4","troot(((x6*x4)*x4)+x4)","x5",1,0.999997587598886,0.924382200617364
"S3",17,FALSE,FALSE,FALSE,FALSE,15,0.587972611614398,0.587972611614398,0.604095858445748,4.28334815309992,465.046946187396,0.380090364289808,15,943.478000000003,"troot(x4*(((x4*x4)*x10)*x7))","((x4*x4)*x10)*x7","x4",1,1,1
"S4",17,FALSE,FALSE,FALSE,FALSE,4,0.537075438630361,0.537075438630361,0.000916045056935789,0.00158886511928121,683.955183587773,0.999999914702619,4,1165.06799999997,"troot(x4*x4)","x6*troot(x4*x4)","x9",1,1,0.578836095275489
"S5",17,FALSE,FALSE,FALSE,FALSE,4,0.46496456610627,0.46496456610627,0.000974393503966365,0.00164472694184972,683.748086912524,0.999999908599357,4,1008.82000000001,"troot(x4*x4)","x6*troot(x4*x4)","x7",1,1,0.176279337861018
"S6",17,FALSE,FALSE,FALSE,FALSE,4,0.537075438630361,0.537075438630361,0.000917722946092278,0.00158984787580185,683.955183587773,0.999999914597069,4,1078.261,"troot(x4*x4)","troot(x4*x4)*x6","x9",1,1,0.581651312221779
