"Experiment","Run","F1","F2","F3","F4","Count_FP","Correlation","Correlation_FP","MAE","RMSE","LMP","R2","Count_P","Time","First","Second","Third","FirstM","SecondM","ThirdM"
"S1",14,TRUE,FALSE,FALSE,FALSE,2,0.714245609496639,0.571368414244959,0.000821321420665611,0.0016144770871089,684.777371260963,0.999999911930525,3,2221.489,"troot(x4*x4)","troot((x6*x4)*x4)","x5",1,1,0.323548597077888
"S2",14,FALSE,TRUE,FALSE,FALSE,5,0.572257118261077,0.486708612421956,0.00171876434077144,0.00263735638389622,696.058759442938,0.999999764983002,6,2293.99400000001,"troot(x4*x4)","troot(x9*(x4*x4))","x7*troot(x4*x4)",1,1,1
"S3",14,TRUE,FALSE,FALSE,FALSE,8,0.546160286976573,0.489430322848645,0.00145015625873521,0.00268038437309605,714.060387586389,0.999999757251927,9,2266.745,"troot((x6*x4)*x4)","x4","x6*x4",1,0.999999999999986,0.999999999996667
"S4",14,FALSE,FALSE,FALSE,FALSE,5,0.579508471598203,0.579508471598203,0.00158153386571445,0.00243866398617682,696.349182480172,0.999999799060385,5,2293.71400000004,"troot(x4*x4)","troot(x4*x4)*x9","troot(x4*x4)*x7",1,1,0.993192873634988
"S5",14,FALSE,FALSE,FALSE,FALSE,10,0.517209052543437,0.517209052543437,0.0125146756629445,0.0650533498992822,576.157034846163,0.99985701154734,10,2375.70999999996,"x4","x4*troot(x4)","(x2*x4)*x7",1,1,1
"S6",14,FALSE,FALSE,FALSE,FALSE,7,0.486070042357344,0.486070042357344,0.00153190717236892,0.0024191784381036,697.901528862949,0.999999802258674,7,2356.364,"x9*troot(x4*x4)","x7*troot(x4*x4)","troot(x4*x4)",1,1,1
