"Experiment","Run","F1","F2","F3","F4","Count_FP","Correlation","Correlation_FP","MAE","RMSE","LMP","R2","Count_P","Time","First","Second","Third","FirstM","SecondM","ThirdM"
"S1",4,FALSE,FALSE,FALSE,FALSE,4,0.537075438630361,0.537075438630361,0.000917652731621757,0.00158992527960463,673.695386157929,0.999999914588752,4,1758.689,"troot(x4)*troot(x4)","(troot(x4)*troot(x4))*x6","x9",1,0.999999983478873,0.583208601891366
"S2",4,FALSE,FALSE,FALSE,FALSE,5,0.592525122582957,0.592525122582957,0.00155042737294576,0.00240696964114017,700.057650136979,0.999999804249509,5,2284.517,"troot(x4*x4)*x9","troot(x4*x4)*x7","troot(x4*x4)",1,1,1
"S3",4,FALSE,FALSE,FALSE,FALSE,11,0.720304052700049,0.720304052700049,0.00210330600240883,0.00406862896662135,629.684399494008,0.999999440683271,11,2403.583,"troot(x4)","p3(p0(x4))*x6","x4*x6",1,1,1
"S4",4,FALSE,FALSE,FALSE,FALSE,5,0.578492550727803,0.578492550727803,0.00148786445671584,0.00217510128245323,674.410276142837,0.999999840147069,5,2192.337,"(troot(x4)*troot(x4))*x9","(x6*(troot(x4)*troot(x4)))*x7","troot(x4)*troot(x4)",1,1,1
"S5",4,FALSE,FALSE,FALSE,TRUE,7,0.602349870387321,0.545542863096892,0.00151459715055123,0.00249718952261869,653.575729900445,0.999999789299947,8,1947.992,"x7*x4","troot(x7*(x4*x4))","x7",1,1,0.999999999974695
"S6",4,FALSE,FALSE,FALSE,FALSE,4,0.461304886941158,0.461304886941158,0.00194495274002422,0.00315041775396088,547.551225651094,0.999999664650295,4,2012.67,"x6*troot(x6*((x4*x4)*x7))","troot(1+(troot(x6*((x4*x4)*x7))+(troot((x4*x4)*x7)+(x4*(x4*sigmoid(x7))))))","x6",1,1,0.999903838709383
