"Experiment","Run","F1","F2","F3","F4","Count_FP","Correlation","Correlation_FP","MAE","LMP","R2","Count_P","Time","First","Second","Third","FirstM","SecondM","ThirdM"
"P1",25,FALSE,FALSE,FALSE,FALSE,6,0.598664747072122,0.598664747072122,0.0748860275044454,-104.667556857871,0.997571644246214,6,389.338,"x4","x4*troot(x4)","x4*x4",1,0.999990956748712,0.842295797672606
"P2",25,TRUE,FALSE,FALSE,FALSE,1,0.453213554521817,-0.0935728909563669,0.0336829697134321,-94.5244319535552,0.99994503852417,2,411.419999999998,"troot((x6*x4)*x4)","x2","NA",1,0.324642428057642,"NA"
"P3",25,FALSE,FALSE,FALSE,FALSE,4,0.986914523622905,0.986914523622905,0.0767617763928946,-102.367590429956,0.99697846620868,4,357.755999999994,"troot(x4*x4)","x4*x10","x4",0.99999997693677,0.999999449466052,0.998045809974532
"P4",25,FALSE,FALSE,FALSE,FALSE,4,0.723036440884047,0.723036440884047,0.0449040229122598,-100.717970320674,0.999816063699477,4,395.944000000003,"troot(x4*x4)","x6*x4","x4",0.999999999999908,0.999999999992496,0.999998514162335
"P5",25,FALSE,FALSE,FALSE,FALSE,2,0.604544956779782,0.604544956779782,0.0389871922678427,-101.896843541979,0.999873082078186,2,342.595000000001,"troot(x4)*troot(x4)","x2*x4","NA",1,0.999999399267258,"NA"
