"Experiment","Run","Correlation","MAE","RMSE","LMP","R2","Count_P","Time","First","Second","Third","FirstM","SecondM","ThirdM"
"S1",18,0.829253429524045,3.68992205120175,6.15043587386122,-2567.41657865896,0.626637026751344,15,7414.884,"x1","x2","sigmoid(x5)",1,1,1
"S2",18,0.88305018743325,3.3034460204641,4.8674496170662,-2570.08982144384,0.766158070172097,15,7056.056,"x1","x5","x6",1,1,1
"S3",18,0.869420841689,3.27429640166106,5.01934615159782,-2596.28089599221,0.751335521485228,15,8056.598,"x1","x2","x4",1,1,1
"S4",18,0.871022027173861,3.22282996667619,4.97360347878928,-2486.9895106019,0.755847164125485,15,3355.945,"x1","x4","x5",1,1,1
"S5",18,0.86945081335649,3.50447809972001,5.07512036316881,-3248.2474477688,0.745778574310771,15,3379.101,"p0(x10)","p0(x8)","x4",1,1,1
"S6",18,0.878403791670412,3.43342119093446,4.88511190976385,-3190.43187619341,0.764457928027237,15,7837.739,"x1","sigmoid(x8)","x5",1,1,1
