"Experiment","Run","F1","F2","F3","F4","Count_FP","Correlation","Correlation_FP","MAE","LMP","R2","Count_P","Time","First","Second","Third","FirstM","SecondM","ThirdM"
"P1",30,FALSE,FALSE,FALSE,FALSE,7,0.760935108845613,0.760935108845613,0.0703894644537232,-99.5125191073178,0.997669056967436,7,NA,"x4","x4*x10","troot(x4)*x4",0.835480110712005,0.66800341352768,0.664051425726991
"P2",30,TRUE,FALSE,FALSE,FALSE,0,1,NA,0.0320613080431201,-94.5244319535552,0.999963100408466,1,NA,"troot(x4*(x4*x6))","NA","NA",0.997969887117044,"NA","NA"
"P3",30,TRUE,FALSE,FALSE,FALSE,1,0.453213554521817,-0.0935728909563669,0.0341549148169971,-94.5244319535552,0.999941180287031,2,NA,"troot((x4*x6)*x4)","x2","NA",0.995921656866779,0.349076228218266,"NA"
"P4",30,TRUE,FALSE,FALSE,FALSE,1,0.50221070672575,0.00442141345149907,0.0318232312692466,-94.5244319535552,0.999957285182094,2,NA,"troot((x4*x4)*x6)","x10","NA",0.986586140835741,0.300011553653508,"NA"
"P5",30,FALSE,TRUE,TRUE,FALSE,5,0.724568989790137,0.614396697875327,0.0666184024590411,-99.5125191073178,0.998290199775975,7,NA,"x4","x10*x4","troot(x4)*x4",0.707244515421678,0.657438971566975,0.64776697087804
"P6",30,FALSE,FALSE,FALSE,FALSE,4,0.551592656175278,0.551592656175278,0.0346432172492344,-96.7669448270558,0.999935202360048,4,NA,"troot(x4*x4)","x4*x2","x10",0.940648256873381,0.922996256792457,0.159840684997259
