"Experiment","Run","F1","F2","F3","F4","Count_FP","Correlation","Correlation_FP","MAE","LMP","R2","Count_P","Time","First","Second","Third","FirstM","SecondM","ThirdM"
"P1",30,FALSE,FALSE,FALSE,FALSE,4,0.58187243788255,0.58187243788255,0.0578545182995187,-99.877214903911,0.999117750610005,4,573.699999999953,"troot(x4*x4)","x4*x3","x4*x8",1,0.597784650707845,0.402559806182012
"P2",30,TRUE,FALSE,FALSE,FALSE,0,1,NA,0.0321172548838617,-94.5244319535552,0.999963211306786,1,600.939999999944,"troot(x4*(x4*x6))","NA","NA",1,"NA","NA"
"P3",30,FALSE,FALSE,FALSE,FALSE,5,0.780619109346296,0.780619109346296,0.0415588978747177,-100.717970320674,0.999835505964327,5,576.660000000033,"troot(x4*x4)","x4","x7*x4",0.997745977179851,0.997257647745346,0.516608896974279
"P4",30,FALSE,FALSE,FALSE,FALSE,5,0.658772547911603,0.658772547911603,0.0640159085972429,-99.877214903911,0.998621182573752,5,600.410000000033,"troot(x4*x4)","x4*x3","x4",1,0.754731738641764,0.268490531423738
"P5",30,FALSE,TRUE,FALSE,FALSE,2,0.733983182178753,0.600974949539788,0.0412954922671537,-101.110142936484,0.999806803860332,3,555.290000000037,"troot((x9*x4)*x4)","x2*x4","x4",0.999893386250141,0.898384800438909,0.184081929294962
"P6",30,FALSE,FALSE,FALSE,FALSE,5,0.646241691219096,0.646241691219096,0.0996194690120469,-106.061494221497,0.992678692370225,5,620.300000000047,"x4","x4*x4","troot(x4)*x4",1,0.999999819360708,0.999995787836214
