"Experiment","Run","F1","F2","F3","F4","Count_FP","Correlation","Correlation_FP","MAE","LMP","R2","Count_P","Time","First","Second","Third","FirstM","SecondM","ThirdM"
"P1",30,FALSE,FALSE,FALSE,FALSE,3,0.995239551497518,0.995239551497518,0.0436307543682811,-100.717970320674,0.999835963692947,3,613.979999999981,"x6*x4","troot(x4*x4)","x4",0.999854439084706,0.991874175645431,0.97520703874281
"P2",30,FALSE,FALSE,FALSE,FALSE,4,0.736887545794832,0.736887545794832,0.0401763649175508,-100.723720798733,0.99988094985379,4,617.329999999958,"troot(x4*x4)","x4","x4*x8",0.9999999999955,0.836830968683243,0.583581410318466
"P3",30,FALSE,FALSE,FALSE,FALSE,4,0.727558975590137,0.727558975590137,0.0409786474005108,-100.717970320674,0.999841551572049,4,586.050000000047,"troot(x4*x4)","x6*x4","x4",0.999999999991675,0.999999999989031,0.994969693785174
"P4",30,FALSE,FALSE,FALSE,FALSE,5,0.563332602280836,0.563332602280836,0.0431493080765351,-100.717970320674,0.999820765206814,5,634.190000000061,"x4","troot(x4*x4)","x4*x6",1,1,1
"P5",30,FALSE,TRUE,FALSE,FALSE,5,0.826015059805377,0.791218142275116,0.059037561458017,-103.291084626166,0.998474757906218,6,585.989999999991,"troot((x9*x4)*x4)","x4","troot(x4)",1,0.609939469836938,0.261345709057674
"P6",30,FALSE,FALSE,FALSE,FALSE,3,0.985488592981159,0.985488592981159,0.0930834071365918,-99.5125191073178,0.996046475078789,3,627.919999999925,"x4","x4*troot(x4)","x10*x4",1,1,0.985920900032868
