"Experiment","Run","F1","F2","F3","F4","Count_FP","Correlation","Correlation_FP","MAE","RMSE","LMP","R2","Count_P","Time","First","Second","Third","FirstM","SecondM","ThirdM"
"S1",8,TRUE,FALSE,FALSE,TRUE,0,0.999999460710163,NA,0.0362310004994758,0.0464157481501983,-94.3406692127019,0.999927206542811,2,894.638000000035,"troot(x4*(x4*x7))","troot(x4*(x4*x6))","NA",0.565324258454885,0.434675741546191,"NA"
"S2",8,FALSE,FALSE,FALSE,FALSE,3,0.284002128515961,0.284002128515961,0.0384333195314538,0.0600171560731027,-96.7669448270558,0.99987829386783,3,1088.34599999996,"troot(x4*x4)","x2*x4","x3",0.999999999999903,0.999945955366716,0.113826796543206
"S3",8,FALSE,FALSE,FALSE,FALSE,2,0.604544956779782,0.604544956779782,0.0389614807320643,0.0601842086067016,-96.7669448270558,0.99987761540806,2,914.781000000017,"troot(x4*x4)","x4*x2","NA",1,0.999999950985314,"NA"
"S4",8,FALSE,FALSE,FALSE,FALSE,6,0.67609181529471,0.67609181529471,0.0466426131823284,0.116607046588279,-105.600172438492,0.999540578593226,6,1035.266,"x8*x4","x4","x4*x4",0.999999814075404,0.774117130487279,0.723966748793565
"S5",8,TRUE,FALSE,FALSE,FALSE,0,1,NA,0.031143865589079,0.0330496526077567,-99.6543306684783,0.999963094131189,1,955.489999999991,"troot(x4)*troot(x6*x4)","NA","NA",1,"NA","NA"
"S6",8,FALSE,FALSE,FALSE,FALSE,2,0.604544956779782,0.604544956779782,0.0387059331473377,0.0590727056574668,-96.7669448270558,0.999882094147768,2,1013.32199999999,"troot(x4*x4)","x2*x4","NA",0.999915420759837,0.995333764641738,"NA"
