"Experiment","Run","F1","F2","F3","F4","Count_FP","Correlation","Correlation_FP","MAE","LMP","R2","Count_P","Time","First","Second","Third","FirstM","SecondM","ThirdM"
"P1",2,FALSE,FALSE,FALSE,FALSE,2,0.604544956779782,0.604544956779782,0.0375395024292906,-96.7669448270558,0.999909040435329,2,NA,"troot(x4*x4)","x2*x4","NA",0.999998353322294,0.957066784174046,"NA"
"P2",2,FALSE,FALSE,FALSE,FALSE,2,0.604544956779782,0.604544956779782,0.0367301106065757,-96.7669448270558,0.999913469220031,2,NA,"troot(x4*x4)","x2*x4","NA",0.968894957776548,0.95989746186424,"NA"
"P3",2,FALSE,FALSE,FALSE,TRUE,2,0.665759877520625,0.498640355570775,0.0440549200954346,-94.3406692127019,0.999794066486216,3,NA,"troot((x4*x7)*x4)","x10","x4",0.918736418387536,0.184327398517412,0.137805059980073
"P4",2,TRUE,FALSE,FALSE,TRUE,0,0.999999460710163,NA,0.0324704458327925,-94.3406692127019,0.999960243534782,2,NA,"troot((x4*x4)*x6)","troot((x7*x4)*x4)","NA",0.713991504281388,0.286008495718612,"NA"
"P5",2,FALSE,FALSE,FALSE,FALSE,4,0.73688753300508,0.73688753300508,0.0389218229248624,-100.720409257459,0.999881865205725,4,NA,"troot(x4*x4)","x4","x9*x4",0.999993255332934,0.858470747056321,0.500822420700851
"P6",2,FALSE,FALSE,FALSE,FALSE,5,0.865852860767065,0.865852860767065,0.0820542461139728,-99.5125191073178,0.996581055829802,5,NA,"x4","x10*x4","x4*troot(x4)",0.841069427512784,0.812453718019717,0.808554999850297
