"Experiment","Run","F1","F2","F3","F4","Count_FP","Correlation","Correlation_FP","MAE","LMP","R2","Count_P","Time","First","Second","Third","FirstM","SecondM","ThirdM"
"P1",2,FALSE,FALSE,FALSE,FALSE,2,0.604544956779782,0.604544956779782,0.0389872249909483,-96.7669448270558,0.999873080362533,2,632.219999999972,"troot(x4*x4)","x2*x4","NA",1,0.99999386228373,"NA"
"P2",2,FALSE,FALSE,FALSE,FALSE,2,0.604544956779782,0.604544956779782,0.0389606699770387,-96.7669448270558,0.99987763084376,2,634.930000000051,"x2*x4","troot(x4*x4)","NA",0.999949407310063,0.999864763583799,"NA"
"P3",2,FALSE,FALSE,FALSE,FALSE,3,0.284002128515961,0.284002128515961,0.0382531012466731,-96.7669448270558,0.999879208620082,3,588.469999999972,"troot(x4*x4)","x4*x2","x3",0.999999974350383,0.999958730058344,0.104391019250427
"P4",2,FALSE,FALSE,FALSE,TRUE,2,0.639125155659457,0.458688272779023,0.0435574098379465,-94.3406692127019,0.999804533876031,3,614.109999999986,"troot((x7*x4)*x4)","x4","x6",1,0.134055677964366,0.117024327065375
"P5",2,FALSE,FALSE,FALSE,FALSE,5,0.582931372878302,0.582931372878302,0.041614977711163,-100.720409257459,0.999832047664766,5,590.150000000023,"troot(x4*x4)","x9*x4","x4",1,0.999995034696931,0.994474572392218
"P6",2,FALSE,FALSE,FALSE,FALSE,3,0.985488592981159,0.985488592981159,0.0923988268733877,-99.5125191073178,0.99606385632584,3,610.310000000056,"x4","x10*x4","x4*troot(x4)",1,1,0.987603034839171
