"Experiment","Run","F1","F2","F3","F4","Count_FP","Correlation","Correlation_FP","MAE","LMP","R2","Count_P","Time","First","Second","Third","FirstM","SecondM","ThirdM"
"P1",2,FALSE,FALSE,FALSE,FALSE,5,0.455301269015406,0.455301269015406,0.0703493249251226,-105.007113618834,0.997949083355439,5,531.199999999953,"troot(x4)*troot(x4)","x3*x4","x2",0.993487480097079,0.993048980676661,0.136392236136493
"P2",2,FALSE,FALSE,FALSE,FALSE,3,0.985488592981159,0.985488592981159,0.0929945176745992,-99.5125191073178,0.996055781266532,3,552.579999999958,"x4","x10*x4","troot(x4)*x4",1,0.999999956765582,0.995316519673752
"P3",2,FALSE,FALSE,FALSE,FALSE,7,0.689044425734739,0.689044425734739,0.0952146598599455,-103.889409415143,0.995050798710616,7,514.339999999967,"x4","x4*x4","x4*x10",1,0.99999999998882,0.999999963489456
"P4",2,TRUE,FALSE,FALSE,FALSE,1,0.453213554521817,-0.0935728909563669,0.034356941912145,-94.5244319535552,0.999939961998737,2,558.619999999995,"troot(x4*(x4*x6))","x2","NA",1,0.354028231755302,"NA"
"P5",2,FALSE,FALSE,FALSE,FALSE,6,0.404953174526771,0.404953174526771,0.111710165803619,-116.355723354419,0.998911877222548,6,524.859999999986,"troot(x6*x4)","x4","troot(troot(x6*x4))",1,1,0.999999944392059
"P6",2,FALSE,FALSE,FALSE,FALSE,3,0.985488592981159,0.985488592981159,0.0930567771249957,-99.5125191073178,0.99605663613891,3,548.790000000037,"x4","x10*x4","troot(x4)*x4",0.999999908651313,0.999999240467812,0.999528932030269
