"Experiment","Run","F1","F2","F3","F4","Count_FP","Correlation","Correlation_FP","MAE","LMP","R2","Count_P","Time","First","Second","Third","FirstM","SecondM","ThirdM"
"P4",39,FALSE,FALSE,FALSE,FALSE,2,0.604544956779782,0.604544956779782,0.0389868882704712,-96.7669448270559,0.999873079637598,2,342.438999999998,"troot(x4*x4)","x4*x2",NA,1,0.999999711149363,NA
"P5",39,FALSE,FALSE,FALSE,FALSE,6,0.465305258217768,0.465305258217768,0.0972644387870137,-99.5125191073178,0.996002696588272,6,381.058999999994,"x4","troot(x4)*x4","x10*x4",1,1,0.999984171132117
