"Experiment","Run","F1","F2","F3","F4","Count_FP","Correlation","Correlation_FP","MAE","RMSE","LMP","R2","Count_P","Time","First","Second","Third","FirstM","SecondM","ThirdM"
"S1",16,FALSE,FALSE,FALSE,FALSE,5,0.414563800477888,0.414563800477888,0.000961467429632658,0.00160241961263426,683.955183587773,0.99999991324108,5,1012.821,"troot(x4*x4)","troot(x4*x4)*x6","x9",1,1,0.676680586656221
"S2",16,FALSE,FALSE,FALSE,FALSE,5,0.579508471598203,0.579508471598203,0.00159624220823165,0.0024524179238276,680.959486335405,0.999999796787416,5,1154.13800000004,"x7*(troot(x4)*troot(x4))","troot(x4)*troot(x4)","x9*(troot(x4)*troot(x4))",1,1,1
"S3",16,FALSE,FALSE,FALSE,FALSE,5,0.416729415657127,0.416729415657127,0.00090820038661197,0.00159263695956528,683.955183587772,0.99999991429716,5,961.016000000003,"troot(x4*x4)","troot(x4*x4)*x6","x9",1,1,0.661003035034268
"S4",16,FALSE,FALSE,FALSE,FALSE,5,0.414563800477888,0.414563800477888,0.000945660567858741,0.00160544473507635,683.955183587773,0.999999912913195,5,1144.13899999997,"troot(x4*x4)","troot(x4*x4)*x6","x9",1,1,0.732915640720478
"S5",16,FALSE,FALSE,FALSE,FALSE,15,0.206822280683281,0.206822280683281,0.671230778883256,4.65937505970519,369.945730936751,0.266471525359141,15,952.758999999962,"troot(x3)","x4","troot(x4*(x4*x3))",1,1,1
"S6",16,FALSE,FALSE,FALSE,FALSE,7,0.12556238500906,0.12556238500906,0.00367110613026161,0.0130804685770124,523.683603370241,0.999994218929847,7,1047.22399999999,"troot(x9)*(troot(1+(x8+(x4+x5)))*troot(1+(x8+(x4+x5))))","x5","x7*(x8*(troot(x9)*(troot(1+(x8+(x4+x5)))*troot(1+(x8+(x4+x5))))))",1,1,1
