"Experiment","Run","F1","F2","F3","F4","Count_FP","Correlation","Correlation_FP","MAE","LMP","R2","Count_P","Time","First","Second","Third","FirstM","SecondM","ThirdM"
"P1",29,FALSE,FALSE,FALSE,FALSE,5,0.783659404012364,0.783659404012364,0.072368707646977,-99.5125191073178,0.997622478333479,5,NA,"x4","x4*x10","troot(x4)*x4",0.965305619024902,0.770000289919424,0.764264519501711
"P2",29,FALSE,FALSE,FALSE,FALSE,8,0.816362491757393,0.816362491757393,0.0718782769887878,-99.5125191073178,0.997539249164958,8,NA,"x4","x10*x4","x4*troot(x4)",0.997104802305292,0.535885367905495,0.534239490701785
"P3",29,FALSE,FALSE,FALSE,FALSE,2,0.604544956779782,0.604544956779782,0.039015705319175,-96.7669448270559,0.999873577074225,2,NA,"troot(x4*x4)","x2*x4",NA,0.999987312408098,0.999734492586866,NA
"P4",29,FALSE,FALSE,FALSE,FALSE,4,0.260008567617798,0.260008567617798,0.038032000717614,-96.7669448270558,0.999880182565729,4,NA,"troot(x4*x4)","x2*x4","x6",1,0.987279406214247,0.136863336412651
