"Experiment","Run","F1","F2","F3","F4","Count_FP","Correlation","Correlation_FP","MAE","LMP","R2","Count_P","Time","First","Second","Third","FirstM","SecondM","ThirdM"
"P1",5,FALSE,FALSE,FALSE,FALSE,5,0.302481922461555,0.302481922461555,0.298120106705264,-46.380616290481,0.950430772514465,5,2.854,"x4","p3(x4)","x3",1,1,0.527658996590109
"P2",5,FALSE,FALSE,FALSE,FALSE,1,0.992859593211927,0.992859593211927,0.406503224891449,-180.098563318078,0.958710191615459,1,1.283,"x4*x9","NA","NA",1,"NA","NA"
"P3",5,FALSE,FALSE,FALSE,FALSE,2,0.982401464192023,0.982401464192023,0.228634727827587,-31.5762099246959,0.990213458673026,2,3.044,"troot(x4)","x4","NA",1,1,"NA"
"P4",5,FALSE,FALSE,FALSE,FALSE,2,0.982889996925674,0.982889996925674,0.254933593800807,-65.5216104954741,0.976313302598748,2,1.211,"(x4*x9)*(x10*x4)","x4*x9","NA",1,1,"NA"
"P5",5,FALSE,FALSE,FALSE,FALSE,3,0.98588765767217,0.98588765767217,0.289595485117066,-37.3709430995221,0.986596310672612,3,2.553,"x6*x4","troot(x4)","x4",1,1,0.177026628803229
"P6",5,FALSE,FALSE,FALSE,FALSE,7,0.122540555275724,0.122540555275724,0.715127898017481,-245.33565016516,0.911766196951789,7,1.126,"x8*troot(x4)","x9","x10",1,1,1
