"Experiment","Run","F1","F2","F3","F4","Count_FP","Correlation","Correlation_FP","MAE","LMP","R2","Count_P","Time","First","Second","Third","FirstM","SecondM","ThirdM"
"P1",5,FALSE,FALSE,FALSE,FALSE,3,0.442496813120054,0.442496813120054,0.228204008995456,-55.0763163456333,0.973244141540048,3,2.207,"x8*x4","x4","x4*x3",1,1,1
"P2",5,FALSE,FALSE,FALSE,FALSE,2,0.982401464192023,0.982401464192023,9.77992219254614,-31.5762099246959,-165.600728683106,2,1.41099999999999,"x4","troot(x4)","NA",1,1,"NA"
"P3",5,FALSE,FALSE,FALSE,FALSE,3,0.294868435393289,0.294868435393289,0.182563559939173,-70.1848365678667,0.99502442937889,3,2.2,"x8*x4","sigmoid(pm05(1+(x4+(x9+(x4+x4)))))","x6",1,1,0.884455095428695
"P4",5,FALSE,FALSE,FALSE,FALSE,2,0.982401464192023,0.982401464192023,0.228658963503504,-31.5762099246959,0.990213188578058,2,1.496,"x4","troot(x4)","NA",1,1,"NA"
"P5",5,FALSE,FALSE,FALSE,FALSE,2,0.982401464192023,0.982401464192023,2.56099958296898e+297,-31.5762099246959,-Inf,2,2.07400000000001,"x4","troot(x4)","NA",1,1,"NA"
"P6",5,FALSE,FALSE,FALSE,FALSE,3,0.982552927440526,0.982552927440526,0.180128414638202,-32.1483910339475,0.986874965841719,3,2.16900000000001,"x4","x4*x4","x10*x4",1,1,0.997989733779468
