"Experiment","Run","Correlation","MAE","RMSE","Time","FirstFeature","SecondFeature","ThirdFeature","FourthFeature","FifthFeature"
"S1",7,0.760751962159032,1.5169500711041,2.09267926902283,7043.994,"x4*x7","x2","x4","x5*x2","x6"
"S2",7,0.77653360380148,1.47003986799119,2.03285663456079,6012.821,"x4","x5","troot(p3(x4)*x5)","p0(x7)","x9"
"S3",7,0.761809723674314,1.49875727035862,2.08902670328094,6538.202,"x4","p3(x6)","x4*x4","exp_dbl(sin(x5))","x9"
"S4",7,0.76997693821643,1.49328531681536,2.057824439114,6670.073,"x8","x9","x5","p0(x7)","x3"
"S5",7,0.772612900329398,1.48061828789109,2.0473284229065,6150.609,"x5*x5","x4","x5","p0(x7)","x8"
"S6",7,0.764253480967168,1.49853645377762,2.07895027285781,6847.538,"troot(x3)","x5","x7","x9","x8*p0(x5)"
