"Experiment","Run","Correlation","MAE","RMSE","Time","FirstFeature","SecondFeature","ThirdFeature","FourthFeature","FifthFeature"
"S1",5,0.774212058805439,1.48354035072148,2.04151734262428,7286.188,"x5*sin(x5)","x4","sin(x5)","(x5*x4)*x4","troot(x7)"
"S2",5,0.774341496532562,1.4787618103687,2.04135810216018,6050.994,"x9","x8","x5*x5","x5*x4","troot(x7)"
"S3",5,0.769175194401593,1.4853022648208,2.06065642712005,6241.343,"x5*x5","x4*troot(x4)","troot(x6*x7)","troot(x4)","x8"
"S4",5,0.764949749303852,1.49721911830702,2.0758842020579,7065.339,"x4","x7","x8","x9","x5*x7"
"S5",5,0.775570312061772,1.47972593898172,2.03646409186992,6882.525,"troot(x4)","exp_dbl(x6)","x7","troot(x5*x4)","x9"
"S6",5,0.774559127234184,1.46988606947695,2.04010237061665,6744.147,"x4","x5","x9","x7","exp_dbl(x5)*x5"
