"Experiment","Run","Correlation","MAE","RMSE","Time","FirstFeature","SecondFeature","ThirdFeature","FourthFeature","FifthFeature"
"S1",15,0.774838137948867,1.47977411878901,2.03929596557942,5978.592,"x7","x5","exp_dbl(x3)","x8","x9"
"S2",15,0.770388937156483,1.48908985472876,2.05599746320858,6892.525,"x4","x8","x9","x5*x4","troot(x7)"
"S3",15,0.772598618115716,1.48614966348793,2.04714613716954,7049.54,"x6","exp_dbl(x5)","troot(x5*(x4*x5))","x8","x5"
"S4",15,0.77577596928164,1.47821906324498,2.03591264298084,7282,"troot(x4*x5)","x9","x4","x5","x3"
"S5",15,0.756571515373198,1.52077278638801,2.1081670391509,5903.871,"x7*x7","x4","x6","x7","x9"
"S6",15,0.766727301540133,1.50348202070039,2.06940756420157,6219.45,"p3(x9)","troot(x4)","troot(x5)","p0(exp_dbl(x5))","x4"
