"Experiment","Run","Correlation","MAE","RMSE","Time","FirstFeature","SecondFeature","ThirdFeature","FourthFeature","FifthFeature"
"S1",14,0.767347598509668,1.49058398043145,2.06725945916733,7167.862,"troot(x4)","x1","p0(troot(x4))","x6","x5"
"S2",14,0.773702992187013,1.48236137374621,2.04336775363464,7075.866,"x3","x8","x4","x9","x5"
"S3",14,0.777784621194903,1.46666308182657,2.02803257726519,6579.21,"exp_dbl(x4)*x9","x8","exp_dbl(x5)","exp_dbl(x7)","exp_dbl(exp_dbl(x4))"
"S4",14,0.772596614314078,1.48699398128214,2.04776914666992,6456.508,"x4","x8","x9","x4*x5","exp_dbl(x5)"
"S5",14,0.74751109485467,1.51576951941617,2.14595945481058,7199.789,"sin(x4)","troot(p0(x3)*x7)","x3","x4","p3(x3)"
"S6",14,0.761001343963689,1.51183096263647,2.09169518255669,6854.659,"x6","x8","x9","troot(x4)","x7*x1"
