"Experiment","Run","Correlation","MAE","RMSE","Time","FirstFeature","SecondFeature","ThirdFeature","FourthFeature","FifthFeature"
"S1",3,0.773470725524924,1.4796886249542,2.04428372521585,6360.563,"sin(x3)","x4","x8","x9","p0(x7)*x3"
"S2",3,0.772274332029665,1.48283095118289,2.04839551518207,7162.293,"x9","x7","x5","x3","exp_dbl(x5)"
"S3",3,0.763737857177185,1.49309312281903,2.08103743680008,6380.597,"troot(x4)","x4","x6","x7","x8"
"S4",3,0.7708606184239,1.48713957361037,2.0541213174659,7156.571,"x4","x7","x8","x9","x4*sin(x5)"
"S5",3,0.773762515132088,1.47264601268063,2.04371642858468,7025.801,"x4*x5","x4","p0(x5)","x5*x5","sin(x9)*x5"
"S6",3,0.774185540687807,1.48054029337862,2.0416225687884,6837.563,"x8","x9","troot(x7)","x5*x5","exp_dbl(x6)"
