"Experiment","Run","Correlation","MAE","RMSE","Time","FirstFeature","SecondFeature","ThirdFeature","FourthFeature","FifthFeature"
"S1",28,0.769309144340218,1.48693185440646,2.06051150871588,7123.255,"exp_dbl(x4)*p3(x5)","x3","x5","x8","x9"
"S2",28,0.772001858612732,1.50089435920404,2.05045107143318,7117.033,"x5*x4","x4","troot(x3)","x5","x4*(x5*x4)"
"S3",28,0.766581719047279,1.49328933596108,2.06953555723939,6157.989,"p3(x5)","x3","x4","x5","x6"
"S4",28,0.770881460998507,1.48879923461822,2.0540963837842,6140.982,"x4","x6","x8","x9","x3*x3"
"S5",28,0.771513497504968,1.4855706039298,2.051898559724,6776.963,"exp_dbl(x5)","sin(exp_dbl(x5))","x8","(x4*exp_dbl(x5))*exp_dbl(x5)","troot(x3)"
"S6",28,0.774283292404798,1.47872699195616,2.04073770229056,6269.663,"sin(exp_dbl(x4))","x7","x8","x9","exp_dbl(x5)"
