"Experiment","Run","Correlation","MAE","RMSE","Time","FirstFeature","SecondFeature","ThirdFeature","FourthFeature","FifthFeature"
"S1",4,0.773886280892705,1.48220864555161,2.04274635898288,6862.021,"exp_dbl(x4)","x3","x4","x9","x3*troot(x7)"
"S2",4,0.769771746394355,1.48890330656243,2.05816333009676,5798.087,"x8","x9","x5","exp_dbl(x5)","exp_dbl(x5)*x4"
"S3",4,0.77539805129494,1.47601774736622,2.03692306489796,5743.472,"x6","x7","sigmoid(1+(x8+(x9+x4)))","x4","exp_dbl(x5)"
"S4",4,0.774997380119584,1.47275992400393,2.03872352008629,6829.288,"x8","x9","sin(x5)*x5","exp_dbl(x4)","x6"
"S5",4,0.771375440910872,1.48346916560377,2.05219296756948,6946.084,"troot(x7)","x3","x4","x5","x6"
"S6",4,0.770884213368538,1.48403156413755,2.05489361045026,7120.32999999999,"x4","x9","x5*x5","sin(troot(x4*x5))","x6"
