"Experiment","Run","Correlation","MAE","RMSE","Time","FirstFeature","SecondFeature","ThirdFeature","FourthFeature","FifthFeature"
"S1",24,0.778108637138681,1.46444961769095,2.026611831485,6570.438,"x4","x3","x5","troot(x4)*x5","x9*x5"
"S2",24,0.760497533154969,1.50904871989517,2.09420002182165,6403.364,"x7","x8","x9","exp_dbl(x5)*x7","x3*x6"
"S3",24,0.771491689304516,1.48879551058212,2.05174425850334,6903.666,"x4*x6","x3","x5","x6","x8"
"S4",24,0.770016175514951,1.4893499465491,2.05773942656009,6409.822,"x4","x5","x8","x5*x4","x5*x5"
"S5",24,0.764361355077549,1.50086909239355,2.07860359501354,6587.497,"x2","x3","x4","x5","x7*(x5*x5)"
"S6",24,0.767037866333378,1.4881217803714,2.06856726194887,6334.635,"x8","x9","x5*x5","x3*x5","p0(x7)"
