"Experiment","Run","Correlation","MAE","RMSE","Time","FirstFeature","SecondFeature","ThirdFeature","FourthFeature","FifthFeature"
"S1",17,0.760232361740993,1.49941566811689,2.09541050621347,6906.657,"x4*x7","x4","troot(troot(x3))","x6","x5*x8"
"S2",17,0.773615584780996,1.48291572316097,2.0439013899861,7246.853,"x4","x5","x8","x9","x5*x5"
"S3",17,0.769923957427645,1.48851935596453,2.05767033678787,6015.433,"troot(x7)","x3","x4","x5","x6"
"S4",17,0.774644754518727,1.47537095319247,2.03985796825056,7143.501,"x4","x8","x4*x5","troot(x3)","exp_dbl(x5)"
"S5",17,0.768322804133366,1.49430455659484,2.06343651096933,7136.199,"x3","x4","x5","x6","x7"
"S6",17,0.775636498663756,1.47020873824566,2.03609961591202,5937.43799999999,"x9","exp_dbl(x5)","exp_dbl(x5)*x4","x4","x8"
