"Experiment","Run","Correlation","MAE","RMSE","Time","FirstFeature","SecondFeature","ThirdFeature","FourthFeature","FifthFeature"
"S1",26,0.773758874283848,1.47788156138651,2.04332712438904,6160.356,"x5*x5","x8","troot(x3)","x4*x5","p0(x7)"
"S2",26,0.771100613938558,1.49297731533429,2.05370458215929,5897.416,"x4","x6","x9","troot(sin(x7))","x5"
"S3",26,0.773282403056353,1.47973927581206,2.04507729238968,7148.2,"sin(x5)*x5","x1*x8","x4","x5","x6"
"S4",26,0.77338855543603,1.47887940093357,2.04398001279656,6829.426,"exp_dbl(exp_dbl(x4))*troot(x7)","x5","x8","x4","troot(x3)"
"S5",26,0.772261006523854,1.48697445509973,2.04932478359829,6960.675,"troot(x5)*x4","x4","x6","x8","x9"
"S6",26,0.772242028653933,1.50412921143957,2.04890190594535,6507.476,"x4","sin(x4*sigmoid(x5))","(exp_dbl(x5)*troot(x7))*troot(1+x1)","exp_dbl(x6)","x1"
