"Experiment","Run","Correlation","MAE","RMSE","Time","FirstFeature","SecondFeature","ThirdFeature","FourthFeature","FifthFeature"
"S1",10,0.760825425220462,1.50905208107804,2.09299068469067,7167.707,"x2","x4","x5","x7","x8"
"S2",10,0.773661682131138,1.47640335898066,2.04383469844165,6345.045,"x5","x8","x9","x3","exp_dbl(x5)"
"S3",10,0.768534061516125,1.48515080504083,2.06268538174283,6839.914,"x5*x5","x4","x5","(x5*x5)*x9","x8"
"S4",10,0.77645902350242,1.47174361048687,2.03175931712535,7410.791,"x3","x8","x9","x6","sin(x4)"
"S5",10,0.772058467032321,1.4756996398741,2.04975960190878,6280.377,"x4","x5","x6","exp_dbl(x5)","x8"
"S6",10,0.774990069791156,1.47041336121199,2.0377525903126,7059.377,"x8","x9","exp_dbl(x4)","exp_dbl(x5)","exp_dbl(x4)*(x6*x1)"
