"Experiment","Run","Correlation","MAE","RMSE","Time","FirstFeature","SecondFeature","ThirdFeature","FourthFeature","FifthFeature"
"S1",9,0.770824807850113,1.49499004134817,2.05327961715654,7138.31,"sin(1+x5)*x2","x2","x3","x4","x7"
"S2",9,0.774843913152496,1.47828864500518,2.03899205946072,6999.187,"x4","x5","x8","x7","x6"
"S3",9,0.773999909745548,1.48180408661922,2.04260070176613,6655.305,"sin(x3)","x4","x5","x7","x4*x5"
"S4",9,0.762136001740287,1.50168584345655,2.08805896646373,6275.114,"p0(1+x4)","x9","exp_dbl(x5)","x5","sin(x7*p0(x6))"
"S5",9,0.775114803796563,1.47441524374367,2.03766143154435,6919.149,"x6","x8*x5","exp_dbl(x5)*x4","exp_dbl(troot(x7))","p3(exp_dbl(x5))"
"S6",9,0.769284099091536,1.48979780076079,2.05992125757348,6435.786,"x4","x6","x8","x9","exp_dbl(x2)*exp_dbl(x7)"
