"Experiment","Run","Correlation","MAE","RMSE","Time","FirstFeature","SecondFeature","ThirdFeature","FourthFeature","FifthFeature"
"S1",13,0.759683584375101,1.52060165050767,2.09620701252918,6323.081,"sin(x2)","x2","x3","x4","x5"
"S2",13,0.768799272750515,1.48883436731936,2.06250737462933,6932.389,"x7","exp_dbl(x5)","x4*x5","x8","p3(x4)"
"S3",13,0.769892273720612,1.48382494870158,2.05718658307179,6614.938,"x7","x8","x4","sigmoid(1+(sin(x5)*troot(x6)))","x4*x7"
"S4",13,0.773480132708589,1.48109160717755,2.04403730350178,6591.561,"x4","x9","troot(x7)","sigmoid(exp_dbl(x5))","x1*x8"
"S5",13,0.755598981194541,1.52581802408567,2.11165126304044,6978.699,"x2*x4","x2","x5*x8","x5","x6"
"S6",13,0.771597984355454,1.48635151082992,2.05160933253777,6752.64,"x6","x9","x4","x5*x5","x5"
