"Experiment","Run","F1","F2","F3","F4","Count_FP","Correlation","Correlation_FP","MAE","RMSE","LMP","R2","Count_P","Time","First","Second","Third","FirstM","SecondM","ThirdM"
"S1",15,FALSE,FALSE,FALSE,TRUE,9,0.486985605821245,0.429984126310236,0.00177938447256365,0.00302263372004887,645.070708222123,0.999999691302806,10,2461.16600000003,"x4","x4*x7","(troot(x4*x7)*troot(x4))*x7",1,1,1
"S2",15,FALSE,FALSE,FALSE,FALSE,5,0.367301719022639,0.367301719022639,0.000921927163963281,0.001620682559844,683.811225967151,0.999999911252209,5,2301.592,"troot(x4*x4)","x6*troot(x4*x4)","x9",1,1,0.541866932367574
"S3",15,FALSE,TRUE,FALSE,FALSE,6,0.456072236430277,0.365417667925876,0.00152694016278024,0.00242771851270383,680.371467436166,0.999999800860095,7,2251.89299999998,"troot(x4*(x4*x9))","x9*troot(x4*(x4*x9))","x7*troot(x4*(x4*x9))",1,1,1
"S4",15,FALSE,FALSE,FALSE,FALSE,5,0.657892232970419,0.657892232970419,0.0017865112250855,0.00298440521286207,688.281119959116,0.999999699061872,5,2379.853,"x9*troot(x4*x4)","troot(x4*x4)","x5",1,1,0.999999869958789
"S5",15,FALSE,FALSE,FALSE,FALSE,5,0.310981563846703,0.310981563846703,0.000923819563028413,0.00161008489360574,683.81122596715,0.99999991240906,5,2392.61599999998,"troot(x4*x4)*x6","troot(x4*x4)","x9",1,0.999999922090227,0.466926596818602
"S6",15,TRUE,FALSE,FALSE,FALSE,3,0.723036512776154,0.630715350368206,0.000828796296665178,0.0018093372831436,687.881431327977,0.999999889388393,4,2285.533,"troot((x6*x4)*x4)","x4","x7*x4",1,0.999999999938261,0.999999999926293
