"Experiment","Run","F1","F2","F3","F4","Count_FP","Correlation","Correlation_FP","MAE","RMSE","LMP","R2","Count_P","Time","First","Second","Third","FirstM","SecondM","ThirdM"
"S1",23,FALSE,FALSE,FALSE,FALSE,11,0.557156817351021,0.557156817351021,0.00189430960553952,0.00438568183641549,684.164991128719,0.999999350115947,11,2442.065,"troot((x4*x4))","x9*troot((x4*x4))","x5",1,1,0.999999999957502
"S2",23,FALSE,FALSE,FALSE,FALSE,6,0.512087375773944,0.512087375773944,0.00154124286806867,0.00247218688448705,679.546310360752,0.999999793498014,6,2360.53999999998,"troot(x4)*troot(x4)","(troot(x4)*troot(x4))*x7","x9*(troot(x4)*troot(x4))",1,1,1
"S3",23,FALSE,FALSE,FALSE,FALSE,8,0.369159401490438,0.369159401490438,0.00171346029254786,0.0028470972863437,684.076405454133,0.999999726116259,8,2343.61900000001,"troot((x4*x4))","x7*troot((x4*x4))","troot((x4*x4))*x9",1,1,1
"S4",23,TRUE,FALSE,FALSE,FALSE,2,0.995239780774171,0.992859671161257,0.000812018345728824,0.00172537548581936,687.684548542455,0.999999899416005,3,2328.06599999999,"troot(x4*(x6*x4))","x4","x6*x4",0.999408114947176,0.948186382334683,0.937587608714304
"S5",23,FALSE,FALSE,FALSE,FALSE,12,0.693233458978533,0.693233458978533,0.0282920814206599,0.18832069289115,612.486165803879,0.998801721622542,12,2769.77500000002,"x4","x4*troot(x4*x9)","(x4*x9)*x7",1,1,1
"S6",23,FALSE,FALSE,FALSE,FALSE,15,0.442368326530613,0.442368326530613,0.197663934451587,1.17691880060609,268.839594638243,0.953199053437703,15,2339.49300000002,"troot(x10*x4)","x4*x3","x4",1,1,1
