"Experiment","Run","F1","F2","F3","F4","Count_FP","Correlation","Correlation_FP","MAE","RMSE","LMP","R2","Count_P","Time","First","Second","Third","FirstM","SecondM","ThirdM"
"S1",21,TRUE,FALSE,FALSE,FALSE,2,0.665760237047183,0.498640355570775,0.0307916710778191,0.0339341987290263,-94.5244319535552,0.99996109218577,3,680.545,"troot(x4*(x4*x6))","x10","x4",0.999999968466111,0.279161911189654,0.104029112226154
"S2",21,TRUE,FALSE,FALSE,FALSE,1,0.453213554521817,-0.0935728909563669,0.0343570500933442,0.0421435386667804,-94.5244319535552,0.99993998999896,2,767.953,"troot((x4*x4)*x6)","x2","NA",0.999997847610696,0.353949129479957,"NA"
"S3",21,TRUE,FALSE,FALSE,FALSE,0,1,NA,0.0321597102895229,0.033038058132196,-94.5244319535552,0.999963120021273,1,668.667,"troot(x6*(x4*x4))","NA","NA",1,"NA","NA"
"S4",21,FALSE,FALSE,FALSE,FALSE,3,0.995239418077008,0.995239418077008,0.0449826766074402,0.0735380793514313,-105.863180151918,0.999817279951581,3,746.618,"x4*x7","x4","troot(x4)*troot(x4)",0.999999999991043,0.997974269357258,0.995170055617123
"S5",21,FALSE,FALSE,FALSE,FALSE,5,0.942273175464029,0.942273175464029,0.0782029196720343,0.101270558253439,-109.299311054757,0.999653480208883,5,685.285,"x4*x4","x4*x9","p0(x4)",0.999999999999903,0.999903642667558,0.999898698837625
"S6",21,FALSE,FALSE,FALSE,FALSE,3,0.648243948163225,0.648243948163225,0.0510849019746791,0.143319503561708,-107.209480525321,0.999305979616105,3,792.922,"x4","sin_deg(p0(x4))*x4","x4*x8",1,1,0.99840584552007
