"Experiment","Run","F1","F2","F3","F4","Count_FP","Correlation","Correlation_FP","MAE","RMSE","LMP","R2","Count_P","Time","First","Second","Third","FirstM","SecondM","ThirdM"
"S1",16,FALSE,FALSE,FALSE,FALSE,4,0.189608373647879,0.189608373647879,0.039450584415638,0.0613040736509229,-96.7669448270559,0.999873018543415,4,701.757,"troot(x4*x4)","x2*x4","x2",1,0.962914572470463,0.173795814119153
"S2",16,TRUE,FALSE,FALSE,FALSE,0,1,NA,0.0322809107821553,0.0332243733591548,-94.5244319535552,0.999962702885578,1,717.369,"troot(x4*(x6*x4))","NA","NA",0.999831636878827,"NA","NA"
"S3",16,FALSE,FALSE,FALSE,FALSE,4,0.715723107646747,0.715723107646747,0.100955921669961,0.366156239952932,-104.251316354003,0.995470038455498,4,745.516,"x4","troot(x4)*x4","x10*(x9*x4)",1,0.999999999836958,0.999999998440001
"S4",16,FALSE,FALSE,FALSE,FALSE,3,0.991909793402541,0.991909793402541,0.0509610737117102,0.144977163490908,-102.146901329513,0.999289832435724,3,745.337,"x4","p0(x4)*x4","x7*x4",0.999999999492207,0.999999999469132,0.999998686060231
"S5",16,FALSE,FALSE,TRUE,FALSE,1,0.453213450370635,-0.0935728909563669,0.0391518127065103,0.0595325027504317,-100.73060235727,0.999880251545429,2,693.143,"troot((x4*x9)*(x4*x9))","x2","NA",1,0.375683338101843,"NA"
"S6",16,FALSE,FALSE,FALSE,TRUE,1,0.502210167435913,0.00442141345149907,0.0453668334870011,0.0795757719931792,-94.3406692127019,0.999786044548314,2,752.683999999999,"troot(x4*(x4*x7))","x10","NA",1,0.218684379400586,"NA"
