"Experiment","Run","F1","F2","F3","F4","Count_FP","Correlation","Correlation_FP","MAE","LMP","R2","Count_P","Time","First","Second","Third","FirstM","SecondM","ThirdM"
"P1",22,FALSE,FALSE,FALSE,TRUE,1,0.996429109555188,0.992859297690051,0.0431057943342903,-94.3406692127019,0.999819641773108,2,NA,"troot(x4*(x4*x7))","x4","NA",0.986446394011046,0.171441103946079,"NA"
"P2",22,TRUE,FALSE,FALSE,FALSE,1,0.50221070672575,0.00442141345149907,0.0315128334088314,-94.5244319535552,0.999964361461506,2,NA,"troot(x4*(x4*x6))","x10","NA",0.946517045538308,0.144004310164703,"NA"
"P3",22,FALSE,FALSE,FALSE,TRUE,3,0.800487033167485,0.733983070416538,0.0432323059381158,-94.3406692127019,0.999818219700243,4,NA,"troot((x4*x7)*x4)","troot(x4*x4)","x4*x2",0.845965928203668,0.152661027899549,0.149374049314174
"P4",22,TRUE,FALSE,FALSE,TRUE,1,0.635475343487986,-0.0935728909563669,0.040187612368696,-94.3406692127019,0.999884088810609,3,NA,"troot(x4*(x7*x4))","troot((x4*x6)*x4)","x2",0.684814586798719,0.284928480739612,0.168103131784079
"P5",22,TRUE,FALSE,FALSE,FALSE,2,0.639125515186015,0.458688272779023,0.0320809634505363,-94.5244319535552,0.99995915420136,3,NA,"troot((x4*x4)*x6)","x6","x4",0.986541703344709,0.121978305369165,0.106101302832041
"P6",22,TRUE,FALSE,FALSE,FALSE,1,0.50221070672575,0.00442141345149907,0.0313865218987333,-94.5244319535552,0.999959695605331,2,NA,"troot((x4*x4)*x6)","x10","NA",0.999998496985844,0.287589376203951,"NA"
