"Experiment","Run","F1","F2","F3","F4","Count_FP","Correlation","Correlation_FP","MAE","LMP","R2","Count_P","Time","First","Second","Third","FirstM","SecondM","ThirdM"
"P1",22,FALSE,TRUE,FALSE,FALSE,3,0.527094163894973,0.369459002707736,0.0429633825444342,-101.110142936484,0.999772730210409,4,494,"troot(x4*(x9*x4))","x2*x4","x2",1,0.8361127863493,0.236480060450743
"P2",22,TRUE,FALSE,FALSE,FALSE,1,0.50221070672575,0.00442141345149907,0.0314001404403655,-94.5244319535552,0.999959078598576,2,557.29999999993,"troot(x4*(x6*x4))","x10","NA",1,0.304281100726431,"NA"
"P3",22,FALSE,FALSE,FALSE,FALSE,5,0.46638223299634,0.46638223299634,0.0552277198603974,-99.877214903911,0.999299361570826,5,525.580000000075,"troot(x4*x4)","x4*x3","x8*x4",1,0.565941651724835,0.434754630826107
"P4",22,FALSE,FALSE,FALSE,TRUE,2,0.63309510938467,0.449643203366842,0.0456164210461761,-94.3406692127019,0.999780131817221,3,556.25,"troot(x4*(x7*x4))","x2","x4",0.999999999999591,0.230619855584194,0.140174955755815
"P5",22,FALSE,FALSE,FALSE,FALSE,5,0.557482027171021,0.557482027171021,0.096367690934241,-99.5125191073178,0.996024176693298,5,519,"x4","x4*x10","troot(x4)*x4",1,1,1
"P6",22,TRUE,FALSE,FALSE,FALSE,1,0.50221070672575,0.00442141345149907,0.0313865334809312,-94.5244319535552,0.999959695550271,2,543.469999999972,"troot((x4*x4)*x6)","x10","NA",1,0.287589808124322,"NA"
