"Experiment","Run","F1","F2","F3","F4","Count_FP","Correlation","Correlation_FP","MAE","LMP","R2","Count_P","Time","First","Second","Third","FirstM","SecondM","ThirdM"
"P1",22,FALSE,FALSE,FALSE,TRUE,1,0.996429109555188,0.992859297690051,0.0439607487948356,-94.3406692127019,0.999799496678721,2,573.599999999977,"troot(x4*(x4*x7))","x4","NA",0.998773446588769,0.162020766905393,"NA"
"P2",22,TRUE,FALSE,FALSE,FALSE,0,1,NA,0.0322852249711425,-94.5244319535552,0.999962679059106,1,600.280000000028,"troot(x4*(x4*x6))","NA","NA",1,"NA","NA"
"P3",22,FALSE,FALSE,FALSE,TRUE,1,0.996429109555188,0.992859297690051,0.0442866831603793,-94.3406692127019,0.99980234845624,2,548.759999999893,"troot((x4*x7)*x4)","x4","NA",0.998807241988386,0.151087681281735,"NA"
"P4",22,TRUE,FALSE,FALSE,FALSE,1,0.462258623933997,-0.075482752132005,0.0314410611008808,-94.5244319535552,0.999963637226932,2,573.209999999963,"troot((x4*x6)*x4)","x6","NA",1,0.110841649908606,"NA"
"P5",22,FALSE,FALSE,FALSE,FALSE,3,0.651849820616128,0.651849820616128,0.086337551389467,-106.835194069395,0.998232376237355,3,528.979999999981,"troot(x4*x4)","x8*troot(x4)","x4",0.999999999999986,0.99999440170995,0.992563657374561
"P6",22,FALSE,FALSE,FALSE,FALSE,2,0.996429608404587,0.996429608404587,0.0649878967440784,-119.092680370253,0.998498569259997,2,595.409999999916,"troot(x4*troot(x6))*troot(x4*troot(x6))","x4","NA",1,0.512554824796849,"NA"
