"Experiment","Run","F1","F2","F3","F4","Count_FP","Correlation","Correlation_FP","MAE","LMP","R2","Count_P","Time","First","Second","Third","FirstM","SecondM","ThirdM"
"P1",22,FALSE,FALSE,FALSE,FALSE,4,0.715723221996778,0.715723221996778,0.0954079074458556,-99.5125191073178,0.995981229998834,4,593.940000000061,"troot(x4)*x4","x4","x10*x4",1,1,0.998694109379516
"P2",22,FALSE,FALSE,FALSE,FALSE,3,0.985488592981159,0.985488592981159,0.093075844901414,-99.5125191073178,0.996055393846766,3,603.080000000075,"x4","troot(x4)*x4","x10*x4",1,0.999999998413311,0.999978324014042
"P3",22,FALSE,FALSE,FALSE,FALSE,4,0.196837927328018,0.196837927328018,0.0379597564756495,-96.7669448270558,0.999875696787789,4,569.79999999993,"x2*x4","troot(x4*x4)","x7",1,0.999999937603361,0.138839516669088
"P4",22,FALSE,FALSE,FALSE,TRUE,1,0.45321301523198,-0.0935728909563669,0.0473736591629681,-94.3406692127019,0.999773217835375,2,603.75,"troot(x4*(x7*x4))","x2","NA",1,0.260325095135582,"NA"
"P5",22,FALSE,FALSE,FALSE,FALSE,4,0.740221798098744,0.740221798098744,0.0939243004451591,-99.5125191073178,0.996030858976701,4,567.879999999888,"x4","x4*x10","troot(x4)*x4",0.999999999999999,0.999919836768269,0.983800061082034
"P6",22,FALSE,FALSE,FALSE,FALSE,3,0.995235807512115,0.995235807512115,0.0677996834934435,-108.927929998909,0.998446679505179,3,611.389999999898,"troot((x4*x7)*(x4*x7))","x4","x4*x7",1,0.999789637374046,0.999748326606353
