"Experiment","Run","F1","F2","F3","F4","Count_FP","Correlation","Correlation_FP","MAE","LMP","R2","Count_P","Time","First","Second","Third","FirstM","SecondM","ThirdM"
"P1",22,FALSE,FALSE,FALSE,FALSE,5,0.563265670115133,0.563265670115133,0.0960220014804971,-99.5125191073178,0.996095052409589,5,618.369999999995,"x4","troot(x4)*x4","x4*x10",1,1,0.999971031984762
"P2",22,FALSE,FALSE,FALSE,FALSE,2,0.604544956779782,0.604544956779782,0.0389957958898644,-96.7669448270558,0.999877553249915,2,631.229999999981,"troot(x4*x4)","x2*x4","NA",1,0.999959625977761,"NA"
"P3",22,FALSE,FALSE,FALSE,FALSE,2,0.604544956779782,0.604544956779782,0.03901941833329,-96.7669448270558,0.999876058938612,2,585.140000000014,"x4*x2","troot(x4*x4)","NA",0.995823242043869,0.981630551418939,"NA"
"P4",22,FALSE,FALSE,FALSE,FALSE,3,0.381478412441251,0.381478412441251,0.0388139218791428,-96.7669448270558,0.999877827585679,3,613.800000000047,"troot(x4*x4)","x4*x2","x7",0.999999961389856,0.999551412298492,0.166475477962604
"P5",22,TRUE,FALSE,FALSE,FALSE,1,0.462258623933997,-0.075482752132005,0.0313865602176818,-94.5244319535552,0.999963694820064,2,611.25,"troot((x4*x4)*x6)","x6","NA",1,0.122233501395471,"NA"
"P6",22,FALSE,FALSE,FALSE,FALSE,3,0.633091322282658,0.633091322282658,0.0484457607388446,-108.393816998136,0.999767556567125,3,630.649999999907,"troot(x4)*troot(x4)","sin_deg(x9)*x4","x2",0.999999383726433,0.99999895722068,0.148177325440172
