"Experiment","Run","F1","F2","F3","F4","Count_FP","Correlation","Correlation_FP","MAE","LMP","R2","Count_P","Time","First","Second","Third","FirstM","SecondM","ThirdM"
"P1",7,FALSE,FALSE,FALSE,FALSE,9,0.341820131648645,0.341820131648645,NA,687.823807864946,NA,9,NA,"troot(x4*x4)","x9*troot(x4*x4)","x5",1,1,0.999999762350982
"P2",7,FALSE,FALSE,FALSE,FALSE,6,0.477904508460273,0.477904508460273,0.00154175339752274,678.263597506423,0.999999801520609,6,NA,"troot(x4*x4)","(troot(x4)*troot(x4))*x7","x9*(troot(x4)*troot(x4))",1,0.991635076829483,0.991635076829483
"P3",7,FALSE,FALSE,FALSE,FALSE,7,0.845892029203406,0.845892029203406,0.00377075681628611,639.764284914614,0.999996975643852,7,NA,"x4","x7*x4","x10*x4",1,1,1
"P4",7,TRUE,FALSE,FALSE,FALSE,5,0.639740251194438,0.567688301433325,0.00100371436237973,687.914827432202,0.999999871801786,6,NA,"troot(x4*(x4*x6))","x4","x9*x4",0.996332670448827,0.994494211523544,0.721448014740682
"P5",7,FALSE,FALSE,FALSE,FALSE,7,0.595246247221732,0.595246247221732,0.00238521331444174,645.61003084565,0.9999991764715,7,NA,"p3(p0(x4))","x7*p0(x4)","troot((x4*(p0(x4)*x9))*(x9*x4))",1,1,1
"P6",7,FALSE,FALSE,FALSE,FALSE,11,0.405191029167805,0.405191029167805,0.0215977679983244,633.991481907017,0.999444121339764,11,NA,"x4","p3(x7)","p3(x5)*(x4*x9)",1,0.999999935337019,0.999999935337019
