"Experiment","Run","F1","F2","F3","F4","Count_FP","Correlation","Correlation_FP","MAE","LMP","R2","Count_P","Time","First","Second","Third","FirstM","SecondM","ThirdM"
"P1",12,FALSE,FALSE,FALSE,FALSE,14,0.344039372110923,0.344039372110923,0.300140854547675,533.64878462235,0.85077010577343,14,403.445,"troot(sin_deg(x4*x7))","x4","troot(x4)*x4",1,1,1
"P2",12,FALSE,FALSE,FALSE,FALSE,7,0.405588164553157,0.405588164553157,0.00185045127454458,689.41039560493,0.999999555603301,7,385.761000000002,"x7*(x9*troot(x4*x4))","p3(x5)*x8","x7*troot(x4*x4)",1,1,1
"P3",12,FALSE,FALSE,FALSE,FALSE,12,0.391849219492339,0.391849219492339,1.67303265559095,348.747952998178,-3.92212033886778,12,389.686999999998,"x3","x4","troot(x4*x3)",1,1,1
"P4",12,FALSE,FALSE,FALSE,FALSE,3,0.645104453193886,0.645104453193886,0.00151130445790605,671.605384746979,0.999999815283106,3,515.514999999999,"troot(x4*x4)","(troot(x4*x4)*x6)*x6","x7",1,1,0.996347832497383
"P5",12,FALSE,FALSE,FALSE,FALSE,4,0.537075438630361,0.537075438630361,0.000913457828594667,683.955183587772,0.999999914929186,4,376.826000000001,"troot(x4*x4)*x6","troot(x4*x4)","x9",1,1,0.559083629654893
"P6",12,FALSE,FALSE,FALSE,FALSE,11,0.0497911334678235,0.0497911334678235,0.00292172679231485,567.377670690349,0.999999215746923,11,461.781000000003,"(((x4*x8)*x2)*x4)*(x4*x8)","(x4*x8)*(x4*x8)","troot(x4*x4)",1,1,1
