"Experiment","Run","Correlation","RMSE","MAE","LMP","R2","Count_P","Time","First","Second","Third","FirstM","SecondM","ThirdM"
"P1",14,0.894568118525619,4.50142221506733,2.85782337794108,-965.889422763684,0.800005083612668,10,NA,"x11","x5","x10",1.917686251665,1.39173623992681,1.38269957029071
"P2",14,0.852323594930389,6.08863373133268,3.24357973713385,-969.606268151917,0.634102741507596,13,NA,"x10","x6","x11",1.46721204823949,1.0200103990496,1.00835201367792
"P3",14,0.828864385438124,6.96378587045389,3.63408485644109,-966.388645605136,0.521358584880907,12,NA,"x10","x12","x7",1.32214248792264,1.27184981562291,1.14897898230705
"P4",14,0.811992269735716,6.92321084148036,3.70354302969351,-971.701828173666,0.526920016837898,11,NA,"x10","x12","x13",1.55409289808858,1.19795984814074,1.09374891396894
"P5",14,0.846191947588879,5.99284260100968,3.3125176087792,-977.396707978967,0.64552533607222,20,NA,"x12","x1","x8",1.62150727185472,1.57930102529987,1.23040090488497
"P6",14,0.826162864446549,6.76826753336178,3.46056516867668,-971.73102995424,0.547858375065383,15,NA,"x10","x1","x8",1.31499270611863,1.13782744486774,1.11056687616562
