"Experiment","Run","Correlation","MAE","RMSE","LMP","R2","Count_P","Time","First","Second","Third","FirstM","SecondM","ThirdM"
"S1",11,0.834590644281734,3.63827828038375,5.60532261900411,-3515.64749821121,0.689886491499712,11,3095.42,"x1","x2","x4",1,1,1
"S2",11,0.834590644281734,3.63827828038375,5.60532261900411,-3515.64749821121,0.689886491499712,11,3053.153,"x1","x2","x4",1,1,1
"S3",11,0.834590644281734,3.63827828038375,5.60532261900411,-3515.64749821121,0.689886491499712,11,3066.983,"x1","x2","x4",1,1,1
"S4",11,0.834590644281734,3.63827828038375,5.60532261900411,-3515.64749821121,0.689886491499712,11,3213.49,"x1","x2","x4",1,1,1
"S5",11,0.834590644281734,3.63827828038375,5.60532261900411,-3515.64749821121,0.689886491499712,11,3028.933,"x1","x2","x4",1,1,1
"S6",11,0.834590644281734,3.63827828038375,5.60532261900411,-3515.64749821121,0.689886491499712,11,3203.446,"x1","x2","x4",1,1,1
