"Experiment","Run","F1","F2","F3","F4","Count_FP","Correlation","Correlation_FP","MAE","RMSE","LMP","R2","Count_P","Time","First","Second","Third","FirstM","SecondM","ThirdM"
"S1",25,TRUE,FALSE,FALSE,FALSE,1,0.999999656085019,0.999999312170039,0.000808911310836585,0.001633526208566,679.64747254604,0.999999909840011,2,986.900999999954,"troot((x4*x4)*x6)","troot(x4)*troot(x4)","NA",1,0.999999817763522,"NA"
"S2",25,FALSE,FALSE,FALSE,FALSE,5,0.35935766291508,0.35935766291508,0.00186321532015565,0.00342912894517629,681.169720406,0.999999602690208,5,1023.52999999997,"x6*troot((x5+x4)*x4)","troot((x5+x4)*(x4*x9))","x7",1,1,0.999453506231268
"S3",25,FALSE,FALSE,FALSE,FALSE,3,0.714244417556577,0.714244417556577,0.0010243995156395,0.00162325974615805,669.686602198172,0.999999910969733,3,1038.97600000002,"troot(1+(x4*x4))*x6","troot((x4*x4))","x5",1,1,0.621205235226129
"S4",25,TRUE,FALSE,FALSE,FALSE,6,0.57188894227653,0.50053710178695,0.00144452948489243,0.00225175542354094,672.293607112737,0.999999828681576,7,1046.79500000004,"troot(1+(x4*(x4*x6)))","x4","x5",1,0.99750950164565,0.993738233297149
"S5",25,FALSE,FALSE,FALSE,FALSE,12,0.499667503384709,0.499667503384709,0.291603351722629,2.07757357660724,475.954362277423,0.854160736601703,12,1141.41899999999,"x4","sin_deg(troot(sin_deg(x4)*(x4*x9)))","(exp_dbl(sin_deg(x4))*(x4*x9))*x4",1,1,1
"S6",25,FALSE,FALSE,FALSE,FALSE,7,0.26914475987411,0.26914475987411,0.00363441113761522,0.0170094579827666,648.342927574359,0.999990224418847,7,1118.50799999997,"troot((x4*x7)*x4)*x9","((troot((x4*x7)*x4)*x9)*(troot(x7)*troot(x7)))*x9","x7",1,1,1
