"Experiment","Run","F1","F2","F3","F4","Count_FP","Correlation","Correlation_FP","MAE","RMSE","LMP","R2","Count_P","Time","First","Second","Third","FirstM","SecondM","ThirdM"
"S1",12,FALSE,FALSE,FALSE,TRUE,1,0.45321301523198,-0.0935728909563669,0.047039704189469,0.0812964786932433,-94.3406692127019,0.999776691576545,2,930.39300000004,"troot(x4*(x4*x7))","x2","NA",1,0.244863447345175,"NA"
"S2",12,FALSE,FALSE,FALSE,FALSE,4,0.583651328193003,0.583651328193003,0.0680291799897865,0.233958660870805,-99.877214903911,0.998150561519174,4,987.621999999974,"troot(x4*x4)","x4*x3","x4",0.999999999130815,0.962948690168909,0.175323166303487
"S3",12,FALSE,FALSE,FALSE,FALSE,2,0.604544956779782,0.604544956779782,0.0390328071015436,0.0612442596625737,-96.7669448270558,0.999873266212504,2,915.635999999999,"troot(x4*x4)","x4*x2","NA",1,1,"NA"
"S4",12,FALSE,FALSE,FALSE,FALSE,5,0.652988915199293,0.652988915199293,0.0648214673235067,0.202017712371481,-105.007113618834,0.998621075354987,5,1041.11100000003,"troot(x4)*troot(x4)","x3*x4","x4",1,0.773733482167859,0.342414482332296
"S5",12,FALSE,FALSE,FALSE,FALSE,3,0.371839007534399,0.371839007534399,0.0401647663725016,0.062690519584146,-96.7669448270559,0.999867209998896,3,882.068999999959,"x4*x2","troot(x4*x4)","x2",1,1,0.181673729300988
"S6",12,FALSE,FALSE,FALSE,FALSE,2,0.604544956779782,0.604544956779782,0.0388475745569943,0.0589542216991651,-101.896843541979,0.999882566648289,2,1089.033,"troot(x4)*troot(x4)","x4*x2","NA",1,0.981127833025804,"NA"
