"Experiment","Run","F1","F2","F3","F4","Count_FP","Correlation","Correlation_FP","MAE","RMSE","LMP","R2","Count_P","Time","First","Second","Third","FirstM","SecondM","ThirdM"
"S1",3,FALSE,FALSE,FALSE,FALSE,4,0.839629353948456,0.839629353948456,0.0632463681242414,0.193376732713134,-99.877214903911,0.998736515053066,4,986.699000000022,"troot(x4*x4)","x4*x3","x4",0.999999999945121,0.693841583645798,0.414496689575107
"S2",3,FALSE,FALSE,FALSE,FALSE,4,0.308165274131008,0.308165274131008,0.0698984130870727,0.251278750694731,-99.877214903911,0.997866595709251,4,1065.60999999999,"x3*x4","troot(x4*x4)","x6",1,1,0.179830905431941
"S3",3,FALSE,FALSE,FALSE,FALSE,3,0.377869053809186,0.377869053809186,0.0389376780959763,0.0601937160518056,-96.7669448270559,0.999877576738225,3,982.538,"troot(x4*x4)","x4*x2","x6",1,0.992477539941406,0.226472186756564
"S4",3,FALSE,FALSE,FALSE,FALSE,3,0.985488592981159,0.985488592981159,0.092859433533351,0.341440182487872,-99.5125191073178,0.996060955423279,3,1050.41399999999,"x4","troot(x4)*x4","x4*x10",1,1,0.999978558294682
"S5",3,FALSE,FALSE,FALSE,FALSE,4,0.83962946680359,0.83962946680359,0.0622266937023926,0.189471486619885,-99.877214903911,0.998787031950973,4,958.917000000016,"troot(x4*x4)","x4*x3","x4",1,0.713257270531322,0.398078716740297
"S6",3,FALSE,FALSE,FALSE,FALSE,4,0.568021232906383,0.568021232906383,0.0708883412572546,0.245193737905502,-105.007113618834,0.997968670457818,4,1049.63899999997,"troot(x4)*troot(x4)","x4*x3","x2",1,1,0.18281400790764
