"Experiment","Run","F1","F2","F3","F4","Count_FP","Correlation","Correlation_FP","MAE","RMSE","LMP","R2","Count_P","Time","First","Second","Third","FirstM","SecondM","ThirdM"
"S1",10,TRUE,FALSE,FALSE,FALSE,1,0.462258623933997,-0.075482752132005,0.0314443278714146,0.0328040119303302,-94.5244319535552,0.999963640696254,2,967.956000000006,"troot(x4*(x6*x4))","x6","NA",0.997807131996565,0.110568232672268,"NA"
"S2",10,FALSE,FALSE,FALSE,FALSE,3,0.788552607527299,0.788552607527299,0.0709071312698186,0.251715186174455,-99.877214903911,0.99785917843333,3,1105.255,"troot(x4*x4)","x4*x3","x4",1,0.998547877326272,0.143041800118412
"S3",10,FALSE,FALSE,FALSE,FALSE,2,0.604544956779782,0.604544956779782,0.0386102870188974,0.0587967913112135,-101.896843541979,0.999883192995075,2,1006.52900000004,"troot(x4)*troot(x4)","x4*x2","NA",0.999995026386622,0.982340821743431,"NA"
"S4",10,FALSE,FALSE,FALSE,FALSE,2,0.604544956779782,0.604544956779782,0.0389613506688896,0.0601830468767914,-96.7669448270558,0.99987762013277,2,1053.22899999999,"x4*x2","troot(x4*x4)","NA",0.999986227378024,0.999912786601199,"NA"
"S5",10,FALSE,FALSE,FALSE,FALSE,4,0.790268183929891,0.790268183929891,0.0563027676003314,0.144194525934118,-104.667556857871,0.999297479206873,4,983.085999999952,"x4*x4","x4","x2*x4",1,0.9999999999969,0.999999998755465
"S6",10,FALSE,TRUE,FALSE,FALSE,3,0.575250870408183,0.433667944725349,0.033351925298664,0.0374299306085319,-101.881380727833,0.999952663114564,4,1052.81299999997,"troot((x9*x4)*x4)","x3*x4","x4",1,0.756065466789619,0.225424700231244
