"Experiment","Run","F1","F2","F3","F4","Count_FP","Correlation","Correlation_FP","MAE","RMSE","LMP","R2","Count_P","Time","First","Second","Third","FirstM","SecondM","ThirdM"
"S1",25,FALSE,FALSE,FALSE,FALSE,6,0.695187372985286,0.695187372985286,0.0819431884956969,0.298310882278171,-99.5125191073178,0.996993232626941,6,2273.614,"x4","x4*troot(x4)","x10*x4",0.901038679143783,0.891785365183941,0.886698819529009
"S2",25,TRUE,FALSE,FALSE,TRUE,0,0.999999460710163,NA,0.0361699476519096,0.0440653912573313,-94.3406692127019,0.999934391985173,2,2195.21299999999,"troot(x4*(x4*x7))","troot(x4*(x4*x6))","NA",0.570674139367618,0.42932587042233,"NA"
"S3",25,FALSE,FALSE,FALSE,FALSE,5,0.572134272333022,0.572134272333022,0.150658559361851,0.783502246506137,-109.931563105035,0.979258406052101,5,2348.45799999998,"x4","x4*x4","(x8*x10)*x4",1,1,0.999660241437548
"S4",25,FALSE,FALSE,FALSE,FALSE,3,0.651563512936131,0.651563512936131,0.0366332932557855,0.0504728220782526,-100.723720798733,0.999913925043487,3,2250.09600000002,"x8*x4","troot(x4*x4)","x4",0.999999999345471,0.95356390872183,0.733332950916244
"S5",25,FALSE,FALSE,FALSE,FALSE,2,0.604544956779782,0.604544956779782,0.0390165675391702,0.0612277350879893,-96.7669448270558,0.999873334592444,2,2115.17599999998,"troot(x4*x4)","x4*x2","NA",0.999999999998123,0.999956985166167,"NA"
"S6",25,FALSE,FALSE,FALSE,FALSE,3,0.377869053809186,0.377869053809186,0.0367313735294113,0.0590502823585667,-96.7669448270559,0.999882183642107,3,2175.29800000001,"troot(x4*x4)","x2*x4","x6",1,0.996671803867392,0.225957364786619
