"Experiment","Run","F1","F2","F3","F4","Count_FP","Correlation","Correlation_FP","MAE","LMP","R2","Count_P","Time","First","Second","Third","FirstM","SecondM","ThirdM"
"P1",11,FALSE,FALSE,FALSE,TRUE,1,0.996429109555188,0.992859297690051,0.0442256607062367,-94.3406692127019,0.999800068760717,2,552.670000000042,"troot(x4*(x7*x4))","x4","NA",1,0.162444116404225,"NA"
"P2",11,FALSE,TRUE,FALSE,FALSE,3,0.643687189814517,0.524916370600461,0.0356748167294522,-101.110142936484,0.999944985034458,4,560.069999999949,"troot((x9*x4)*x4)","x4*x2","x4*x3",1,0.580912193831307,0.310890888320551
"P3",11,FALSE,FALSE,FALSE,FALSE,4,0.994644574715872,0.994644574715872,0.0451204348157455,-100.717970320674,0.999822259859202,4,497.400000000023,"troot(x4*x4)","x4","x7*x4",1,0.980300143517668,0.633341102095611
"P4",11,FALSE,FALSE,FALSE,FALSE,6,0.25140925554864,0.25140925554864,0.0366672217351073,-100.723720798733,0.999895456682495,6,563.319999999949,"x4*x8","troot(x4*x4)","x4",0.999999999965493,0.999935003144198,0.73600173266347
"P5",11,FALSE,FALSE,FALSE,FALSE,4,0.790268183929891,0.790268183929891,0.0562586077107707,-104.667556857871,0.999298843384083,4,517.630000000005,"x4","x4*x4","x4*troot(x4)",1,0.999999999999577,0.999996894382419
"P6",11,FALSE,FALSE,TRUE,FALSE,0,0.999999791697638,NA,0.0367306731854961,-100.73060235727,0.999895576193596,1,547.629999999888,"troot((x4*x9)*(x4*x9))","NA","NA",0.999999892096517,"NA","NA"
