"Experiment","Run","F1","F2","F3","F4","Count_FP","Correlation","Correlation_FP","MAE","LMP","R2","Count_P","Time","First","Second","Third","FirstM","SecondM","ThirdM"
"P1",11,FALSE,FALSE,FALSE,FALSE,2,0.604544956779782,0.604544956779782,0.0389565805200661,-96.7669448270558,0.999876962305443,2,630.689999999944,"troot(x4*x4)","x2*x4","NA",0.999999999997899,0.991896573702602,"NA"
"P2",11,TRUE,FALSE,FALSE,FALSE,0,1,NA,0.032117875551953,-94.5244319535552,0.999963213498662,1,626.229999999981,"troot(x4*(x4*x6))","NA","NA",1,"NA","NA"
"P3",11,FALSE,FALSE,FALSE,FALSE,4,0.465279378596396,0.465279378596396,0.0683610817761778,-113.779421105086,0.998037696847219,4,604.059999999939,"x4*x8","troot(x4*x6)*troot(x4*x6)","x4",1,1,0.999999716819351
"P4",11,FALSE,FALSE,FALSE,FALSE,6,0.68154627544928,0.68154627544928,0.0583204366507833,-104.667556857871,0.999208156025891,6,588.690000000061,"x4*troot(x4)","x4","x4*x4",1,0.999012903154497,0.998229507842351
"P5",11,FALSE,FALSE,FALSE,FALSE,3,0.371839007534399,0.371839007534399,0.0396111634005714,-96.7669448270558,0.999868650956233,3,608.699999999953,"troot(x4*x4)","x4*x2","x2",0.999999999999698,0.999999994121652,0.164342331529292
"P6",11,TRUE,FALSE,FALSE,FALSE,0,1,NA,0.0322862674809343,-94.5244319535552,0.999962673856781,1,627.709999999963,"troot(x4*(x4*x6))","NA","NA",1,"NA","NA"
