"Experiment","Run","F1","F2","F3","F4","Count_FP","Correlation","Correlation_FP","MAE","RMSE","LMP","R2","Count_P","Time","First","Second","Third","FirstM","SecondM","ThirdM"
"S1",14,FALSE,FALSE,FALSE,FALSE,3,0.371839007534399,0.371839007534399,0.0388449623729803,0.0534589653775526,-96.7669448270558,0.999903438782143,3,2233.68400000001,"troot(x4*x4)","x2*x4","x2",0.999999999999283,0.952281665963133,0.205012314216767
"S2",14,FALSE,FALSE,FALSE,TRUE,1,0.996429109555188,0.992859297690051,0.043939453723158,0.0765987418777175,-94.3406692127019,0.999801753782956,2,2356.20500000002,"troot((x7*x4)*x4)","x4","NA",1,0.161604347324513,"NA"
"S3",14,FALSE,FALSE,FALSE,FALSE,5,0.211056751963777,0.211056751963777,0.0396402147073653,0.0621291819297861,-96.7669448270558,0.999869577384221,5,2142.09899999999,"troot(x4*x4)","x4*x2","x2",1,0.999999999997716,0.187943082702713
"S4",14,FALSE,FALSE,FALSE,FALSE,3,0.371839007534399,0.371839007534399,0.0400736713560882,0.061755536858237,-96.7669448270559,0.999871141391008,3,2252.12300000002,"troot(x4*x4)","x2*x4","x2",0.999999999995976,0.976532406868808,0.18067089643969
"S5",14,FALSE,FALSE,FALSE,FALSE,3,0.404503775670354,0.404503775670354,0.0389503017581554,0.0614741531345935,-96.7669448270558,0.999872312981839,3,2220.679,"troot(x4*x4)","x4*x2","x10",1,1,0.187347174344929
"S6",14,FALSE,FALSE,FALSE,FALSE,3,0.284002128515961,0.284002128515961,0.038451404934442,0.0600004703482766,-96.7669448270558,0.999878361530908,3,2332.69099999999,"troot(x4*x4)","x4*x2","x3",1,1,0.106544491790714
