"Experiment","Run","Correlation","RMSE","MAE","LMP","R2","Count_P","Time","First","Second","Third","FirstM","SecondM","ThirdM"
"P1",24,0.895099764285703,4.50036150156412,2.76193472758346,-970.714709859505,0.800099325967316,16,NA,"x1","x9","x12",1.20793655149636,1.17297740242469,1.10079118629946
"P2",24,0.856177044524302,5.91430086665392,3.21365465540522,-962.283498855079,0.654755885035085,14,NA,"x10","x6","x13",1.70861035188152,1.51198916567253,1.50270702707351
"P3",24,0.897695912009032,4.4478540697407,2.87526731349666,-976.647772837865,0.804736748544872,15,NA,"x11","x6","x8",1.63728148182565,1.40338193576489,1.29434979749757
"P4",24,0.837600163415863,6.33982477830272,3.3971495616681,-966.810027857911,0.6032892522519,12,NA,"x8","x10","x11",1.99764306855663,1.61231573738637,1.33673319382879
"P5",24,0.885486908434963,4.69202354166629,3.06356272209143,-978.443700748198,0.78270995906656,13,NA,"x11","x1","x9",1.40983031040315,1.087714766913,1.04603024492745
"P6",24,0.844473344882242,6.18483410120677,3.37357477830215,-967.218920839473,0.622449050807349,14,NA,"x6","x1","x13",1.52385238849122,1.34705932473143,1.18765741870584
