"Experiment","Run","F1","F2","F3","F4","Count_FP","Correlation","Correlation_FP","MAE","LMP","R2","Count_P","Time","First","Second","Third","FirstM","SecondM","ThirdM"
"P1",22,TRUE,FALSE,FALSE,TRUE,0,0.999999460710163,NA,0.0315469533584329,-94.3406692127019,0.999963375609164,2,NA,"troot((x6*x4)*x4)","troot((x7*x4)*x4)",NA,0.784088049875588,0.215816022519841,NA
"P2",22,FALSE,FALSE,FALSE,FALSE,2,0.604544956779782,0.604544956779782,0.0373561499895659,-96.7669448270558,0.999903488209127,2,NA,"troot(x4*x4)","x2*x4",NA,0.979044717772606,0.97094149948388,NA
"P3",22,FALSE,FALSE,FALSE,FALSE,9,0.550305944404018,0.550305944404018,0.0324715944019721,-101.896843541979,0.999893055516804,9,NA,"troot(x4)*troot(x4)","x2*x4","x4",0.561182809444223,0.512547484944277,0.455630752663346
