"Experiment","Run","F1","F2","F3","F4","Count_FP","Correlation","Correlation_FP","MAE","RMSE","LMP","R2","Count_P","Time","First","Second","Third","FirstM","SecondM","ThirdM"
"S1",24,FALSE,FALSE,FALSE,TRUE,1,0.996429109555188,0.992859297690051,0.0446219664271413,0.0763174972809108,-94.3406692127019,0.999803206896102,2,912.895000000019,"troot((x7*x4)*x4)","x4","NA",1,0.161155450291993,"NA"
"S2",24,FALSE,FALSE,FALSE,FALSE,3,0.733983070416538,0.733983070416538,0.0389871537418935,0.0612884946240295,-96.7669448270558,0.999873083074075,3,970.60699999996,"troot(x4*x4)","x2*x4","x4",1,0.999948826260732,0.125660703231325
"S3",24,FALSE,FALSE,FALSE,FALSE,4,0.839629353948456,0.839629353948456,0.0714192226064517,0.252099730048395,-99.877214903911,0.997852632394844,4,922.515000000014,"troot(x4*x4)","x3*x4","x4",0.999999999999995,0.699034124622244,0.300450790925259
"S4",24,FALSE,FALSE,FALSE,TRUE,3,0.480449220107468,0.307265986336515,0.0426916056660899,0.0759899741277617,-94.3406692127019,0.999804892380941,4,1066.42999999999,"troot((x7*x4)*x4)","x10","x4",1,0.218862731254118,0.170974450228096
"S5",24,FALSE,FALSE,FALSE,FALSE,3,0.404503775670354,0.404503775670354,0.0389139633891446,0.0608671015551034,-101.896843541979,0.999874822325595,3,977.376999999979,"troot(x4)*troot(x4)","x4*x2","x10",1,0.999999457760123,0.212154245002738
"S6",24,FALSE,FALSE,FALSE,FALSE,4,0.986210544740625,0.986210544740625,0.063300225218367,0.176237014037688,-105.57087505312,0.998950564169959,4,1112.25599999999,"x4*x4","x6*x4","x4",0.999999999999997,0.999999999444453,0.999212738133438
