"Experiment","Run","F1","F2","F3","F4","Count_FP","Correlation","Correlation_FP","MAE","RMSE","LMP","R2","Count_P","Time","First","Second","Third","FirstM","SecondM","ThirdM"
"S1",13,FALSE,FALSE,FALSE,FALSE,2,0.996429304930045,0.996429304930045,0.120982329871021,0.629556015315094,-26.7809518466237,0.986608464045201,2,2511.741,"troot(x4*x4)","x4","NA",0.987584908001721,0.153669217197554,"NA"
"S2",13,FALSE,FALSE,FALSE,TRUE,0,0.999998921420326,NA,0.0184569157626482,0.0723340068696725,-20.678976752487,0.999823214483377,1,2532.648,"troot(x7*(x4*x4))","NA","NA",1,"NA","NA"
"S3",13,FALSE,FALSE,FALSE,FALSE,2,0.604544956779782,0.604544956779782,9.40909240562349e+290,Inf,-26.117789892361,-Inf,2,2466.214,"troot(x4*x4)","x2*x4","NA",0.999395645094086,0.660160616110966,"NA"
"S4",13,FALSE,TRUE,FALSE,FALSE,0,0.999999647456683,NA,0.0607261068876018,0.303734498687795,-22.889285690445,0.996882906129524,1,2486.784,"troot(x9*(x4*x4))","NA","NA",0.999905037318121,"NA","NA"
"S5",13,FALSE,FALSE,FALSE,FALSE,1,0.99999974420151,0.99999974420151,0.0764311104717651,0.379234224813622,-24.0166299391974,0.995140666742118,1,2497.756,"troot(x4*x4)*x9","NA","NA",1,"NA","NA"
"S6",13,FALSE,FALSE,FALSE,FALSE,2,0.982068314829844,0.982068314829844,0.161137279097676,0.254987489534419,-28.2364995747419,0.997803155171405,2,2626.596,"x4","x9*troot(x4)","NA",0.999999999999999,0.999433254749202,"NA"
