"Experiment","Run","Correlation","MAE","RMSE","Time","FirstFeature","SecondFeature","ThirdFeature","FourthFeature","FifthFeature"
"S1",17,0.884733067314666,3.00501422342222,4.69804784891651,1811.396,"x11*x6","x5*(x11*p0(x13))","x11","x6*x5","x8"
"S2",17,0.814806494763276,3.65252827334155,6.92802265262429,1811.327,"x6*x9","exp_dbl(x13)*x1","x11","x1","p3(x6)"
"S3",17,0.827980192946659,3.52061534827052,6.6927707211726,1998.621,"x5*(x11*(x6*x6))","x1*sigmoid(x13)","x6*(x6*x6)","x5","x11"
"S4",17,0.806177376439764,3.78585863262445,7.21121143212451,1765.244,"x13","(x5*(x6*x11))*x6","x1","x1*sigmoid(x13)","x6"
"S5",17,0.840817376366864,3.44890520162031,5.72282572905814,1442.303,"x6","x9*sigmoid(x13)","x9*x13","(x9*x6)*x11","x10"
"S6",17,0.890320760026848,2.88770321208981,4.5890491007736,1520.161,"x6*x9","p0(p0(x13))*x9","x11","x1","x10"
