"Experiment","Run","Correlation","MAE","RMSE","Time","FirstFeature","SecondFeature","ThirdFeature","FourthFeature","FifthFeature"
"S1",10,0.753470060641285,4.14076020596896,9.62886628546394,1855.638,"x11*x6","x13","exp_dbl(x13*x8)","x1","(x11*x13)*x6"
"S2",10,0.879977303640929,3.14533860938189,4.79252736355148,1828.323,"x9*p0(x13*x6)","x9","x11*x6","x8","x11"
"S3",10,0.894164531489623,2.8004857994677,4.51214429602753,1710.869,"p0(x13*(x6*x11))*x10","p3(x6)","p3(x6)*x10","x9","x13"
"S4",10,0.864983683723592,3.06970830368089,5.19227513008216,1622.734,"x9*exp_dbl(x13)","x13*x10","x6","x10","x10*x6"
"S5",10,0.886131987401082,2.89324300231583,4.67525539833052,1724.016,"p0(p0(x13))*x10","(p3(x6)*x11)*x10","p3(x6)","x8","x9"
"S6",10,0.893407019809837,2.90222238448808,4.52263996015263,1501.853,"x9*p0(x6*p0(x13))","x11","x9","p3(x6)","p3(x6)*(x10*p3(x6))"
