"Experiment","Run","Correlation","MAE","RMSE","Time","FirstFeature","SecondFeature","ThirdFeature","FourthFeature","FifthFeature"
"S1",21,0.724598919299156,4.36854741012005,10.7700110345724,1919.884,"x13*x6","x1","x6*x11","x11","x8"
"S2",21,0.775643487332991,4.09055042510404,8.48418800367164,1661.453,"x13","x11","x1","x10*x6","(x1*x6)*exp_dbl(x13)"
"S3",21,0.773291018649965,3.90955647352714,8.75540965435838,1673.86,"x6*x10","p3(sigmoid(x13*x8))","p3(x6)","x1","x8"
"S4",21,0.842858087902425,3.44303289536872,5.86483740127944,1641.392,"x1*sigmoid(x5*x13)","x11*x6","x11","x5*x6","x8"
"S5",21,0.891941851003416,2.88476942408194,4.55929542041027,1580.354,"(x6*x6)*x9","troot(x13*x9)","p0(x9)","x11","x13"
"S6",21,0.794904155887512,3.85114653774037,7.6725164151264,1507.766,"x1","x8","x10","x1*p3(sigmoid(x13))","x6*x10"
