"Experiment","Run","Correlation","MAE","RMSE","Time","FirstFeature","SecondFeature","ThirdFeature","FourthFeature","FifthFeature"
"S1",30,0.879199409596893,2.99343145781619,4.81104090388656,1721.188,"x6*x10","p0(x13)*x10","x6*x6","x10","x9"
"S2",30,0.894303777848885,2.84618141807331,4.51260621514619,1879.665,"p0(x13)*x9","x6*x9","x1","x6*(x9*x6)","x10"
"S3",30,0.878569867054034,2.82910745855475,4.84561314170136,1883.278,"x9*x13","x9*(sigmoid(x13)*x13)","x11","x6*x9","x7"
"S4",30,0.906305540042478,3.03543224945992,4.25433353757007,1756.397,"x1","sigmoid(troot(x13)*x8)","x11","x13","x6*x6"
"S5",30,0.843248925191818,3.12800575089484,5.63282462683696,1558.209,"x6*x13","p3(exp_dbl(exp_dbl(x13)*x1))*x1","p3(x6)","x11","x6*(x10*p3(x6*x6))"
"S6",30,0.893313759615647,2.86026066848865,4.53740385064689,1458.648,"p3(x6)","p3(p3(x6))*x9","x9*exp_dbl(p0(x13))","x5","x1"
