"Experiment","Run","Correlation","MAE","RMSE","Time","FirstFeature","SecondFeature","ThirdFeature","FourthFeature","FifthFeature"
"S1",11,0.871684655773259,3.08228218738584,4.94684562043935,1874.53,"x6*x6","x10","x10*p0(x13)","(x6*x6)*x10","x9"
"S2",11,0.899107171005945,2.79242373698093,4.411391813226,1961.193,"p0(x13)*x9","x6","p0(x6)","x6*(x6*x9)","x6*x9"
"S3",11,0.832940781489242,3.55528049227227,6.21373317553901,1751.478,"x13","x6","sigmoid(sigmoid(x13)*x13)*x1","x11*x5","x8"
"S4",11,0.86582490145774,3.15348781275231,5.27003106324637,1834.852,"sigmoid(x13)*x9","x9*x6","x11","x6","troot(x6)"
"S5",11,0.81845969260721,3.66591923332716,6.83181700248216,1369.762,"x1*sigmoid(x13)","p0(x13)","(x5*x10)*x6","x5*x10","x9"
"S6",11,0.894718763005061,2.85212813800703,4.49940354119274,1483.475,"x6","x10","p0(x13)*x10","x9","x6*x10"
