"Experiment","Run","Correlation","MAE","RMSE","Time","FirstFeature","SecondFeature","ThirdFeature","FourthFeature","FifthFeature"
"S1",22,0.86750801895093,3.17772199410079,5.03359566302921,1724.765,"x11*p0(x13)","x6*x6","x11","x11*x6","x1"
"S2",22,0.863878545513734,3.17547520156363,5.30535561138179,1869.191,"x6","x9*x6","x9*sigmoid(x13)","x9*x13","x12"
"S3",22,0.876652326229698,2.90234048270135,5.02863967497125,1725.885,"x10*x6","x6","x10","x9*exp_dbl(x13)","x1"
"S4",22,0.807229138660288,3.78685919096365,7.37469717485779,1628.429,"x1*exp_dbl(x13)","p3(x6)*x10","p3(x6)","x13","x11"
"S5",22,0.865401010131105,3.16137170226174,5.04719942601849,1554.158,"x6*x11","x6*x6","p0(x13)","x1","x13*x8"
"S6",22,0.884943867274958,3.02452793905193,4.69444198974179,1591.966,"x11","x6*x9","x9","x6*x6","x1"
