"Experiment","Run","Correlation","MAE","RMSE","Time","FirstFeature","SecondFeature","ThirdFeature","FourthFeature","FifthFeature"
"S1",16,0.881099402554873,3.0403017761642,4.76118275342453,1653.964,"x8*x11","x13*x11","x13","x5","p0(x13)"
"S2",16,0.801904161210048,3.66528393208704,7.89611777274421,1888.522,"x6","sigmoid(x13*x8)*x11","x6*x13","x10*x6","x1"
"S3",16,0.818422205492568,3.50693466889926,6.8518341526465,1790.776,"x1*sigmoid(x13)","x1","x13","x11","x10"
"S4",16,0.894297705963429,2.869538960893,4.52324041159141,1650.961,"x9*p3(x6)","x9*p0(x13)","x9","p3(x6)","x8"
"S5",16,0.83728700714231,3.48025845005241,5.95062259772441,1263.505,"x9","x11","x9*x6","(x9*x6)*exp_dbl(x13)","x1"
"S6",16,0.882131807691974,3.09665920124286,4.7561951871115,1519.295,"x6","x11","x9*x6","x9*p0(x6*x13)","x10"
