"Experiment","Run","Correlation","MAE","RMSE","Time","FirstFeature","SecondFeature","ThirdFeature","FourthFeature","FifthFeature"
"S1",2,0.812288072460538,3.74749947144827,6.80619589881361,1833.944,"x1*exp_dbl(x13)","x6","x6*(x13*x11)","x6*x11","x5"
"S2",2,0.801292614318535,3.80837389967656,7.2512096810063,1940.432,"x6*x6","sigmoid(x13)*x1","x6*x11","x13","x10*x6"
"S3",2,0.899023808407708,2.87927227063026,4.43170675541747,2003.169,"p3(x6)*x10","p3(x6)","x10*x11","x11","troot(x13)*x10"
"S4",2,0.842032471075632,3.35191138930263,6.11648704646554,1733.957,"x6*x9","x9*x13","x1","x8","exp_dbl(x13)*x1"
"S5",2,0.785863024523931,3.73883764049578,7.865638660133,1721.271,"(exp_dbl(x13)*x7)*x10","x10","x6*x6","x10*x6","x11"
"S6",2,0.861716162180816,3.13934521473914,5.32471568745401,1471.413,"exp_dbl(x13)*x9","x11","(x6*x6)*x6","x1","x12"
