"Experiment","Run","Correlation","MAE","RMSE","Time","FirstFeature","SecondFeature","ThirdFeature","FourthFeature","FifthFeature"
"S1",4,0.883283988744622,3.01674602428145,4.73445372288682,1728.774,"x9*x13","troot(x6)","(x9*x13)*(x9*x13)","x11","x6*(x6*x9)"
"S2",4,0.826127283339779,3.52405167732171,7.11291809245448,1949.105,"x6*x10","x6","x1*sigmoid(x13)","x9","x11"
"S3",4,0.899873200733123,2.71762505914552,4.39344800160065,1846.169,"p0(x13)*x10","x10","p3(x6)*x10","x9","x5"
"S4",4,0.897843559523858,2.70524341802135,4.43661314148194,1889.67,"p3(x6)","p0(x13)*x10","(x10*p3(x6))*x11","x10","x9"
"S5",4,0.860692383554402,3.17795807074633,5.34792623831571,1639.556,"x6*x9","x9","exp_dbl(x13)*x9","x10*x13","x6"
"S6",4,0.831798243568641,3.47845008372749,6.23950048477374,1433.363,"x6","x10","x11","x11*x6","x9"
