"Experiment","Run","Correlation","MAE","RMSE","Time","FirstFeature","SecondFeature","ThirdFeature","FourthFeature","FifthFeature"
"S1",19,0.881333110909508,3.1207852280844,4.76040021967816,1595.838,"x13","x11","troot(x13)","x6*x9","x8"
"S2",19,0.836203725978478,3.40523702706901,6.1727438932298,1957.878,"exp_dbl(x13)*x1","x9","(x6*x9)*x6","x1","x11"
"S3",19,0.819152908434581,3.67621735833537,6.68607488496164,1666.744,"exp_dbl(x13)*x1","troot(x6)","x11","x1","x13"
"S4",19,0.901245462931524,2.74715564560289,4.36911548518106,1725.362,"x9*p0(x13)","troot(x6)","x6","x9*(x6*x6)","x1"
"S5",19,0.892070349441466,2.8193716802319,4.55250684383855,1804.947,"p3(x6)*x9","p3(x6)","x9","x13*x9","x8"
"S6",19,0.81866123641253,3.70590348395109,7.10219550706596,1521.796,"x6*x9","x6","x11","x1*sigmoid(x13)","x7"
