"Experiment","Run","Correlation","MAE","RMSE","Time","FirstFeature","SecondFeature","ThirdFeature","FourthFeature","FifthFeature"
"S1",15,0.580087599476075,6.44137002177302,25.190020877441,1731.319,"x13","p0(x6)","(x11*x6)*x6","x6*p3(x1*exp_dbl(x13))","x12"
"S2",15,0.812485919278974,3.69039632055558,7.61468492558187,1860.012,"sigmoid(x13)","x9","x7","exp_dbl(x6)","x12"
"S3",15,0.887971984521994,2.89523949933891,4.64577688691147,1463.278,"(p0(x13)*x6)*x9","x9","x1","x8","x5"
"S4",15,0.894878896526788,2.86086812373622,4.4960319575355,1907.803,"x6*x10","p0(x13)*x10","x9","x6","x11"
"S5",15,0.701991239088961,4.46131016671091,12.181415657082,1916.443,"x3*x6","x6","x3","(x3*x6)*x13","x11"
"S6",15,0.837798631989797,3.4833579944797,5.72977611568604,1417.528,"x6","p3(x11*(x6*x6))","p0(x6)","exp_dbl(x13)*x9","x13"
