"Experiment","Run","Correlation","MAE","RMSE","Time","FirstFeature","SecondFeature","ThirdFeature","FourthFeature","FifthFeature"
"S1",9,0.806740503664795,3.76702442822689,7.02842570181373,1698.899,"x1*exp_dbl(x13)","x10*troot(x6)","x10","x6","x1"
"S2",9,0.886226053034482,2.93730220150722,4.67193350978736,1753.306,"p3(x6)","x6*x9","x9","x9*x13","troot(x13)"
"S3",9,0.890015981118125,2.93540919846787,4.60873419855292,1762.775,"p3(x6)","x8","p0(x13)*x9","x9*(x6*x6)","x12"
"S4",9,0.811946819266293,3.68128298632777,7.04416313784339,1802.169,"x1","x1*sigmoid(x13)","x11","x5*x6","x6"
"S5",9,0.788395421886597,4.00005729296761,8.11908075468211,1647.023,"x9","x10*x13","p0(x6)*x9","x11","x1"
"S6",9,0.881823825034071,2.75430098809448,4.77447428692661,1531.33,"x11","x9*p3(x6)","p3(x6)","x9*x13","x1"
