"Experiment","Run","Correlation","MAE","RMSE","Time","FirstFeature","SecondFeature","ThirdFeature","FourthFeature","FifthFeature"
"S1",26,0.878388989673564,2.93242353072394,4.94087226214499,1783.917,"p3(x6)*x9","x11","exp_dbl(x13)*x9","x5","x9*x13"
"S2",26,0.889531059951761,2.94262280618978,4.60216551794486,1641.141,"x10*x6","x10*p0(x13)","x6","x11","x13"
"S3",26,0.799023101155214,3.77755853862102,6.97531009550028,1461.344,"x13","x1*x12","x12*(exp_dbl(exp_dbl(x13))*x1)","x6*x11","x12"
"S4",26,0.868281399526682,2.93659775216091,5.03083958997088,1769.208,"x13*x9","p3(x6)","(x13*x9)*sigmoid(x13)","x6*x9","x11"
"S5",26,0.865340943453109,3.08638473340632,5.27197163769893,1622.815,"p3(x6)*x9","x9","x9*sigmoid(x13)","p3(x6)","x13*x9"
"S6",26,0.897264343904791,2.82968727500674,4.45519246170591,1581.333,"p3(x6)","p3(x6)*x9","troot(p0(x13))*x9","p3(x11)","x8"
