"Experiment","Run","Correlation","MAE","RMSE","Time","FirstFeature","SecondFeature","ThirdFeature","FourthFeature","FifthFeature"
"S1",6,0.824824464887747,3.54286116313756,6.74127528075063,1864.004,"x6*x10","x1*sigmoid(x13)","x1","x11","x9"
"S2",6,0.861665609101019,3.19069341978123,5.58936131065493,1913.77,"x10*x6","x10","x1*(x5*(exp_dbl(x13)*x11))","x13*x6","x10*x13"
"S3",6,0.83905898479769,3.35777364867494,6.34114445005072,1968.054,"sigmoid(x13)*x1","x9","p3(x6)","x9*x13","(x6*x9)*x11"
"S4",6,0.824076233853664,3.50022435899158,6.7386844054743,1765.893,"x10*x6","x6*x6","x1*sigmoid(x13)","x11","x5"
"S5",6,0.818762076477795,3.6100624849195,7.01316244758432,1452.226,"(x5*p3(x6))*x11","x13","sigmoid(x13)*x1","x1","x12"
"S6",6,0.87492317064724,2.94593702928693,4.97924060903574,1561.245,"x9*x6","exp_dbl(exp_dbl(x13)*x9)","x5*(x9*x13)","x11","x8"
