"Experiment","Run","Correlation","MAE","RMSE","Time","FirstFeature","SecondFeature","ThirdFeature","FourthFeature","FifthFeature"
"S1",1,0.891913386778856,2.88244651037036,4.56759199951057,1733.362,"x10*x6","troot(x13)*x10","x13","x11","x8"
"S2",1,0.880952757485607,3.0508251627382,4.8596498475869,2175.454,"x9*x6","p0(x13)*x9","x1","x6","x5"
"S3",1,0.859208841324946,3.18586579659063,5.54136347071495,1916.747,"x9*x6","x11","x1","p0(x13)*x9","x8"
"S4",1,0.877574232960659,3.07256143704283,4.97680506353419,1678.669,"x9*x6","p0(x13)*x9","x9","x8","x6"
"S5",1,0.855491535189684,3.25790622418054,5.49222892410537,1448.307,"(x6*x11)*x9","x10*x13","p3(x6)","sigmoid(x13)*x9","x1"
"S6",1,0.894858972791748,2.7868537995065,4.49657489870642,1666.912,"x11","p3(x6)","x8","x9","x10*p0(x13)"
