"Experiment","Run","Correlation","MAE","RMSE","Time","FirstFeature","SecondFeature","ThirdFeature","FourthFeature","FifthFeature"
"S1",27,0.724401424462887,4.37027980471593,10.7800959381841,1769.796,"sigmoid(x8*x13)","x6*x13","x13","x11*x6","x1"
"S2",27,0.818880014007974,3.60055130299507,6.98899040293172,1742.061,"x1","x6*x10","x6*x6","sigmoid(x13)*x1","x11"
"S3",27,0.839141713146786,3.33032072358737,6.29074718958645,1813.615,"x6*x10","x13*x10","sigmoid(x13)*x10","p3(x6)","x9"
"S4",27,0.758302754776263,4.09885619528933,9.26980456053946,1739.927,"x13","x6*x10","sigmoid(x8*x13)","x10","x11"
"S5",27,0.887759652909299,2.86965316265893,4.64563024303133,1220.441,"x9","x12*p3(x6)","((x12*p3(x6))*x11)*x9","x11","x1"
"S6",27,0.898496284939584,2.85697465474954,4.41916939244057,1642.439,"(x9*x6)*(p0(x13)*x11)","p3(x6)","x9*p3(x6)","x9*x6","x7"
