"Experiment","Run","Correlation","MAE","RMSE","Time","FirstFeature","SecondFeature","ThirdFeature","FourthFeature","FifthFeature"
"S1",7,0.895549571208987,2.82257376479812,4.48973643785078,1928.628,"p0(x13)*(x9*x6)","x9*x6","x10","x1","x6*(x9*x6)"
"S2",7,0.814329433796338,3.6870167539834,7.56061359744048,1834.472,"x9","x10","x6*x10","x1","sigmoid(x13)*x1"
"S3",7,0.808614271572743,3.73092115840962,7.13071127636835,1541.675,"x10*p3(x6)","x13","p3(x6)","x1","sigmoid(x13)*x1"
"S4",7,0.82863673854874,3.46206916227873,6.52326294701822,1844.35,"x11","(exp_dbl(x13)*x5)*x1","p3(x6)","x10*p3(x6)","x7"
"S5",7,0.877425686948232,3.01099697930371,4.85287591767001,1542.096,"x10","(troot(x6)*troot(x13))*x10","x6","x10*x6","troot(x11)"
"S6",7,0.769991195272858,4.02297262528689,8.3447978826797,1415.154,"x1","sigmoid(x13)*x1","(x6*x6)*x10","x10","x11"
