"Experiment","Run","Correlation","MAE","RMSE","Time","FirstFeature","SecondFeature","ThirdFeature","FourthFeature","FifthFeature"
"S1",29,0.898253389025708,2.70694355074991,4.42633384929056,1935.897,"troot(troot(x13))*x10","troot(x6)","x10*x6","x11","x1"
"S2",29,0.829151317823154,3.54692716354435,6.48136665899349,1812.459,"x1*exp_dbl(x13)","troot(x6)","x13","x1","x12"
"S3",29,0.786381229711378,4.05141394634847,8.20452448892521,1696.876,"x5*x13","x6*x11","x1","sigmoid(x13)","x1*sigmoid(x13)"
"S4",29,0.885475880974806,2.970065229606,4.68569757017216,1889.503,"x9","p3(x6)","x9*troot(sigmoid(troot(x13)))","p3(x6)*x9","x1"
"S5",29,0.896283281673964,2.74715525120281,4.47075026347788,1641.629,"x10","p3(x6)","p3(x6)*x10","(troot(x6)*x10)*p0(x13)","x8"
"S6",29,0.811389585717907,3.55476527080898,7.3906416454989,1576.029,"x13*(x9*x6)","x12*((x10*exp_dbl(x13))*x7)","x9*(x6*x6)","x11","x7"
