"Experiment","Run","Correlation","MAE","RMSE","Time","FirstFeature","SecondFeature","ThirdFeature","FourthFeature","FifthFeature"
"S1",20,0.8949011205932,2.85682440562579,4.49561615078601,1897.161,"x10*p0(x13)","x10*x6","x6","x10","x9"
"S2",20,0.88178235135307,3.05566792528258,4.75117668567996,1850.935,"x6*x10","x10","x10*p0(x13)","x13","x1"
"S3",20,0.783700720465213,3.87868523001136,8.06400081714274,1755.698,"x10","x10*sigmoid(x8*x13)","x11","x1","x6*x10"
"S4",20,0.851350958964374,3.2602439667217,5.50966729530349,1511.37,"x1","exp_dbl(x13)*x9","x13","x6*x9","x9"
"S5",20,0.749216944180273,4.36763854768685,8.75709221636209,1427.519,"x1","(x6*x6)*x10","x1*sigmoid(x13)","x6*x6","x7"
"S6",20,0.830072048998234,3.40024363504984,6.58115383155057,1608.201,"p3(x6)","x11","x11*x10","x10*p3(x6)","(exp_dbl(x13)*x1)*x8"
