"Experiment","Run","Correlation","MAE","RMSE","Time","FirstFeature","SecondFeature","ThirdFeature","FourthFeature","FifthFeature"
"S1",5,0.821629532393433,3.60728293575497,6.92186791649077,2022.56,"sigmoid(x13)*x1","p0(x6)","(x6*x5)*(x6*x11)","x5","x9"
"S2",5,0.890218693611629,2.91022148791689,4.58931152549071,1698.449,"x10*x6","p0(x13)*x10","x10","x6","x11"
"S3",5,0.8214907092254,3.55349158585293,7.1549631032009,1954.002,"x10*x6","x6*x6","x1","x1*sigmoid(x13)","x13*x10"
"S4",5,0.858608042755084,3.18688374257798,5.4310695669112,1788.718,"x9*sigmoid(x13)","x6*x10","x10","x12","x9"
"S5",5,0.87236592119565,3.01482937668811,5.10516598548991,1662.01,"exp_dbl(x13)*x9","x6","x10","x10*x6","x1"
"S6",5,0.855629656688384,3.24905408959241,5.75171229578299,1548.655,"x5","(x5*x6)*(x11*p3(x6))","exp_dbl(x8*p0(x13))","p3(x6)","x1"
