"Experiment","Run","Correlation","MAE","RMSE","Time","FirstFeature","SecondFeature","ThirdFeature","FourthFeature","FifthFeature"
"S1",28,0.885974669619156,2.96045583311502,4.75410474897234,1973.501,"x6","x10*x6","troot(x13)*x10","x11","x13"
"S2",28,0.899104631329103,2.67344782151327,4.40640664451099,1911.501,"x10*(exp_dbl(troot(x13))*x10)","x11","x10*x6","x6","x1"
"S3",28,0.812436306124903,3.70628789694419,6.86152394729542,1783.251,"x10","x10*x6","x6*x6","x1*exp_dbl(x13)","x11"
"S4",28,0.830437633477823,3.48786788998829,6.43735331183607,1684.526,"x10","x10*x6","x1*sigmoid(1+x13)","x1","x13"
"S5",28,0.881379338841294,2.77029815319374,4.78562402130502,2067.646,"x9*x13","p3(x6)","p3(x6)*x9","sigmoid(x13)*(x9*x13)","x9"
"S6",28,0.803681104828836,3.73334748811948,7.24655452239733,1531.712,"x8","x1","x1*sigmoid(x13)","x13","troot(x6)"
