"Experiment","Run","Correlation","MAE","RMSE","LMP","R2","Count_P","Time","First","Second","Third","FirstM","SecondM","ThirdM"
"S1",19,0.842840884713422,3.30791633871123,6.14497045268316,-963.660382026796,0.627300290066904,21,5282.726,"x1*exp_dbl(x13)","x10","x1",1,1,0.99999999358723
"S2",19,0.838985192702456,3.48072528421286,6.35763465774607,-966.107230175706,0.601057236421002,17,5649.286,"exp_dbl(x13)*x1","x10","x1",1,0.999999999999998,0.999999995977266
"S3",19,0.876502901756987,2.96546736854818,5.03953392736431,-972.965037086161,0.749331245330736,19,5982.81,"x11","x8","x6*x10",0.99999721557969,0.999995335908593,0.999988248658071
"S4",19,0.901245462931524,2.74715564560289,4.36911548518106,-969.548744076033,0.81158889128566,18,4283.412,"x9*p0(x13)","troot(x6)","x6",1,1,1
"S5",19,0.862225124940114,3.15071401550641,5.46735804358236,-973.329670716695,0.704964355458966,17,4062.679,"x9","x9*(x6*x6)","x6*x6",1,1,1
"S6",19,0.901630062511238,2.66938499383133,4.35624893941967,-976.952298428385,0.812696955681872,16,3724.731,"troot(p0(x13))*(x6*x9)","x7","x1",1,0.999999999999988,0.999999999999979
