"Experiment","Run","F1","F2","F3","F4","Count_FP","Correlation","Correlation_FP","MAE","RMSE","LMP","R2","Count_P","Time","First","Second","Third","FirstM","SecondM","ThirdM"
"S1",9,TRUE,FALSE,FALSE,FALSE,2,0.665760237047183,0.498640355570775,0.0310744815714956,0.0345690799899837,-94.5244319535552,0.999959622699601,3,955.146999999997,"troot(x4*(x6*x4))","x10","x4",0.997929346719258,0.306956296982176,0.119086127636254
"S2",9,TRUE,FALSE,FALSE,FALSE,1,0.50221070672575,0.00442141345149907,0.0313471943089814,0.034030397238425,-94.5244319535552,0.999960871277122,2,1113.00599999999,"troot((x4*x4)*x6)","x10","NA",1,0.265697679820926,"NA"
"S3",9,FALSE,FALSE,FALSE,FALSE,3,0.381478412441251,0.381478412441251,0.0387906948628203,0.0598920700377675,-101.896843541979,0.999878800652027,3,911.715000000026,"troot((x4*x4))","x2*x4","x7",1,1,0.153712550811021
"S4",9,FALSE,FALSE,FALSE,FALSE,2,0.604544956779782,0.604544956779782,0.0376447880367776,0.0524016732164097,-96.7669448270558,0.999907220517707,2,1019.37700000004,"troot(x4*x4)","x2*x4","NA",1,0.960719520142456,"NA"
"S5",9,FALSE,FALSE,FALSE,FALSE,2,0.604544956779782,0.604544956779782,0.0390371049861549,0.0601685314586144,-96.7669448270558,0.999877679158719,2,987.296000000031,"x2*x4","troot(x4*x4)","NA",1,0.999999987377922,"NA"
"S6",9,FALSE,FALSE,FALSE,FALSE,4,0.720245756702868,0.720245756702868,0.0931464607614235,0.339683798904761,-99.5125191073178,0.99610137643471,4,1033.68000000005,"x4","troot(x4)*x4","x10*x4",1,1,0.999999999999994
