"Experiment","Run","F1","F2","F3","F4","Count_FP","Correlation","Correlation_FP","MAE","RMSE","LMP","R2","Count_P","Time","First","Second","Third","FirstM","SecondM","ThirdM"
"S1",17,TRUE,FALSE,FALSE,FALSE,3,0.782114114595216,0.709485486126955,0.000898463889053124,0.00185344964710634,687.881431327976,0.999999883929135,4,752.488,"troot((x4*x6)*x4)","x4","x4*x7",1,0.999999999143242,0.999999843430581
"S2",17,FALSE,FALSE,FALSE,FALSE,6,0.500393558661944,0.500393558661944,0.00156081030676494,0.00226468506532307,689.494449317167,0.999999826708497,6,866.67,"troot(x4*x4)","troot(x4*x4)*x9","(x6*x7)*troot(x4*x4)",1,1,0.999999999998173
"S3",17,FALSE,FALSE,FALSE,FALSE,8,0.395011644425955,0.395011644425955,0.00239610153149282,0.00787759055432321,687.917921721734,0.999997903241346,8,898.643,"troot(x4*x4)","x7*(troot(x4*x4)*x9)","troot(x4*x4)*x9",1,1,1
"S4",17,FALSE,FALSE,FALSE,FALSE,10,0.877784574184414,0.877784574184414,0.431017384042648,3.15260719719017,613.741204758935,0.664184017843128,10,907.739,"x4","x4*x4","(x4*p0(x9*x4))*x9",1,1,1
"S5",17,FALSE,FALSE,FALSE,FALSE,6,0.478288529294388,0.478288529294388,0.00159271591186867,0.00238458448001685,692.585885264176,0.999999807873593,6,683.519,"x7*troot(x4*x4)","troot(x4*x4)","troot(x4*x4)*x9",1,1,1
"S6",17,FALSE,FALSE,FALSE,FALSE,9,0.319503475551026,0.319503475551026,0.00203109427024314,0.0034538674161397,567.741232397131,0.999999596936975,9,750.27,"troot(1+((x4*x4)+(x5+(((x10*x3)*x4)+x4))))","x2","troot(1+((x4*x4)+(x5+(((x10*x3)*x4)+x4))))*x6",1,1,1
