"Experiment","Run","F1","F2","F3","F4","Count_FP","Correlation","Correlation_FP","MAE","LMP","R2","Count_P","Time","First","Second","Third","FirstM","SecondM","ThirdM"
"P5",5,FALSE,FALSE,FALSE,FALSE,5,0.379805795251936,0.379805795251936,0.000920688578679077,683.81122596715,0.999999911150276,5,NA,"troot(x4*x4)","x6*troot(x4*x4)","x9",1,1,0.567829034254423
"P1",5,FALSE,TRUE,FALSE,FALSE,5,0.359349904509468,0.231219955920026,0.00302638153318029,685.272013634844,0.999994101045277,6,NA,"x6*troot(x4*(x9*x4))","troot(x4*(x9*x4))","x7",1,1,0.999988900165664
"P2",5,FALSE,FALSE,FALSE,FALSE,6,0.543291565763375,0.543291565763375,0.00153385592817648,682.130232566893,0.999999802057201,6,NA,"troot(x4)*troot(x4)","x9*(troot(x4)*troot(x4))","(troot(x4)*troot(x4))*x7",1,0.999811985650256,0.999811985650099
"P3",5,FALSE,FALSE,FALSE,FALSE,10,0.587720409364805,0.587720409364805,0.00724408892024457,589.427472098318,0.999953270206435,10,NA,"x4","troot(x4)","x10*x4",0.999999999997344,0.999999980881496,0.999999980107706
"P4",5,TRUE,FALSE,FALSE,FALSE,2,0.995239780774171,0.992859671161257,0.000829911290202807,687.684548542454,0.999999890468514,3,NA,"x4","troot(x4*(x6*x4))","x6*x4",0.997919531814586,0.997705614068844,0.991868713513497
"P6",5,FALSE,TRUE,FALSE,FALSE,5,0.304386193115407,0.165263502247152,0.00209031327473111,686.100482647319,0.9999994438728,6,NA,"troot(x9*(x4*x4))","x6*troot(x9*(x4*x4))","x7",0.999995902365029,0.999995902365029,0.999976979212945
