"Experiment","Run","F1","F2","F3","F4","Count_FP","Correlation","Correlation_FP","MAE","LMP","R2","Count_P","Time","First","Second","Third","FirstM","SecondM","ThirdM"
"P5",5,FALSE,FALSE,FALSE,FALSE,11,0.309991529500429,0.309991529500429,0.00155993921302935,509.499038837154,0.999999769483898,11,452.780000000028,"x9*x4","(x9*x4)*sigmoid(troot(1+(troot(x4)+x6)))","troot(1+(troot(x4)+x6))",1,1,1
"P1",5,FALSE,FALSE,FALSE,FALSE,11,0.404396396413571,0.404396396413571,1.04084322073615,344.521235214159,-0.69423767826977,11,611.670000000042,"x4*(x8*x4)","troot(1+(x8+(x10*x4)))*(exp_dbl(x10)*x4)","x8*x4",1,1,1
"P2",5,FALSE,FALSE,FALSE,FALSE,6,0.543291565763375,0.543291565763375,0.00153401947034751,682.130232566893,0.99999980200777,6,517.280000000028,"(troot(x4)*troot(x4))*x7","(troot(x4)*troot(x4))*x9","troot(x4)*troot(x4)",1,1,1
"P3",5,FALSE,FALSE,FALSE,FALSE,10,0.518897764817936,0.518897764817936,0.00771997646890021,391.544936189278,0.999979468302618,10,534.650000000023,"x4*troot(x4*sigmoid(x6*x8))","troot(x4*sigmoid(x6*x8))","x4",1,1,1
"P4",5,FALSE,FALSE,FALSE,FALSE,14,0.479056371480747,0.479056371480747,0.0537309375386068,591.786265594676,0.996068175419444,14,655.910000000033,"troot(x4)","x4*(x8*x4)","x7*troot(x4)",1,1,1
"P6",5,FALSE,FALSE,FALSE,FALSE,10,0.516961235667387,0.516961235667387,0.00173695092951789,617.326889868838,0.999999429993414,10,556.579999999958,"exp_dbl(sin_deg(troot(x4)))*x9","x9*x4","(x9*sin_deg(troot(x4)))*(x9*sin_deg(troot(x4)))",1,1,1
