"Experiment","Run","F1","F2","F3","F4","Count_FP","Correlation","Correlation_FP","MAE","LMP","R2","Count_P","Time","First","Second","Third","FirstM","SecondM","ThirdM"
"P1",39,FALSE,FALSE,FALSE,FALSE,5,0.400720245616466,0.400720245616466,0.00336202219540936,593.10130923751,0.999997007507658,5,467.135000000002,"troot(1+((x5*(p0(x4)*x4))+(x4*x4)))","x9*troot(1+((x5*(p0(x4)*x4))+(x4*x4)))","x7",1,1,0.999999956302787
"P2",39,FALSE,TRUE,FALSE,FALSE,7,0.100304910661765,-0.0282229088775008,0.0021516640754054,647.628772483181,0.999999233383808,8,404.975999999995,"x4*(x1*x2)","x10*(x8*x4)","x8*(x4*x4)",1,1,1
"P3",39,FALSE,FALSE,FALSE,FALSE,13,0.728374223118421,0.728374223118421,0.0185151877949436,618.9403844567,0.999497382399183,13,417.203000000001,"x4*p0(x6*x4)","x4*(x4*p0(x6*x4))","x6*x4",1,1,1
"P4",39,FALSE,FALSE,FALSE,FALSE,14,0.541755142617721,0.541755142617721,0.0813510323027547,611.530555471604,0.98938759445618,14,415.311000000002,"x7","x4","x4*p0(x4)",1,1,1
"P5",39,FALSE,FALSE,FALSE,FALSE,10,0.688353839915225,0.688353839915225,0.00754551928793002,557.571908271475,0.999964643950171,10,398.226999999999,"troot(x4)*(x4*x9)","troot(x4)","x4*x4",1,1,1
"P6",39,FALSE,TRUE,FALSE,FALSE,5,0.507398229490223,0.408877945896931,0.00161618356759693,672.72202001155,0.999999821474904,6,404.20199999999,"troot((x4*x9)*x4)","(troot(x4)*troot(x4))*x9","troot((x4*x9)*x4)*x7",1,1,1
