"Experiment","Run","F1","F2","F3","F4","Count_FP","Correlation","Correlation_FP","MAE","RMSE","LMP","R2","Count_P","Time","First","Second","Third","FirstM","SecondM","ThirdM"
"S1",28,FALSE,FALSE,FALSE,FALSE,3,0.985488592981159,0.985488592981159,0.093231436472464,0.342553664563499,-99.5125191073178,0.996035222029769,3,719.949,"x4","x10*x4","troot(x4)*x4",0.999999999936363,0.997597114929722,0.996473457015148
"S2",28,FALSE,FALSE,FALSE,FALSE,2,0.604544956779782,0.604544956779782,0.0389969195488756,0.0605074068729037,-96.7669448270558,0.999876297431281,2,759.279,"troot(x4*x4)","x2*x4","NA",0.999999998721811,0.950559938329948,"NA"
"S3",28,FALSE,FALSE,FALSE,FALSE,2,0.604544956779782,0.604544956779782,0.0389871660471054,0.0612885644383621,-96.7669448270558,0.99987308278493,2,735.372,"troot(x4*x4)","x2*x4","NA",0.999999715721495,0.999999715721284,"NA"
"S4",28,FALSE,FALSE,FALSE,FALSE,3,0.733983070416538,0.733983070416538,0.0388931275525053,0.060124656639489,-101.896843541979,0.999877857486091,3,732.221,"troot(x4)*troot(x4)","x4*x2","x4",0.999797859096442,0.982704589895542,0.106678211878528
"S5",28,TRUE,FALSE,FALSE,FALSE,2,0.303616174165044,-0.0445757387524339,5.25271459384568e+293,Inf,-99.6543306684783,-Inf,3,785.408,"troot(x4*x4)*troot(x6)","x2","x10",1,0.296228893398227,0.242597521329081
"S6",28,FALSE,FALSE,FALSE,FALSE,4,0.723036440884047,0.723036440884047,0.0447706904349273,0.0733801062766256,-105.847869035597,0.99981806413971,4,789.108999999999,"troot(x4)*troot(x4)","x4","x6*x4",0.99999985145863,0.996855853681654,0.992048373256807
