"Experiment","Run","Correlation","MAE","RMSE","LMP","R2","Count_P","Time","First","Second","Third","FirstM","SecondM","ThirdM"
"S1",17,0.877571745548411,3.03591464538161,5.24140609318568,-1212.29445061779,0.728846586996271,35,6265.011,"x11*x10","x7*sigmoid(x13)","p3(x11*p3(x6))*x7",1,1,1
"S2",17,0.892320423077631,2.80193611279629,4.6954638313635,-1291.86206974013,0.782391199052372,23,4885.582,"(x11*x7)*(x12*x6)","p3(1+x6)","x12*x6",1,1,1
"S3",17,0.917392162136135,2.61775938121562,4.03031327549404,-1291.71429401274,0.839676543691819,24,5120.257,"x6*exp_dbl(troot(x13*x8))","(x10*p0(x13))*x10","((x11*((p3(x11)*(x11*p0(x9)))*x6))*x11)*x7",1,1,1
"S4",17,0.925732084595897,2.58735800803907,3.83157593395727,-1289.71791594066,0.855098016493861,20,5218.427,"x9","x11*(troot(x10)*troot(x10))","x13",1,1,1
"S5",17,0.854747744649831,3.01529044337976,5.58881329001411,-1295.01904832769,0.691710552904526,20,4428.106,"troot(x12)*((p3(x11)*x7)*x6)","p0(x13)*(x10*troot(x1*x7))","x3*(x6*(((x1*x7)*(exp_dbl(x13)*p0(x7)))*x13))",1,1,1
"S6",17,0.847908787289478,3.23151266184159,6.53487458358771,-1246.35156686876,0.578503501704929,24,4567.444,"x3","exp_dbl(x1)","p0(p3(x10))*p3(1+(x6*x6))",1,1,1
