"Experiment","Run","F1","F2","F3","F4","Count_FP","Correlation","Correlation_FP","MAE","LMP","R2","Count_P","Time","First","Second","Third","FirstM","SecondM","ThirdM"
"P5",17,FALSE,FALSE,FALSE,FALSE,7,0.107617268875467,0.107617268875467,0.00353416519867697,608.19098078762,0.999997830048281,7,NA,"troot(x4)*troot(x4)","x7","(troot(x4)*troot(x4))*x8",1,0.999999954466933,0.999999854065026
"P1",17,FALSE,FALSE,FALSE,FALSE,3,0.714244403037591,0.714244403037591,0.00097761054921165,683.748086912524,0.999999912410726,3,NA,"troot(x4*x4)","x6*troot(x4*x4)","x5",1,0.999999981906047,0.363804552251201
"P2",17,FALSE,FALSE,FALSE,FALSE,4,0.537075438630361,0.537075438630361,0.000942875462339859,673.695386157928,0.999999913690155,4,NA,"troot(x4)*troot(x4)","x6*(troot(x4)*troot(x4))","x9",1,0.999999914452579,0.322865270918774
"P3",17,FALSE,FALSE,FALSE,FALSE,8,0.35623118959568,0.35623118959568,0.0021084773101317,601.498098465699,0.999999343246383,8,NA,"x8*(troot(x4)*troot(x4))","(((x8*x4)*(x8*x4))*x7)*troot(x1)","troot(x4)*troot(x4)",0.999999999999998,0.999999999999998,0.999999999999998
"P4",17,FALSE,FALSE,FALSE,FALSE,6,0.543291565763375,0.543291565763375,0.00153485293062334,697.519928711663,0.999999802091033,6,NA,"troot(x4*x4)","x7*troot(x4*x4)","x9*troot(x4*x4)",1,0.99999895536482,0.99999895536482
"P6",17,FALSE,FALSE,FALSE,FALSE,5,0.635460476104504,0.635460476104504,0.00173899919351637,694.413008035452,0.999999792254597,5,NA,"troot(x4*x4)","x9*troot(x4*x4)","x5*x5",1,0.999999999129175,0.999999999129175
