"Experiment","Run","F1","F2","F3","F4","Count_FP","Correlation","Correlation_FP","MAE","LMP","R2","Count_P","Time","First","Second","Third","FirstM","SecondM","ThirdM"
"P5",17,FALSE,FALSE,FALSE,FALSE,15,-0.0855948894923131,-0.0855948894923131,0.662694131692794,354.232250238782,0.415652159707336,15,723.790000000037,"(x8*x4)*troot(x4)","sin_deg(x4)*x4","exp_dbl(x4)",1,1,1
"P1",17,FALSE,FALSE,FALSE,FALSE,15,0.56787761107344,0.56787761107344,0.131945529018977,424.422359137776,0.977011271389029,15,719.140000000014,"troot(((x10*x6)*x4)*x4)","x4","((x10*x6)*x4)*x4",1,1,1
"P2",17,FALSE,FALSE,FALSE,FALSE,4,0.537075438630361,0.537075438630361,0.000916869155769387,673.695386157928,0.999999914690776,4,599.709999999963,"troot(x4)*troot(x4)","x6*(troot(x4)*troot(x4))","x9",1,1,0.585335704852813
"P3",17,FALSE,FALSE,FALSE,FALSE,8,0.35623118959568,0.35623118959568,0.00210847731013166,601.498098465699,0.999999343246383,8,563.829999999958,"x8*(troot(x4)*troot(x4))","(((x8*x4)*(x8*x4))*x7)*troot(x1)","troot(x4)*troot(x4)",1,1,1
"P4",17,FALSE,FALSE,FALSE,FALSE,15,0.291886567458466,0.291886567458466,0.0222316232639506,410.27810211396,0.999676228350248,15,724.419999999925,"sin_deg(x4)","x4*(x4*x8)","x4",1,1,1
"P6",17,FALSE,FALSE,FALSE,FALSE,11,0.543195297691314,0.543195297691314,0.516581418637878,542.450169238617,0.530075112106793,11,716.489999999991,"troot(x4*x4)","x7*(troot(x4)*(x3*x4))","x4",1,1,1
