"Experiment","Run","F1","F2","F3","F4","Count_FP","Correlation","Correlation_FP","MAE","LMP","R2","Count_P","Time","First","Second","Third","FirstM","SecondM","ThirdM"
"P5",17,FALSE,FALSE,FALSE,FALSE,11,0.611405247543552,0.611405247543552,0.0803432404924056,592.752790865568,0.989326825325892,11,605.080000000016,"x4","x5*(x4*exp_dbl(x10))","troot(x4)*troot(x4)",1,1,1
"P1",17,FALSE,FALSE,FALSE,FALSE,9,0.697279579116093,0.697279579116093,0.00359540258403004,618.329920277673,0.999997722969672,9,584.369999999995,"troot(x4*x4)","x4","x10*x4",1,1,1
"P2",17,FALSE,FALSE,FALSE,FALSE,10,0.540363585415987,0.540363585415987,0.0163137108587044,581.310639126657,0.999734347478027,10,612.450000000012,"x4*troot(x4)","x4","sigmoid(x7)",1,1,1
"P3",17,FALSE,FALSE,FALSE,FALSE,12,0.514569002586848,0.514569002586848,0.0944574652076054,548.799260312422,0.985930972704998,12,614.819999999949,"troot(x4)*x4","x4","(troot(x4)*x4)*(troot(x4)*x4)",1,1,1
"P4",17,FALSE,FALSE,FALSE,FALSE,3,0.714244403037591,0.714244403037591,0.000978915645691053,683.748086912524,0.999999912542842,3,625.429999999935,"x6*troot(x4*x4)","troot(x4*x4)","x5",1,1,0.39746036505075
"P6",17,FALSE,FALSE,FALSE,FALSE,5,0.635460476104504,0.635460476104504,0.00173899919451645,694.413008035452,0.999999792254596,5,649.729999999981,"x9*troot(x4*x4)","x5*x5","troot(x4*x4)",1,1,1
