"Experiment","Run","Correlation","MAE","RMSE","LMP","R2","Count_P","Time","First","Second","Third","FirstM","SecondM","ThirdM"
"S1",24,0.876228173027056,2.94172232547195,5.06557899981841,-962.718792736143,0.746733562057242,18,5074.875,"x6","x10*x6","x11",1,1,0.999999999473756
"S2",24,0.871235916054342,3.03173347684218,5.14900005640589,-968.462137395551,0.738323182088971,15,5116.024,"x13*x9","p3(x6)","x6*x9",1,1,1
"S3",24,0.883887790757003,2.94006631031903,4.72280195656616,-976.319816244992,0.779849880381371,17,5752.162,"x6*x6","x10","x1",1,1,0.999999999545773
"S4",24,0.827656039719566,3.50512703718561,6.69669804548999,-969.015853825286,0.557369953945499,16,4158.632,"x6","x10","troot(x6)*x10",1,1,1
"S5",24,0.889872079140753,2.78584702756326,4.59321711908066,-969.755413841478,0.791765153849976,13,4034.486,"x9*exp_dbl(p0(x13))","x6*x6","x6*(x6*((x6*x6)*x9))",1,1,0.999999999999987
"S6",24,0.819274309587255,3.5718563983048,6.9068643792588,-964.910959380276,0.529151367233067,11,3696.578,"x6*x6","x1*sigmoid(x13)","x10*x13",1,1,0.999999999998455
