"Experiment","Run","F1","F2","F3","F4","Count_FP","Correlation","Correlation_FP","MAE","RMSE","LMP","R2","Count_P","Time","First","Second","Third","FirstM","SecondM","ThirdM"
"S1",15,FALSE,FALSE,FALSE,FALSE,5,0.414563800477888,0.414563800477888,0.000950712294196467,0.00160465758579896,683.955183587772,0.999999912998572,5,2377.009,"troot(x4*x4)*x6","troot(x4*x4)","x9",1,1,0.692828435777579
"S2",15,FALSE,FALSE,FALSE,FALSE,5,0.592525122582957,0.592525122582957,0.00155053248800391,0.0024072621586386,700.05765013698,0.999999804201927,5,2188.417,"x7*troot(x4*x4)","x9*troot(x4*x4)","troot(x4*x4)",1,1,1
"S3",15,FALSE,FALSE,FALSE,FALSE,15,0.541263068340704,0.541263068340704,76.8389968267716,563.440644602333,366.818350475619,-10725.4985982892,15,2449.447,"(x4*x10)*x4","x4","(x4*x10)*(x4*x10)",1,1,1
"S4",15,FALSE,FALSE,FALSE,FALSE,4,0.537075438630361,0.537075438630361,0.000917682175225484,0.00158984258454541,683.955183587772,0.999999914597637,4,1857.519,"x6*troot(x4*x4)","troot(x4*x4)","x9",1,1,0.581384296140691
"S5",15,FALSE,FALSE,FALSE,FALSE,6,0.542395658847236,0.542395658847236,0.0015296537942692,0.00241678727791801,677.356251596567,0.999999802649383,6,2465.461,"(troot(x4)*troot(x4))*x9","sin_deg(x7)*(troot(x4)*troot(x4))","troot(x4)*troot(x4)",1,1,0.999999999946378
"S6",15,FALSE,FALSE,FALSE,FALSE,7,0.43873483603283,0.43873483603283,0.00167706429464587,0.00320507822184575,678.901882157108,0.999999652912557,7,2424.875,"troot(x4*x4)*x9","(troot(x4*x4)*x9)*x9","x8*(x5*x1)",1,0.999999999812365,0.999998911303058
