"Experiment","Run","Correlation","MAE","RMSE","Time","FirstFeature","SecondFeature","ThirdFeature","FourthFeature","FifthFeature"
"S1",10,0.764920262574322,1.50056210927572,2.07692204221714,2796.185,"x4","x5","x5*x5","x4*x5","x6"
"S2",10,0.764490443183621,1.50048149349447,2.07846448483871,3811.248,"x4","x5","x5*x5","x4*x5","troot(x4)"
"S3",10,0.765481940834815,1.49844549495914,2.07466013142887,3706.172,"troot(x7)","x6","x5","x4","exp_dbl(x5)"
"S4",10,0.762329758337185,1.50695325827993,2.08677626517109,3223.867,"p0(x7)","x6","x5","x9","x8"
"S5",10,0.773755571747061,1.48424252977471,2.04333385096056,3378.842,"exp_dbl(x4)","x6","x7","x9","x8"
"S6",10,0.762599377034673,1.50321803631346,2.08474137088005,3302.379,"x7","x5","x5*x5","x4","x7*x5"
