"Experiment","Run","Correlation","MAE","RMSE","Time","FirstFeature","SecondFeature","ThirdFeature","FourthFeature","FifthFeature"
"S1",21,0.754956190322762,1.5174303121925,2.11478721304424,2535.715,"exp_dbl(x5)","exp_dbl(x4)","x5","x6","x7"
"S2",21,0.750985945093241,1.54170791744227,2.12955700769017,3594.152,"exp_dbl(x5)","x6","x5","exp_dbl(x4)","x7"
"S3",21,0.765188731369273,1.49905201505587,2.07573699614939,3662.763,"exp_dbl(x5)","x4*exp_dbl(x5)","x5","troot(x7)","x9"
"S4",21,0.76565890953935,1.49746760991366,2.07393042384336,3303.923,"exp_dbl(x5)","exp_dbl(x5)*x4","x5","troot(x7)","exp_dbl(x6)"
"S5",21,0.764898706663132,1.50058418441922,2.07700251582498,3928.686,"x5*x5","x4","x5","x5*x4","x6"
"S6",21,0.755460057053441,1.51680047004522,2.11304953529153,3623.942,"x5","x7","exp_dbl(x4)","exp_dbl(x5)","x6"
