"Experiment","Run","Correlation","MAE","RMSE","Time","FirstFeature","SecondFeature","ThirdFeature","FourthFeature","FifthFeature"
"S1",20,0.754734723409611,1.52216200298068,2.11517618237804,3701.022,"x5*x5","x5","exp_dbl(x4)","x7","x8"
"S2",20,0.765188792737266,1.49905179674587,2.07573676362445,3708.07,"exp_dbl(x5)","x5","exp_dbl(x5)*x4","troot(x7)","x6"
"S3",20,0.763867439353909,1.50344908692774,2.08092072570836,3392.234,"x5","x4","x5*x5","p0(x7)","x9"
"S4",20,0.765191626619827,1.49902875011371,2.07572723475784,3300.7,"exp_dbl(x5)","x5","x6","exp_dbl(x5)*x4","troot(x7)"
"S5",20,0.7651222658805,1.49908943574582,2.07598933185682,3266.719,"x5","x4*exp_dbl(x5)","exp_dbl(x5)","x6","troot(x7)"
"S6",20,0.755829344853591,1.52395798571354,2.11124370307532,3454.547,"x4","x8","x9","troot(x7)","(x6*x1)*x7"
