"Experiment","Run","Correlation","MAE","RMSE","Time","FirstFeature","SecondFeature","ThirdFeature","FourthFeature","FifthFeature"
"S1",28,0.764860545557077,1.50122522465074,2.07696902168959,3076.152,"x6","x4*exp_dbl(x5)","troot(x7)","x8","x9"
"S2",28,0.765058777736174,1.50040992136463,2.07639127346201,3655.33,"x4","x5","troot(x7)","x5*x5","x5*x4"
"S3",28,0.769784020072597,1.48964676873589,2.05856778619974,3418.782,"x5","troot(x7)","x4*x5","exp_dbl(x5)","(x4*x5)*x4"
"S4",28,0.767305924842011,1.51834086061005,2.06835969060353,4111.653,"x4","sigmoid(troot(x5))*x4","x6","x5","x7*x3"
"S5",28,0.755815415716732,1.51663240036053,2.1120025715117,3828.517,"exp_dbl(x5)","x5","x7","exp_dbl(x4)","x6"
"S6",28,0.754862199059011,1.51989987834502,2.11484211205898,3336.801,"x4","x5","x6","x8","x9"
