"Experiment","Run","Correlation","MAE","RMSE","Time","FirstFeature","SecondFeature","ThirdFeature","FourthFeature","FifthFeature"
"S1",18,0.764694700735547,1.50147276447467,2.07785401624205,3123.681,"x5*x5","x4","x5","x5*x4","p0(x7)"
"S2",18,0.764939079138399,1.50057092546656,2.07685093165443,4178.892,"x4","x5","troot(x7)","x5*sin_deg(x5)","x5*x4"
"S3",18,0.764936965801203,1.50056410341623,2.07685865338344,3769.15,"x4*x5","x4","x6","x8","x9"
"S4",18,0.764920402734143,1.5005638043108,2.07692155041603,3646.884,"x4","x5*x5","x5*x4","troot(x7)","x5"
"S5",18,0.754734161686504,1.52216923439324,2.11517818609762,3286.786,"x5","x7","exp_dbl(x4)","x5*x5","x6"
"S6",18,0.765166459018289,1.50116149012377,2.0757394638954,3587.705,"x5","p3(x5)","x4*x5","x6","x9"
