"Experiment","Run","Correlation","RMSE","MAE","LMP","R2","Count_P","Time","First","Second","Third","FirstM","SecondM","ThirdM"
"P1",9,0.857773091291863,5.62657311067719,3.19303813776577,-967.591616740103,0.687530674764196,17,NA,"x12","x9","x13",1.79343243126451,1.24176168434602,1.18334202751037
"P2",9,0.895319767583716,4.48685313231437,2.83421292074241,-965.340886928853,0.801297576122765,11,NA,"x6","x13","x12",1.8445080480383,1.70949086640419,1.3796069216106
"P3",9,0.877451857324295,4.95958793425744,2.93104402474514,-970.849321248008,0.757221263800346,16,NA,"x11","x9","x12",1.4130666999848,1.25465167687536,1.19363587991644
"P4",9,0.884419193806063,4.71266169727208,2.96706325856523,-973.941394389014,0.780794227725395,10,NA,"x11","x8","x9",1.8427663601571,1.52241961291135,1.49745584238649
"P5",9,0.886630692498353,4.73136635391464,2.82149511133727,-973.673660780979,0.779050709604344,17,NA,"x8","x1","x9",1.55077045239681,1.47204692676542,1.12063041811282
"P6",9,0.813442789439313,7.27815752508596,3.6596570219958,-971.673558643127,0.477167761555652,11,NA,"x7","x8","x11",1.26730288905857,1.1200778736422,1.00000898394433
