"Experiment","Run","F1","F2","F3","F4","Count_FP","Correlation","Correlation_FP","MAE","LMP","R2","Count_P","Time","First","Second","Third","FirstM","SecondM","ThirdM"
"P1",14,FALSE,FALSE,FALSE,FALSE,3,0.733983070416538,0.733983070416538,0.0386054952398294,-96.7669448270559,0.999887918860272,3,360.32,"troot(x4*x4)","x2*x4","x4",0.991907595451081,0.951601786544231,0.115793318841412
"P2",14,FALSE,FALSE,FALSE,FALSE,5,0.796599942462997,0.796599942462997,0.0448190581811165,-100.717970320674,0.99980663795263,5,352.726000000002,"troot(x4*x4)","x4","x4*x6",1,0.998170942438835,0.505262500639645
"P3",14,FALSE,FALSE,FALSE,TRUE,1,0.996429109555188,0.992859297690051,0.0437203663126282,-94.3406692127019,0.999800999965353,2,344.201000000001,"troot(x4*(x7*x4))","x4",NA,1,0.150850507438496,NA
"P6",14,FALSE,FALSE,FALSE,FALSE,4,0.725061757084287,0.725061757084287,0.0519740958178838,-102.237348925172,0.999280468348953,4,417.805999999997,"p0(x4)*x4","x4","x4*x6",1,1,0.999926045230655
