"Experiment","Run","F1","F2","F3","F4","Count_FP","Correlation","Correlation_FP","MAE","LMP","R2","Count_P","Time","First","Second","Third","FirstM","SecondM","ThirdM"
"P5",10,FALSE,FALSE,FALSE,FALSE,8,0.728905948284148,0.728905948284148,0.00142174308683916,615.551499073233,0.999999875187394,8,NA,"x7","troot(1+(x4*x4))","exp_dbl(x7)*x4",1,1,1
"P1",10,FALSE,FALSE,FALSE,FALSE,8,0.733133868739863,0.733133868739863,0.001382623456608,650.074756305483,0.999999780040209,8,NA,"troot(x4*x4)","x4","x6*(x7*troot(x4*x4))",0.999999999934026,0.999999963839691,0.999999961255999
"P2",10,TRUE,FALSE,FALSE,FALSE,5,0.538838281585309,0.446605937902371,0.00119827248752509,684.341958707822,0.999999855596016,6,NA,"troot(x4*(x4*x6))","x8*x4","x4",1,0.999999316861962,0.99869590106805
"P3",10,FALSE,FALSE,FALSE,FALSE,5,0.416729415657127,0.416729415657127,0.000913067561692737,683.955183587773,0.999999915301379,5,NA,"troot(x4*x4)*x6","troot(x4*x4)","x9",1,1,0.568295553847615
"P4",10,FALSE,TRUE,FALSE,FALSE,7,0.247678138916337,0.140203637696288,0.00194093940148354,689.093407930746,0.999999475113239,8,NA,"troot(x9*(x4*x4))","x6*troot((x4*x4))","x7",0.99999999999993,0.99999999999993,0.999999998194141
"P6",10,TRUE,FALSE,FALSE,FALSE,3,0.747535188943503,0.663380251924671,0.000837106098501822,687.684548542455,0.999999889048915,4,NA,"troot((x4*x6)*x4)","x4*x6","x4",0.999999159411189,0.999999159411189,0.999999158686526
