"Experiment","Run","F1","F2","F3","F4","Count_FP","Correlation","Correlation_FP","MAE","LMP","R2","Count_P","Time","First","Second","Third","FirstM","SecondM","ThirdM"
"P1",2,FALSE,FALSE,FALSE,FALSE,2,0.982401464192023,0.982401464192023,0.228634200623185,-31.5762099246959,0.990213426181183,2,1.995,"x4","troot(x4)","NA",1,1,"NA"
"P2",2,FALSE,FALSE,FALSE,FALSE,6,0.0733481717052687,0.0733481717052687,0.57581385609591,-126.941882659667,0.972672354796965,6,1.30500000000001,"x3","x4","x6",1,1,1
"P3",2,FALSE,FALSE,FALSE,FALSE,9,0.369759720496763,0.369759720496763,0.317852115979883,-41.7892961379814,0.926813959120367,9,3.125,"x4","p3(x4)","x10",1,0.999999999999998,0.999992400877833
"P4",2,FALSE,FALSE,FALSE,FALSE,3,0.781734395418655,0.781734395418655,0.261508980630816,-63.3264032009222,0.971516824407287,3,2.246,"x4","x4*x10","x4*(x3*x6)",1,1,0.840746896117229
"P5",2,FALSE,FALSE,FALSE,FALSE,6,0.0733481717052687,0.0733481717052687,0.575297610634018,-126.941882659667,0.972656464994236,6,2.31299999999999,"x4","x6","x2",1,0.997695882271563,0.997684005781453
"P6",2,FALSE,FALSE,FALSE,FALSE,6,0.246709310556351,0.246709310556351,0.332069189971206,-66.0557880651839,0.927031396134739,6,1.88800000000001,"x4","p3(1+(x4*x10))","x1",1,1,0.450502642192597
