"Experiment","Run","F1","F2","F3","F4","Count_FP","Correlation","Correlation_FP","MAE","RMSE","LMP","R2","Count_P","Time","First","Second","Third","FirstM","SecondM","ThirdM"
"S1",20,FALSE,FALSE,FALSE,FALSE,4,0.537075438630361,0.537075438630361,0.000918052941265924,0.00159091761339603,673.695386157928,0.999999914482102,4,728.651,"x6*(troot(x4)*troot(x4))","troot(x4)*troot(x4)","x9",1,1,0.572057863770063
"S2",20,FALSE,FALSE,FALSE,FALSE,7,0.545214239290028,0.545214239290028,0.00179278303988855,0.00327966697318456,681.438340914746,0.999999636569703,7,821.572,"troot(x4)*troot(x4)","x9*(troot(x4)*troot(x4))","x7*troot(x4)",1,1,0.999999999817683
"S3",20,FALSE,FALSE,FALSE,FALSE,11,0.477978225222407,0.477978225222407,0.0280042629377074,0.170667251742517,589.310750021534,0.999015848347473,11,951.157,"troot(p3(1+p0(x4))*(x4*x9))","x4","p3(p0(x4)*p0(x4))*x9",1,1,1
"S4",20,FALSE,FALSE,FALSE,FALSE,8,0.621170957564801,0.621170957564801,0.0041754618437014,0.0109812062702981,606.205383497275,0.999995925618093,8,842.916,"x9*(x4*x9)","troot(1+x4)*troot(1+x4)","(troot(1+x4)*troot(1+x4))*x7",1,1,1
"S5",20,FALSE,FALSE,FALSE,FALSE,4,0.537075438630361,0.537075438630361,0.000916696937202697,0.00158733238516974,683.955183587771,0.999999914867107,4,776.123000000001,"troot(x4*x4)","x6*troot(x4*x4)","x9",1,1,0.56675426939591
"S6",20,FALSE,FALSE,FALSE,FALSE,4,0.537075438630361,0.537075438630361,0.000920852816372591,0.00158979758371087,673.695386157929,0.999999914602472,4,773.168,"troot(x4)*troot(x4)","x6*(troot(x4)*troot(x4))","x9",1,1,0.58414827806035
