"Experiment","Run","F1","F2","F3","F4","Count_FP","Correlation","Correlation_FP","MAE","LMP","R2","Count_P","Time","First","Second","Third","FirstM","SecondM","ThirdM"
"P1",18,TRUE,FALSE,FALSE,FALSE,8,0.532535006815817,0.474101882667794,4.06827093253206e+253,716.938269986234,-Inf,9,NA,"troot(x4*(x4*x6))","x4","x9*x4",1,0.999999999999998,0.999999999999772
"P2",18,TRUE,FALSE,FALSE,FALSE,3,0.782114214660598,0.709485619547464,0.000888740755352029,687.684548542455,0.999999887987391,4,NA,"troot((x4*x6)*x4)","x4","x4*x6",0.981086489544413,0.980831068822215,0.980830601532753
"P3",18,FALSE,FALSE,FALSE,FALSE,5,0.414064993917404,0.414064993917404,0.00245250271550553,612.787324442923,0.999999549738432,5,NA,"troot(x4*x4)","troot(x4*x4)*x9","x5",0.999999999980009,0.999999999980009,0.99999998818965
"P4",18,FALSE,FALSE,FALSE,FALSE,4,0.537075438630361,0.537075438630361,2.39840192328121e+235,673.695386157928,-Inf,4,NA,"troot(x4)*troot(x4)","(troot(x4)*troot(x4))*x6","x9",1,0.999999983760093,0.568554865024312
"P5",18,FALSE,FALSE,FALSE,FALSE,7,0.869577436995452,0.869577436995452,0.00147978963242381,645.548115416317,0.999999822463597,7,NA,"x4","troot(x4)","p3(1+troot(x4))",1,1,0.999999999997758
"P6",18,FALSE,FALSE,FALSE,FALSE,4,0.46496456610627,0.46496456610627,NA,673.488289482677,NA,4,NA,"troot(x4)*troot(x4)","x6*(troot(x4)*troot(x4))","x7",0.999999999999851,0.999999999999851,0.165825567957569
