"Experiment","Run","F1","F2","F3","F4","Count_FP","Correlation","Correlation_FP","MAE","LMP","R2","Count_P","Time","First","Second","Third","FirstM","SecondM","ThirdM"
"P1",18,FALSE,FALSE,FALSE,FALSE,4,0.484940607502146,0.484940607502146,0.000974546694530977,673.488289482677,0.999999909325511,4,530.805,"troot(x4)*troot(x4)","(troot(x4)*troot(x4))*x6","x7",1,1,0.17222713888516
"P2",18,FALSE,FALSE,FALSE,FALSE,10,0.768360959162181,0.768360959162181,0.0167976273069435,614.308932613536,0.999671451957336,10,558.977999999999,"x4*p0(x4)","troot(x4*x9)","x4",1,1,1
"P3",18,FALSE,FALSE,FALSE,FALSE,9,0.866726922751169,0.866726922751169,0.362640319695044,572.292816931866,0.762349147644236,9,388.267,"x4","troot(x6*x4)","x4*x6",1,1,1
"P4",18,FALSE,FALSE,FALSE,FALSE,7,0.63832902081188,0.63832902081188,0.103772057805143,636.402751647773,0.981320580194787,7,399.221000000005,"x4*sin_deg(x5*(troot(x9)*x4))","(x6*x4)*x5","x6*x4",1,1,1
"P5",18,FALSE,FALSE,FALSE,FALSE,9,0.520703875586539,0.520703875586539,0.235635173468772,546.2406835978,0.903132012785277,9,495.951000000001,"x4","(p0(x4)*p0(x4))*x6","p0(x4)*x4",1,1,1
"P6",18,FALSE,FALSE,FALSE,FALSE,3,0.641499520354309,0.641499520354309,0.00105315441222675,643.953055629762,0.999999847126809,3,389.954000000012,"troot(x6*x4)*troot(x6*x4)","(troot(x6*x4)*troot(x6*x4))*x6","x6",1,1,0.998305416546715
