"Experiment","Run","F1","F2","F3","F4","Count_FP","Correlation","Correlation_FP","MAE","LMP","R2","Count_P","Time","First","Second","Third","FirstM","SecondM","ThirdM"
"P1",18,FALSE,FALSE,FALSE,FALSE,9,NA,NA,2.71928925556652e+301,606.817033056344,-Inf,9,387.062,"(x6*troot(x4))*troot(x4)","x4","x6*troot(x4)",1,1,1
"P2",18,FALSE,FALSE,FALSE,FALSE,4,0.446412420275273,0.446412420275273,0.000957906843178561,683.748086912524,0.999999915497972,4,353.036,"troot(x4*x4)","x6*troot(x4*x4)","x5",1,0.987731052637335,0.416015657515677
"P3",18,FALSE,FALSE,FALSE,FALSE,5,0.414064993917404,0.414064993917404,0.00245250271742212,612.787324442923,0.999999549738432,5,402.199000000001,"troot(x4*x4)","troot(x4*x4)*x9","x5",1,1,0.999999988209641
"P4",18,FALSE,FALSE,FALSE,FALSE,12,NA,NA,1.6064307455486e+297,531.335898252823,-Inf,12,487.836999999992,"p0(x4)*x4","x3*x4","x4",1,1,1
"P5",18,FALSE,FALSE,FALSE,FALSE,7,0.869577436995452,0.869577436995452,0.00147978963242407,645.548115416317,0.999999822463597,7,397.472999999998,"p3(1+troot(x4))","x4","troot(((x4*x6)*(x4*x6))*x7)",1,1,1
"P6",18,FALSE,FALSE,FALSE,FALSE,4,0.46496456610627,0.46496456610627,0.000974333116774134,673.488289482677,0.999999908602165,4,534.315000000002,"troot(x4)*troot(x4)","x6*(troot(x4)*troot(x4))","x7",1,1,0.165825567957594
