"Experiment","Run","F1","F2","F3","F4","Count_FP","Correlation","Correlation_FP","MAE","RMSE","LMP","R2","Count_P","Time","First","Second","Third","FirstM","SecondM","ThirdM"
"S1",16,FALSE,FALSE,FALSE,FALSE,2,0.604544956779782,0.604544956779782,0.0387671694018285,0.0602280675665034,-96.7669448270558,0.99987743696867,2,2384.04300000001,"troot(x4*x4)","x4*x2","NA",0.999926613506204,0.996629202902581,"NA"
"S2",16,FALSE,FALSE,FALSE,TRUE,1,0.996429109555188,0.992859297690051,0.0438560413811603,0.0770026649397071,-94.3406692127019,0.999799657473086,2,2249.09499999997,"troot(x4*(x7*x4))","x4","NA",0.999999999957003,0.161560087723786,"NA"
"S3",16,TRUE,FALSE,FALSE,FALSE,1,0.462258623933997,-0.075482752132005,0.0315233282730152,0.0330298511378481,-94.5244319535552,0.999963138341731,2,2275.48199999996,"troot(x4*(x4*x6))","x6","NA",0.999995191575538,0.12163941537068,"NA"
"S4",16,FALSE,FALSE,FALSE,TRUE,1,0.996429109555188,0.992859297690051,0.0437203553445638,0.0767448276466842,-94.3406692127019,0.999800996888864,2,2159.45600000001,"troot((x4*x7)*x4)","x4","NA",1,0.150853268055344,"NA"
"S5",16,FALSE,TRUE,FALSE,FALSE,4,0.654589422465345,0.568236866217511,0.0350522794392787,0.0409300480205046,-101.881380727833,0.999943396127478,5,2173.83600000001,"troot(x4*(x9*x4))","x4*x3","x4",1,0.674535830729349,0.266457656692588
"S6",16,TRUE,FALSE,FALSE,FALSE,0,1,NA,0.0322851233307379,0.0332355905864034,-94.5244319535552,0.999962677696791,1,2219.21000000002,"troot(x4*(x4*x6))","NA","NA",1,"NA","NA"
