"Experiment","Run","F1","F2","F3","F4","Count_FP","Correlation","Correlation_FP","MAE","LMP","R2","Count_P","Time","First","Second","Third","FirstM","SecondM","ThirdM"
"P1",35,FALSE,FALSE,FALSE,TRUE,3,0.480449220107468,0.307265986336515,0.0431774043105902,-94.3406692127019,0.999801379227788,4,NA,"troot((x4*x7)*x4)","x10","x4",0.915966151411757,0.177041467533111,0.113660128688023
"P3",35,FALSE,FALSE,FALSE,FALSE,4,0.461216420809483,0.461216420809483,0.0359533625437148,-96.7669448270558,0.999926019395176,4,NA,"troot(x4*x4)","x2*x4","x4",0.965101937199232,0.921586305722824,0.118723336389639
"P5",35,FALSE,FALSE,FALSE,FALSE,8,0.513084810631664,0.513084810631664,0.0749261366159907,-100.061923553727,0.997324451631865,8,NA,"x4","p0(x4)*x4","(x4*x10)*x3",0.999906618254321,0.905747793216992,0.597616857662244
