"Experiment","Run","F1","F2","F3","F4","Count_FP","Correlation","Correlation_FP","MAE","LMP","R2","Count_P","Time","First","Second","Third","FirstM","SecondM","ThirdM"
"P1",35,FALSE,FALSE,FALSE,FALSE,4,0.723036440884047,0.723036440884047,0.0439331294748703,-100.717970320674,0.999832771668157,4,374.513000000001,"x4*x6","troot(x4*x4)","x4",0.999999982633476,0.999998062708073,0.982994376222082
"P3",35,FALSE,FALSE,FALSE,FALSE,5,0.446783372114767,0.446783372114767,0.0601868616001339,-99.877214903911,0.999015379194561,5,359.519999999997,"troot(x4*x4)","x4*x3","x8*x4",1,0.626228085280001,0.37384793062827
"P5",35,FALSE,FALSE,FALSE,FALSE,8,0.513084810631664,0.513084810631664,0.0752799500903533,-100.061923553727,0.997403188692722,8,452.255000000005,"x4","p0(x4)*x4","(x4*x10)*x3",1,0.999999999903348,0.659804928126731
