"Experiment","Run","F1","F2","F3","F4","Count_FP","Correlation","Correlation_FP","MAE","RMSE","LMP","R2","Count_P","Time","First","Second","Third","FirstM","SecondM","ThirdM"
"S1",23,TRUE,FALSE,FALSE,FALSE,1,0.999999656085019,0.999999312170039,0.000808922518004707,0.00163355281181199,684.777371260963,0.999999909837074,2,991.621000000043,"troot(x6*(x4*x4))","troot(x4*x4)","NA",0.999999874416277,0.999971657450161,"NA"
"S2",23,FALSE,FALSE,FALSE,FALSE,5,0.557120371287331,0.557120371287331,0.00180781610796805,0.00241519822636559,672.365392911522,0.999999802908816,5,1057.37900000002,"x9*(troot(x4)*troot(x4))","troot(x4)*troot(x4)","x7*(troot(x4)*troot(x4))",1,0.999999999999648,0.999999978324787
"S3",23,TRUE,FALSE,FALSE,FALSE,4,0.414564464393663,0.268205584728616,0.00133323371039986,0.00190673951260936,659.776447029389,0.99999987715871,5,941.768999999971,"troot(((x6*x4)*x4)+x4)","x9*troot(((x6*x4)*x4)+x4)","x5",1,1,0.988728615690386
"S4",23,FALSE,FALSE,FALSE,TRUE,4,0.574085285846238,0.467606876952716,0.0106349766994377,0.0665443665322946,639.222346860515,0.999850381868701,5,1115.11200000002,"troot((x4*x7)*x4)","troot((x4*x7)*x4)*x6","sin_deg(x7)*troot((x4*x7)*x4)",1,1,0.999999999999785
"S5",23,FALSE,FALSE,FALSE,FALSE,11,0.488902312133493,0.488902312133493,0.00201222929137523,0.00359997301169771,612.529824766427,0.999999562114942,11,969.042000000016,"troot(x4)*(troot(x4)*troot(troot(x4)))","x4","troot(x4*(x4*x8))",1,1,1
"S6",23,TRUE,FALSE,FALSE,FALSE,2,0.995239647353662,0.992859471030492,0.000830024889166485,0.001805200283368,682.751532613053,0.999999889893636,3,1062.80500000005,"troot(x6*x4)*troot(x4)","x4","x4*x7",1,0.99993217776218,0.988217283706652
