"Experiment","Run","F1","F2","F3","F4","Count_FP","Correlation","Correlation_FP","MAE","RMSE","LMP","R2","Count_P","Time","First","Second","Third","FirstM","SecondM","ThirdM"
"S1",15,FALSE,FALSE,FALSE,FALSE,4,0.715723221996778,0.715723221996778,6.72877572896872e+279,Inf,-99.5125191073179,-Inf,4,699.868,"x4*troot(x4)","x4","x4*x10",1,1,0.999999999991866
"S2",15,FALSE,FALSE,FALSE,FALSE,2,0.604544956779782,0.604544956779782,0.0389617425925562,0.0601857765471613,-96.7669448270558,0.999877609031163,2,758.69,"troot(x4*x4)","x2*x4","NA",1,1,"NA"
"S3",15,FALSE,FALSE,FALSE,FALSE,5,0.195075918847076,0.195075918847076,0.0381150244826918,0.0618386254622905,-96.7669448270559,0.999870794413713,5,763.784,"x4*x2","troot(x4*x4)","x6",0.999998074670712,0.999726269011372,0.231624003743077
"S4",15,FALSE,FALSE,FALSE,FALSE,3,0.371839007534399,0.371839007534399,0.0388870899518075,0.0599085276306267,-96.7669448270558,0.999878734034741,3,813.073,"troot(x4*x4)","x4*x2","x2",1,0.984813134353107,0.178329205903358
"S5",15,FALSE,FALSE,FALSE,FALSE,4,0.740221798098744,0.740221798098744,0.0947072363068311,0.343066775018963,-99.5125191073179,0.99602333546787,4,665.539,"x4","x10*x4","troot(x4)*x4",0.99998040688683,0.999869629391111,0.999866000281606
"S6",15,FALSE,FALSE,FALSE,FALSE,3,0.995238683755332,0.995238683755332,0.0656903022941624,0.225999037454785,-108.646837599423,0.998274262188318,3,747.072,"troot((x6*x7)*(x4*x4))","x4","x6*x4",1,0.992635181220507,0.987592825844923
