"Experiment","Run","F1","F2","F3","F4","Count_FP","Correlation","Correlation_FP","MAE","LMP","R2","Count_P","Time","First","Second","Third","FirstM","SecondM","ThirdM"
"P2",24,TRUE,FALSE,FALSE,TRUE,0,0.999999460710163,NA,0.0400197486077828,-94.3406692127019,0.999881932931748,2,NA,"troot((x7*x4)*x4)","troot((x6*x4)*x4)",NA,0.727521084142742,0.229979072004799,NA
"P3",24,FALSE,FALSE,FALSE,FALSE,4,0.715723221996778,0.715723221996778,0.0954718412187908,-99.5125191073179,0.995993603816848,4,NA,"x4","troot(x4)*x4","x10*x4",0.999997930550711,0.999414151686184,0.998289298139631
"P4",24,FALSE,FALSE,FALSE,FALSE,2,0.604544956779782,0.604544956779782,0.0345332113476025,-96.7669448270559,0.999941898718765,2,NA,"troot(x4*x4)","x2*x4",NA,0.893473558065107,0.893473309271364,NA
"P5",24,FALSE,FALSE,FALSE,FALSE,3,0.985488592981159,0.985488592981159,0.089840510280317,-99.5125191073178,0.996489381698562,3,NA,"x4","troot(x4)*x4","x4*x10",0.999907933857547,0.938509371236939,0.93444558316045
