"Experiment","Run","F1","F2","F3","F4","Count_FP","Correlation","Correlation_FP","MAE","RMSE","LMP","R2","Count_P","Time","First","Second","Third","FirstM","SecondM","ThirdM"
"S1",21,TRUE,FALSE,FALSE,FALSE,5,0.818061400553077,0.781673680663692,0.00134288524055947,0.00247571088845352,714.383815160546,0.999999792908874,6,2393.08,"troot(x4*(x6*x4))","x9*x4","x7*x4",1,1,0.999999999999992
"S2",21,TRUE,FALSE,FALSE,FALSE,3,0.727559227493772,0.636745636658363,0.000842137889408067,0.00179045046732799,667.135492445726,0.999999891685585,4,2026.421,"x4","troot((x6*x4)*troot(x4*(x4*x4)))","x9*(x6*x4)",1,1,1
"S3",21,FALSE,FALSE,FALSE,FALSE,11,0.591778609926201,0.591778609926201,0.00273271496943179,0.00849794401245719,637.717202932638,0.999997560002582,11,1790.131,"(x9*x4)*x9","x9*x4","x10*x4",1,1,1
"S4",21,TRUE,FALSE,FALSE,FALSE,8,0.539729784819953,0.482196007922447,0.00142800904866438,0.0026406807559734,717.931665099044,0.999999764390153,9,2107.937,"x4","troot((x6*x4)*x4)","x4*x9",1,1,1
"S5",21,FALSE,FALSE,FALSE,FALSE,15,0.425232308707179,0.425232308707179,2.28233313125267,15.2766151972728,255.862009870683,-6.88525812355016,15,1851.908,"troot(1+(x3*(x5*x4)))","sin_deg(x4)","x4",1,1,1
"S6",21,TRUE,FALSE,FALSE,FALSE,3,0.782114214660598,0.709485619547464,0.000889846605572244,0.00184861155156677,682.554649827532,0.999999884534308,4,2296.74,"troot(x6*x4)*troot(x4)","x6*x4","x4",1,0.999999443703025,0.999998966404571
