"Experiment","Run","F1","F2","F3","F4","Count_FP","Correlation","Correlation_FP","MAE","RMSE","LMP","R2","Count_P","Time","First","Second","Third","FirstM","SecondM","ThirdM"
"S1",4,FALSE,FALSE,FALSE,FALSE,2,0.604544956779782,0.604544956779782,0.0389873296757082,0.0612924274518598,-96.7669448270559,0.999873066785261,2,969.25,"troot(x4*x4)","x2*x4","NA",1,0.999999461090864,"NA"
"S2",4,FALSE,FALSE,FALSE,FALSE,4,0.720245756702868,0.720245756702868,0.0931444985803334,0.339677896700656,-99.5125191073179,0.996101511915249,4,994.370999999985,"x4","x10*x4","troot(x4)*x4",1,1,1
"S3",4,FALSE,TRUE,FALSE,FALSE,3,0.465279495784667,0.287039445227329,0.0457299388988985,0.106530778856574,-101.747721285537,0.999616547264539,4,930.348000000056,"troot(x4*(x4*x9))","x8*x4","x4",1,0.769857213690056,0.200587207804729
"S4",4,FALSE,FALSE,FALSE,FALSE,2,0.604544956779782,0.604544956779782,0.0386786632031762,0.058165071303078,-96.7669448270558,0.999885689489175,2,1022.83099999995,"troot(x4*x4)","x2*x4","NA",0.998595529532878,0.966579639760782,"NA"
"S5",4,FALSE,FALSE,FALSE,FALSE,4,0.480138901792561,0.480138901792561,0.0365844539777409,0.051547575322032,-100.723720798733,0.999910220306244,4,917.120999999985,"troot(x4*x4)","x8*x4","x4",1,0.874902743332543,0.64068311115401
"S6",4,FALSE,FALSE,FALSE,FALSE,5,0.656607023016471,0.656607023016471,0.0614165905515026,0.199509105336305,-99.877214903911,0.998655109028519,5,1004.56400000001,"troot(x4*x4)","x4*x3","x4",0.999999926162505,0.776089097313294,0.345950515901367
