"Experiment","Run","F1","F2","F3","F4","Count_FP","Correlation","Correlation_FP","MAE","RMSE","LMP","R2","Count_P","Time","First","Second","Third","FirstM","SecondM","ThirdM"
"S1",13,FALSE,FALSE,FALSE,FALSE,6,0.512027737583856,0.512027737583856,0.00148471613388529,0.00252164842578077,702.411599397027,0.9999997851523,6,732.184,"troot(x4*x4)*x9","troot(x4*x4)","troot(x4*x4)*x7",1,1,1
"S2",13,FALSE,FALSE,FALSE,FALSE,14,0.426444875720041,0.426444875720041,2264.58408292073,16641.1090202074,546.355769032151,-9356773.59500892,14,1053.493,"p3(p0(x3)*x4)","troot((x6*(x9*x9))*(p0(p3(x4))*x4))","x4",1,1,1
"S3",13,FALSE,FALSE,FALSE,FALSE,15,NA,NA,4.05074039052487e+296,Inf,547.19419025942,-Inf,15,731.983,"x4*x4","x4","x10*(x10*x4)",1,1,1
"S4",13,FALSE,FALSE,FALSE,FALSE,10,0.639088465320062,0.639088465320062,0.0780735678334677,0.554623938814778,574.58897079968,0.989606570909486,10,788.172,"x4","p3(troot(troot(x4*x6)))*p3(troot(troot(x4*x6)))","x7*x4",1,1,1
"S5",13,FALSE,FALSE,FALSE,FALSE,5,0.416729415657127,0.416729415657127,0.000914481777946278,0.00158510210941594,673.695386157929,0.999999915106171,5,691.924,"troot(x4)*troot(x4)","x6*(troot(x4)*troot(x4))","x9",1,1,0.532379566666909
"S6",13,FALSE,FALSE,FALSE,FALSE,5,0.657085257273899,0.657085257273899,0.00165374897133197,0.00249587306390208,696.692541424904,0.999999789522041,5,764.559999999999,"troot(x4*x4)","x7*troot(x4*x4)","x9*troot(x4*x4)",1,1,1
