"Experiment","Run","F1","F2","F3","F4","Count_FP","Correlation","Correlation_FP","MAE","RMSE","LMP","R2","Count_P","Time","First","Second","Third","FirstM","SecondM","ThirdM"
"S1",29,TRUE,FALSE,FALSE,FALSE,0,1,NA,0.0321164776267914,0.0329945675189068,-94.5244319535552,0.99996321705344,1,715.316,"troot(x4*(x6*x4))","NA","NA",0.999999986554194,"NA","NA"
"S2",29,TRUE,FALSE,FALSE,FALSE,2,0.313255579071896,-0.0301166313921558,0.0310175477287702,0.0347218412357985,-94.5244319535552,0.99995926505542,3,733.734,"troot((x4*x4)*x6)","x10","x7",1,0.327198784609049,0.136235209757772
"S3",29,FALSE,FALSE,FALSE,FALSE,2,0.604544956779782,0.604544956779782,0.0389870544931014,0.0612909226302333,-96.7669448270558,0.999873073017989,2,746.238,"troot(x4*x4)","x2*x4","NA",0.999999977869808,0.999999832718273,"NA"
"S4",29,FALSE,FALSE,FALSE,TRUE,1,0.996429109555188,0.992859297690051,0.0438560606555245,0.0770027668580361,-94.3406692127019,0.999799656942751,2,824.442,"troot(x7*(x4*x4))","x4","NA",0.99999999999985,0.161709621465974,"NA"
"S5",29,FALSE,FALSE,FALSE,FALSE,4,0.267238121297937,0.267238121297937,0.0367647661952127,0.0600578836913935,-96.7669448270559,0.999878128632319,4,714.239,"troot(x4*x4)","x4*x2","x6",1,0.993366350083667,0.163851226001219
"S6",29,FALSE,FALSE,FALSE,TRUE,2,0.63309510938467,0.449643203366842,0.046439036507922,0.0815557622196588,-94.3406692127019,0.999775264884303,3,756.455,"troot((x4*x7)*x4)","x2","x4",1,0.251231283150358,0.163724419361603
