"Experiment","Run","F1","F2","F3","F4","Count_FP","Correlation","Correlation_FP","MAE","RMSE","LMP","R2","Count_P","Time","First","Second","Third","FirstM","SecondM","ThirdM"
"S1",1,FALSE,FALSE,FALSE,FALSE,3,0.377869053809186,0.377869053809186,0.0366283420357606,0.0589900190324595,-96.7669448270559,0.999882423992615,3,969.075000000012,"x4*x2","troot(x4*x4)","x6",0.999999998279633,0.999999986058421,0.238172424856154
"S2",1,FALSE,FALSE,FALSE,FALSE,3,0.985488592981159,0.985488592981159,0.0930675530463382,0.341644443993199,-99.5125191073178,0.996056241064017,3,973.731000000029,"x4","x4*troot(x4)","x10*x4",0.999999999593914,0.999999999552054,0.999981261103664
"S3",1,TRUE,FALSE,FALSE,FALSE,0,1,NA,0.0323235837473008,0.0332707149492565,-94.5244319535552,0.999962598768461,1,918.534999999974,"troot((x4*x4)*x6)","NA","NA",1,"NA","NA"
"S4",1,TRUE,FALSE,FALSE,FALSE,0,1,NA,0.0322850025423437,0.0332351370664025,-94.5244319535552,0.999962678715356,1,1097.65000000002,"troot(x4*(x6*x4))","NA","NA",0.999999691980338,"NA","NA"
"S5",1,TRUE,FALSE,FALSE,FALSE,0,1,NA,0.0322648846686787,0.0331906519094091,-99.6543306684783,0.999962778557405,1,915.054000000004,"troot(x4*x4)*troot(x6)","NA","NA",0.999401947578129,"NA","NA"
"S6",1,FALSE,FALSE,FALSE,FALSE,3,0.404503775670354,0.404503775670354,0.0389906751044471,0.0620916745423656,-96.7669448270558,0.999869734808955,3,1011.76400000002,"troot(x4*x4)","x4*x2","x10",1,0.993437228121455,0.184472547601593
