"Experiment","Run","Correlation","MAE","RMSE","LMP","R2","Count_P","Time","First","Second","Third","FirstM","SecondM","ThirdM"
"S1",25,0.918736813326235,2.70234864853718,4.17514871390038,-1277.21174171592,0.827946562032619,25,5274.317,"p3(x6)","(x7*x12)*sigmoid(troot(x10))","p3((x6*x11)+p3(x6))*x13",1,1,1
"S2",25,0.902456084964431,2.8633428961106,4.47277051174698,-1263.20309592323,0.802542929784533,24,5106.731,"p3(x10)","x11","troot(x10)",1,1,1
"S3",25,0.848510022277699,3.03398064336511,5.74145932935273,-1388.64587444265,0.674640087699844,22,4733.275,"x8","p0(x13)","x12",1,1,1
"S4",25,0.900963324390122,2.76809220350021,4.45695037044378,-1347.51914747519,0.803937266615633,20,4939.844,"p3(x6*x9)","p3(x11*x1)","((exp_dbl(p0(x13)*x5)*x10)*x9)*x8",1,1,1
"S5",25,0.818240925977564,3.39773137614574,7.40078480371127,-1328.37972790556,0.459401284825696,24,4684.958,"p3(p3(x6))","x7*(sigmoid(x6)*((x6*(x6*(x6*(x9*x6))))*x5))","troot(x12)",1,1,1
"S6",25,0.44694542228593,12.4042375012364,76.0702174148357,-1322.75914178009,-56.1148146569362,29,5043.944,"x13*(x1*((x1*exp_dbl(x13))*x4))","(x7*p3(((x5*exp_dbl(x13))*(x1*x8))*x7))*exp_dbl(x13)","x11*x10",1,1,1
