"Experiment","Run","F1","F2","F3","F4","Count_FP","Correlation","Correlation_FP","MAE","LMP","R2","Count_P","Time","First","Second","Third","FirstM","SecondM","ThirdM"
"P1",1,TRUE,FALSE,FALSE,FALSE,1,0.996429648845025,0.992859297690051,0.0321972056316774,-94.5244319535552,0.99996270827368,2,NA,"troot(x4*(x6*x4))","x4","NA",0.99466129552387,0.100963458405481,"NA"
"P2",1,TRUE,FALSE,FALSE,TRUE,2,0.724821332038503,0.449643203366842,0.0370151161475385,-94.3406692127019,0.999919310630724,4,NA,"troot((x4*x7)*x4)","troot((x4*x4)*x6)","x2",0.497793811255481,0.414230762886003,0.140151917311063
"P3",1,TRUE,FALSE,FALSE,FALSE,1,0.996429648845025,0.992859297690051,0.0318326196149911,-94.5244319535552,0.999963465697123,2,NA,"troot(x6*(x4*x4))","x4","NA",0.997956977000205,0.10140112448781,"NA"
"P4",1,FALSE,FALSE,FALSE,TRUE,1,0.996429109555188,0.992859297690051,0.0446839161944843,-94.3406692127019,0.999802694564618,2,NA,"troot(x4*(x4*x7))","x4","NA",0.99883785277625,0.151257149447233,"NA"
"P5",1,FALSE,FALSE,FALSE,TRUE,2,0.63309510938467,0.449643203366842,0.0456025490071033,-94.3406692127019,0.999789206546462,3,NA,"troot((x7*x4)*x4)","x2","x4",0.918756655113883,0.200150904419089,0.107494823330369
"P6",1,FALSE,FALSE,FALSE,TRUE,2,0.63309510938467,0.449643203366842,0.0436568226602672,-94.3406692127019,0.999819729513468,3,NA,"troot(x7*(x4*x4))","x2","x4",0.914033365170259,0.182798516244853,0.105264713276947
