"Experiment","Run","F1","F2","F3","F4","Count_FP","Correlation","Correlation_FP","MAE","LMP","R2","Count_P","Time","First","Second","Third","FirstM","SecondM","ThirdM"
"P1",1,FALSE,FALSE,FALSE,FALSE,2,0.604544956779782,0.604544956779782,0.0375453619917756,-101.896843541979,0.999911857567562,2,618.839999999967,"troot(x4)*troot(x4)","x4*x2","NA",1,0.957423989865858,"NA"
"P2",1,FALSE,FALSE,FALSE,FALSE,2,0.604544956779782,0.604544956779782,0.0389961974304764,-96.7669448270558,0.999877538234351,2,573.779999999912,"troot(x4*x4)","x4*x2","NA",1,0.999968006613132,"NA"
"P3",1,FALSE,FALSE,FALSE,FALSE,5,0.569116245224947,0.569116245224947,0.0414254436658366,-100.717970320674,0.999843662995648,5,537.689999999944,"troot(x4*x4)","x4*x6","x4",1,1,0.982099164085119
"P4",1,FALSE,TRUE,FALSE,FALSE,3,0.643687189814517,0.524916370600461,0.0366803495754204,-101.110142936484,0.999928028810939,4,562.570000000065,"troot(x4*(x9*x4))","x2*x4","x3*x4",1,0.601995597874947,0.289242772666161
"P5",1,FALSE,FALSE,FALSE,TRUE,2,0.63309510938467,0.449643203366842,0.0463020449831142,-94.3406692127019,0.999779665938153,3,589.130000000005,"troot((x7*x4)*x4)","x2","x4",1,0.217849746507991,0.10945222974022
"P6",1,FALSE,FALSE,FALSE,TRUE,2,0.63309510938467,0.449643203366842,0.0446122325069721,-94.3406692127019,0.999803370133834,3,563.229999999981,"troot(x7*(x4*x4))","x2","x4",0.999988533671053,0.199988782885277,0.109489672115371
