"Experiment","Run","F1","F2","F3","F4","Count_FP","Correlation","Correlation_FP","MAE","LMP","R2","Count_P","Time","First","Second","Third","FirstM","SecondM","ThirdM"
"P1",9,TRUE,FALSE,FALSE,FALSE,2,0.64273487381808,0.46410231072712,0.0320307167170427,-94.5244319535552,0.999961380273136,3,NA,"troot((x6*x4)*x4)","x7","x4",0.993266998029038,0.118589615729595,0.105800874006897
"P2",9,TRUE,FALSE,FALSE,FALSE,0,1,NA,0.0317646123009792,-94.5244319535552,0.999964912671391,1,NA,"troot(x4*(x6*x4))","NA","NA",0.946564124797598,"NA","NA"
"P3",9,TRUE,FALSE,FALSE,FALSE,2,0.639125515186015,0.458688272779023,0.0319684912849063,-94.5244319535552,0.999960261708758,3,NA,"troot(x6*(x4*x4))","x6","x4",0.988550931160789,0.113830333267152,0.101915410975745
"P4",9,FALSE,FALSE,FALSE,TRUE,3,0.800487033167485,0.733983070416538,0.0428507160063482,-94.3406692127019,0.999813334280532,4,NA,"troot((x4*x7)*x4)","troot(x4*x4)","x2*x4",0.849434703787731,0.150565306602805,0.149602410811609
"P5",9,FALSE,FALSE,FALSE,FALSE,3,0.985488592981159,0.985488592981159,0.0922031552035474,-99.5125191073178,0.996059936771093,3,NA,"x4","x10*x4","x4*troot(x4)",0.999440971506108,0.996654288238377,0.982667803503354
"P6",9,FALSE,FALSE,FALSE,FALSE,2,0.604544956779782,0.604544956779782,0.038642539067663,-96.7669448270558,0.999879546468413,2,NA,"troot(x4*x4)","x4*x2","NA",0.972894843229092,0.972853421475059,"NA"
