"Experiment","Run","F1","F2","F3","F4","Count_FP","Correlation","Correlation_FP","MAE","LMP","R2","Count_P","Time","First","Second","Third","FirstM","SecondM","ThirdM"
"P1",9,FALSE,FALSE,FALSE,FALSE,5,0.567757738727569,0.567757738727569,0.0907311332170716,-111.191484204222,0.99667129593676,5,542,"x4","x4*sin_deg(troot(x4)*x6)","x4*x7",1,0.99999999957529,0.659372362690199
"P2",9,TRUE,FALSE,FALSE,FALSE,1,0.50221070672575,0.00442141345149907,0.0314159633995654,-99.6543306684783,0.99995897514723,2,573.860000000102,"troot(((x6*x4)*x4))","x10","NA",0.99996560937722,0.281250339782437,"NA"
"P3",9,FALSE,FALSE,FALSE,FALSE,4,0.58187243788255,0.58187243788255,0.0585046590204451,-99.877214903911,0.999042787605289,4,514.630000000005,"troot(x4*x4)","x4*x3","x4",1,0.668393515971673,0.340958586417227
"P4",9,FALSE,FALSE,FALSE,FALSE,3,0.404503775670354,0.404503775670354,0.0389481457665337,-101.896843541979,0.999875290359529,3,540.140000000014,"troot(x4)*troot(x4)","x4*x2","x10",1,0.999999999999943,0.18629557281693
"P5",9,FALSE,FALSE,FALSE,FALSE,3,0.985488592981159,0.985488592981159,0.0922783792701537,-99.5125191073178,0.996053140737776,3,524.859999999986,"x4","x4*x10","x4*troot(x4)",1,0.997433498460387,0.983436787667933
"P6",9,FALSE,FALSE,FALSE,FALSE,2,0.999999528185775,0.999999528185775,0.0386906549380868,-106.945737189711,0.999899725927238,2,548.270000000019,"troot(x4*x4)","x9*troot(x4*x4)","NA",0.999999556419385,0.999989973107296,"NA"
