"Experiment","Run","F1","F2","F3","F4","Count_FP","Correlation","Correlation_FP","MAE","LMP","R2","Count_P","Time","First","Second","Third","FirstM","SecondM","ThirdM"
"P5",22,FALSE,TRUE,FALSE,FALSE,4,0.364050977227761,0.205063809670531,0.00139648798878578,695.117506684716,0.99999985830584,5,NA,"troot((x4*x4)*x9)","troot((x4*x4)*x7)*x6","x5*x5",0.999408914217362,0.99940527530346,0.909970462090243
"P1",22,FALSE,TRUE,FALSE,FALSE,6,0.302802266548156,0.186602703063401,0.00178491905142838,660.48434842038,0.999999631369053,7,NA,"(x9*troot(x4*(x9*x4)))*x7","troot(x4*(x9*x4))","x7",0.999999999999712,0.999999999999712,0.999895667050749
"P2",22,FALSE,FALSE,FALSE,FALSE,5,0.657085257273899,0.657085257273899,0.0016537930866932,696.692541424887,0.999999789496362,5,NA,"troot(x4*x4)","x9*troot(x4*x4)","troot(x4*x4)*x7",0.999999976344801,0.99999997624189,0.99999997624189
"P3",22,FALSE,FALSE,FALSE,FALSE,4,0.537075438630361,0.537075438630361,0.000917771980215262,683.955183587772,0.999999914599001,4,NA,"troot(x4*x4)","x6*troot(x4*x4)","x9",0.999991317570521,0.999991317570521,0.579246798848388
"P4",22,FALSE,FALSE,FALSE,FALSE,6,0.542395629426602,0.542395629426602,0.00153008001224343,682.51183271808,0.999999802490325,6,NA,"troot((x4*x4))","x5","x9*(troot(x4)*troot(x4))",0.999999999996475,0.999920595305454,0.999851747672958
"P6",22,FALSE,FALSE,FALSE,FALSE,5,0.658160135717974,0.658160135717974,0.001732280512087,684.082220386337,0.999999748295166,5,NA,"x5","x9*troot(x4*x4)","troot(x4*x4)*sigmoid(exp_dbl(x7))",1,1,0.999999999988273
