"Experiment","Run","F1","F2","F3","F4","Count_FP","Correlation","Correlation_FP","MAE","LMP","R2","Count_P","Time","First","Second","Third","FirstM","SecondM","ThirdM"
"P5",22,FALSE,FALSE,FALSE,FALSE,13,0.471284275198547,0.471284275198547,0.00224088268765125,570.922810891035,0.999998914851721,13,601.700000000012,"(x6*x4)*(troot(x4)*x4)","troot(troot(x4)*x4)*(x6*x4)","x6*sin_deg(x6*troot(troot(x4)*x4))",1,1,1
"P1",22,FALSE,FALSE,FALSE,FALSE,10,0.406251839188826,0.406251839188826,0.00300110914210171,567.843306213813,0.99999940761759,10,585.410000000033,"x4","x4*x6","troot(1+(x4*x4))",1,1,1
"P2",22,FALSE,FALSE,FALSE,FALSE,4,0.537075438630361,0.537075438630361,0.00091772441786626,673.695386157927,0.999999914596979,4,601.5,"troot((x4*x4))","troot(x4)*(troot(x4)*x6)","x9",1,1,0.581650957868196
"P3",22,FALSE,FALSE,FALSE,FALSE,10,0.676337502055948,0.676337502055948,0.103970861423975,537.102888969777,0.981587397453663,10,595.5,"(x4*x3)*(x4*(x4*x8))","x4*x8","x7",1,1,1
"P4",22,FALSE,FALSE,FALSE,FALSE,6,0.542395629426602,0.542395629426602,0.00153019385151228,682.51183271808,0.999999802453702,6,655.439999999944,"x9*(troot(x4)*troot(x4))","x7*(troot(x4)*troot(x4))","sin_deg(x5)",1,1,1
"P6",22,FALSE,FALSE,FALSE,FALSE,4,0.446412298599477,0.446412298599477,0.00171443249726381,626.286419837827,0.999999785851688,4,640.320000000065,"x6*(troot(1+x4)*troot(1+x4))","troot(1+x4)*troot(1+x4)","x5",1,1,0.999944194427177
