"Experiment","Run","F1","F2","F3","F4","Count_FP","Correlation","Correlation_FP","MAE","LMP","R2","Count_P","Time","First","Second","Third","FirstM","SecondM","ThirdM"
"P5",22,FALSE,FALSE,FALSE,FALSE,13,0.749865571015481,0.749865571015481,0.0330264149294125,634.273447674957,0.998186472276083,13,609.589999999967,"x4*x4","x4","troot(x4)*x4",1,1,1
"P1",22,FALSE,TRUE,FALSE,FALSE,6,0.302802266548156,0.186602703063401,0.00178491905120469,660.48434842038,0.999999631369053,7,613.639999999956,"(x9*troot(x4*(x9*x4)))*x7","troot(x4*(x9*x4))","x7",1,1,0.99989566705102
"P2",22,FALSE,TRUE,FALSE,FALSE,6,0.69297794310004,0.641807659040599,0.00166443765888722,679.132858544149,0.999999765524934,7,638.690000000002,"x4*x1","(x7*x4)*x7","x9*x4",1,1,1
"P3",22,FALSE,FALSE,FALSE,FALSE,4,0.537075438630361,0.537075438630361,0.000917775138522316,683.955183587772,0.999999914597897,4,650.020000000019,"troot(x4*x4)","x6*troot(x4*x4)","x9",1,1,0.579251828161537
"P4",22,FALSE,FALSE,FALSE,FALSE,4,0.537075438630361,0.537075438630361,0.000921090728282424,673.695386157927,0.999999914369059,4,684.849999999977,"troot((x4*x4))","x6*troot((x4*x4))","x9",1,1,0.588016691812012
"P6",22,FALSE,FALSE,FALSE,FALSE,8,0.789364085147738,0.789364085147738,0.00362044709217333,626.491143657226,0.999996816850462,8,670.900000000023,"exp_dbl(x7)*troot(x4)","troot(x4*x4)","x10*x4",1,1,1
