"Experiment","Run","F1","F2","F3","F4","Count_FP","Correlation","Correlation_FP","MAE","LMP","R2","Count_P","Time","First","Second","Third","FirstM","SecondM","ThirdM"
"P1",21,FALSE,FALSE,FALSE,FALSE,3,0.381478412441251,0.381478412441251,0.0386838220475323,-96.7669448270558,0.999881179479003,3,NA,"troot(x4*x4)","x2*x4","x7",0.999998472507455,0.980955995336073,0.153404904880684
"P2",21,TRUE,FALSE,FALSE,TRUE,0,0.999999460710163,NA,0.0398714759499864,-94.3406692127019,0.999879928880193,2,NA,"troot(x4*(x7*x4))","troot(x4*(x6*x4))","NA",0.740287495741017,0.217384331173686,"NA"
"P3",21,TRUE,FALSE,FALSE,FALSE,2,0.633095468911228,0.449643203366842,0.0345471523121988,-94.5244319535552,0.999940113068651,3,NA,"troot((x4*x6)*x4)","x2","x4",0.992569237771327,0.347883259824572,0.10100601477678
"P4",21,FALSE,FALSE,FALSE,TRUE,3,0.800487033167485,0.733983070416538,0.0431877475067195,-94.3406692127019,0.999813324326725,4,NA,"troot(x4*(x7*x4))","troot(x4*x4)","x2*x4",0.848586420971142,0.151406914822979,0.149971233215975
"P5",21,TRUE,FALSE,FALSE,FALSE,4,0.991293018222703,0.989116272778379,0.0557569695813838,-99.5125191073178,0.999051780668919,5,NA,"x4","x4*x10","troot(x4)*x4",0.58014542370136,0.464654649114799,0.458888999583314
"P6",21,FALSE,FALSE,FALSE,FALSE,3,0.284002128515961,0.284002128515961,0.037284155850251,-96.7669448270558,0.999904022411927,3,NA,"troot(x4*x4)","x2*x4","x3",0.999999882713034,0.957294684508916,0.109760498386066
