"Experiment","Run","F1","F2","F3","F4","Count_FP","Correlation","Correlation_FP","MAE","LMP","R2","Count_P","Time","First","Second","Third","FirstM","SecondM","ThirdM"
"P1",21,FALSE,FALSE,FALSE,FALSE,5,0.358970655851605,0.358970655851605,1.67628961157458,-112.684013010022,-3.60020347365133,5,560.390000000014,"x4","x2","x5*x4",1,0.999999978873041,0.999999974535235
"P2",21,FALSE,FALSE,FALSE,FALSE,5,0.643837853942185,0.643837853942185,0.0726265169057952,-104.667556857871,0.997964072897926,5,584.530000000028,"x4","troot(x4)*x4","x4*x2",1,0.996257477218262,0.776690123660466
"P3",21,FALSE,FALSE,FALSE,FALSE,3,0.371839007534399,0.371839007534399,0.0401592031696768,-101.896843541979,0.999867036224233,3,538.060000000056,"troot(x4)*troot(x4)","x4*x2","x2",1,0.99988884655675,0.183171234583313
"P4",21,FALSE,FALSE,FALSE,TRUE,1,0.996429109555188,0.992859297690051,0.0439607522678617,-94.3406692127019,0.999799377054934,2,575.969999999972,"troot(x4*(x7*x4))","x4","NA",1,0.15135973780063,"NA"
"P5",21,FALSE,FALSE,FALSE,FALSE,6,0.681832618970882,0.681832618970882,0.0424006829960969,-100.720409257459,0.999868206468309,6,555.14000000013,"troot(x4*x4)","x4","x4*x9",0.999999999791414,0.842209209692369,0.460030696875892
"P6",21,FALSE,FALSE,FALSE,FALSE,3,0.284002128515961,0.284002128515961,0.0384573483179719,-96.7669448270558,0.999873771712999,3,561.050000000047,"troot(x4*x4)","x2*x4","x3",0.999999971244359,0.999999768765185,0.11384381843978
