"Experiment","Run","F1","F2","F3","F4","Count_FP","Correlation","Correlation_FP","MAE","LMP","R2","Count_P","Time","First","Second","Third","FirstM","SecondM","ThirdM"
"P1",21,FALSE,FALSE,FALSE,FALSE,3,0.651563512936131,0.651563512936131,0.0365074293402569,-100.723720798733,0.999907474116372,3,522.390000000014,"troot(x4*x4)","x4*x8","x4",1,0.999392679144826,0.676344577618193
"P2",21,FALSE,FALSE,FALSE,TRUE,1,0.996429109555188,0.992859297690051,0.04385601897121,-94.3406692127019,0.999799657875344,2,580.459999999963,"troot(x4*(x4*x7))","x4","NA",0.999999981775182,0.16155946717182,"NA"
"P3",21,TRUE,FALSE,FALSE,FALSE,1,0.453213554521817,-0.0935728909563669,0.0342200463061267,-94.5244319535552,0.999941007954402,2,524.140000000014,"troot((x4*x6)*x4)","x2","NA",1,0.350372554384167,"NA"
"P4",21,FALSE,FALSE,FALSE,FALSE,4,0.262715586591847,0.262715586591847,0.0402174284395984,-96.7669448270558,0.99987039673311,4,535.899999999907,"x4*x2","troot(x4*x4)","x2",0.999999999963712,0.999911102271365,0.208583812911431
"P5",21,FALSE,FALSE,FALSE,FALSE,6,0.807967888331948,0.807967888331948,0.0955048424058853,-103.889409415143,0.99409767453138,6,509.709999999963,"x4*x4","x4*x10","x4",0.999999999638961,0.999999999345475,0.999985379212082
"P6",21,FALSE,FALSE,FALSE,FALSE,6,0.549714034028087,0.549714034028087,0.062635146385066,-99.877214903911,0.998712275007814,6,563.64000000013,"troot(x4*x4)","x3*x4","x4",1,0.757996893285203,0.376211036986064
