"Experiment","Run","F1","F2","F3","F4","Count_FP","Correlation","Correlation_FP","MAE","LMP","R2","Count_P","Time","First","Second","Third","FirstM","SecondM","ThirdM"
"P1",21,FALSE,FALSE,FALSE,FALSE,3,0.381478412441251,0.381478412441251,0.0387747500857193,-96.7669448270558,0.999878142610608,3,569.910000000033,"troot(x4*x4)","x2*x4","x7",0.999998565157296,0.999975393542293,0.156379216660809
"P2",21,TRUE,FALSE,FALSE,TRUE,0,0.999999460710163,NA,0.0365554144608852,-94.3406692127019,0.999930706931793,2,617.979999999981,"troot(x4*(x7*x4))","troot(x4*(x6*x4))","NA",0.546014993997152,0.45398501720789,"NA"
"P3",21,FALSE,FALSE,FALSE,FALSE,3,0.985488592981159,0.985488592981159,0.0930677893470085,-99.5125191073179,0.996056235534557,3,559.619999999995,"x4","x4*troot(x4)","x10*x4",1,1,0.999997990055712
"P4",21,FALSE,FALSE,FALSE,FALSE,3,0.381478412441251,0.381478412441251,0.038854373798745,-96.7669448270558,0.999874051994413,3,575.149999999907,"troot(x4*x4)","x2*x4","x7",1,1,0.166521092471683
"P5",21,FALSE,FALSE,FALSE,FALSE,3,0.985488592981159,0.985488592981159,0.0930509135883513,-99.5125191073178,0.996057382595839,3,570.620000000112,"x4","troot(x4)*x4","x4*x10",1,0.999999999999987,0.999999997161618
"P6",21,FALSE,FALSE,FALSE,FALSE,2,0.482932190265945,0.482932190265945,0.0404881466826375,-107.529830276008,0.99985450820297,2,607.85999999987,"troot(x4)*troot(x4)","x4*(x3*x8)","NA",1,0.999984141454918,"NA"
