"Experiment","Run","F1","F2","F3","F4","Count_FP","Correlation","Correlation_FP","MAE","LMP","R2","Count_P","Time","First","Second","Third","FirstM","SecondM","ThirdM"
"P1",31,FALSE,TRUE,FALSE,FALSE,3,0.47646835179976,0.301957919914119,0.00165000653550973,675.760040480126,0.999999761630175,4,NA,"troot(x4*(x9*x4))","x9*troot(x4*(x9*(x7*x4)))","x1*x4",1,1,0.999999731460999
"P2",31,FALSE,FALSE,FALSE,FALSE,6,0.487279826250308,0.487279826250308,0.00152673497987048,694.055935628515,0.99999982575152,6,NA,"x9*troot(x4*x4)","troot(x4*x4)","x6*(x7*troot(x4*x4))",0.999999998831609,0.999988951718385,0.999936942214176
"P6",31,FALSE,FALSE,FALSE,TRUE,8,0.535687792612116,0.47764890151109,0.00147829424979609,646.677559225354,0.999999784535941,9,NA,"x4","x9*troot((x4*x7)*x4)","troot((x4*x7)*x4)",1,1,1
