"Experiment","Run","F1","F2","F3","F4","Count_FP","Correlation","Correlation_FP","MAE","LMP","R2","Count_P","Time","First","Second","Third","FirstM","SecondM","ThirdM"
"P1",31,FALSE,FALSE,FALSE,FALSE,10,0.463936369298115,0.463936369298115,0.0363127971586215,532.891638655296,0.998095222707049,10,424.687,"(troot(1+x4)*troot(troot(1+x4)))*troot(1+x4)","x4","troot(1+x4)",1,1,1
"P2",31,FALSE,FALSE,FALSE,FALSE,4,0.46496456610627,0.46496456610627,0.000969087758337089,673.488289482678,0.999999908839367,4,380.809000000001,"(troot(x4)*troot(x4))*x6","troot(x4)*troot(x4)","x7",1,1,0.165865210958428
"P6",31,FALSE,FALSE,FALSE,FALSE,13,0.374802520765892,0.374802520765892,0.131980886834621,432.57350886973,0.969858467695917,13,409.679000000004,"x6*((x10*x4)*p3(p0(sin_deg(x4))))","x4","p3(p0(sin_deg(x4)))",1,1,1
