"Experiment","Run","F1","F2","F3","F4","Count_FP","Correlation","Correlation_FP","MAE","RMSE","LMP","R2","Count_P","Time","First","Second","Third","FirstM","SecondM","ThirdM"
"S1",30,TRUE,FALSE,FALSE,FALSE,3,0.729618040841672,0.639490721122229,0.000819724723299102,0.0018058206638278,687.881431327976,0.999999889817944,4,2292.02099999995,"troot(x4*(x6*x4))","x4","x7*x4",1,0.999935772261941,0.99993003700126
"S2",30,TRUE,FALSE,FALSE,FALSE,2,0.995239780774171,0.992859671161257,0.000830880185380971,0.0018038129254978,687.684548542455,0.999999890062812,3,2319.47200000001,"x6*x4","x4","troot(x4*(x6*x4))",1,1,1
"S3",30,FALSE,FALSE,FALSE,FALSE,5,0.41621099516543,0.41621099516543,0.000907499642612793,0.00158714910300216,683.955183587772,0.999999914886766,5,2361.68300000002,"x6*troot(x4*x4)","troot(x4*x4)","x9",1,1,0.561442979491587
"S4",30,FALSE,FALSE,FALSE,FALSE,6,0.542395629426602,0.542395629426602,0.00153015873130425,0.00241787757062137,682.511832718163,0.99999980247128,6,2298.53499999997,"x7*(troot(x4)*troot(x4))","troot(x4)*troot(x4)","troot(x4)*(x9*troot(x4))",1,1,1
"S5",30,FALSE,FALSE,FALSE,FALSE,5,0.657085257273899,0.657085257273899,0.00165287306905466,0.00249353834635761,681.302845280182,0.999999789915632,5,2548.696,"troot(x4)*troot(x4)","x5","x9*(troot(x4)*troot(x4))",0.999999999201604,0.999166488421869,0.99840653023278
"S6",30,FALSE,FALSE,FALSE,FALSE,5,0.657085257273899,0.657085257273899,0.00165413682405343,0.00249535299673816,696.692541424986,0.999999789609747,5,2257.72199999995,"troot(x4*x4)","x7*troot(x4*x4)","x9*troot(x4*x4)",1,1,1
