"Experiment","Run","F1","F2","F3","F4","Count_FP","Correlation","Correlation_FP","MAE","LMP","R2","Count_P","Time","First","Second","Third","FirstM","SecondM","ThirdM"
"P2",24,FALSE,FALSE,FALSE,TRUE,0,0.999998921420326,NA,0.0446128300532835,-94.3406692127019,0.999803339782663,1,375.351999999999,"troot((x7*x4)*x4)",NA,NA,1,NA,NA
"P3",24,FALSE,FALSE,FALSE,FALSE,5,0.367420426930243,0.367420426930243,0.226992608097081,-113.151803855465,0.950782909796097,5,467.464,"x4","x4*x4","p3(x8*x4)",1,1,0.992751913987178
"P4",24,TRUE,FALSE,FALSE,FALSE,1,0.453213554521817,-0.0935728909563669,0.0343597793766144,-99.6543306684783,0.999939949492678,2,347.330999999998,"troot(x4*x6)*troot(x4)","x2",NA,0.999999999656487,0.354050383460131,NA
"P5",24,FALSE,FALSE,FALSE,FALSE,3,0.985488592981159,0.985488592981159,0.0929432638067046,-99.5125191073178,0.996073116467454,3,375.292999999991,"x4","troot(x4)*x4","x10*x4",1,0.99867798044988,0.994255785557931
