"Experiment","Run","F1","F2","F3","F4","Count_FP","Correlation","Correlation_FP","MAE","RMSE","LMP","R2","Count_P","Time","First","Second","Third","FirstM","SecondM","ThirdM"
"S1",14,FALSE,FALSE,FALSE,FALSE,1,0.999999312170039,0.999999312170039,0.129550222647118,0.652992458346272,-26.7809518466237,0.985592853683373,1,2523.882,"troot(x4*x4)","NA","NA",0.94142965984667,"NA","NA"
"S2",14,FALSE,FALSE,FALSE,FALSE,1,0.99999974420151,0.99999974420151,0.0942296940423221,0.402016258685973,-24.0166299391974,0.994539293046077,1,2541.352,"troot(x4*x4)*x9","NA","NA",1,"NA","NA"
"S3",14,FALSE,TRUE,FALSE,FALSE,1,0.999999695829097,0.99999974420151,0.0273451383200931,0.13598996378692,-22.889285690445,0.999375150607206,2,2545.616,"troot((x4*x4)*x9)","troot(x4*x4)*x9","NA",0.754261221308104,0.245738778692242,"NA"
"S4",14,FALSE,FALSE,FALSE,FALSE,3,0.988045457953733,0.988045457953733,0.110541712467751,0.175210759574659,-28.2364995747419,0.998962750627821,3,2479.77,"x4","x9*troot(x4)","x9*(troot(x4)*troot(x4))",0.713533225687018,0.711696401441989,0.288303706689322
"S5",14,FALSE,FALSE,FALSE,FALSE,1,0.99999974420151,0.99999974420151,0.0642947374732356,0.317643284713421,-29.1465286541205,0.996590890172836,1,2522.275,"(troot(x4)*troot(x4))*x9","NA","NA",0.940334210790468,"NA","NA"
"S6",14,FALSE,FALSE,FALSE,FALSE,1,0.99999974420151,0.99999974420151,8.79618711260596e+281,Inf,-24.0166299391974,-Inf,1,2582.462,"troot(x4*x4)*x9","NA","NA",0.940410453420042,"NA","NA"
