"Experiment","Run","Correlation","MAE","RMSE","LMP","R2","Count_P","Time","First","Second","Third","FirstM","SecondM","ThirdM"
"S1",3,0.928010990107606,2.38287730847853,3.7672232257024,-1266.70106885723,0.859924504724839,32,6439.817,"p0(x10)","p0(x5)*troot(p0(x6))","p0(x1)",1,1,1
"S2",3,0.891179998620406,2.85148453114046,4.58267662960221,-1315.17079965725,0.79271976963626,21,4518.438,"troot(x10)","x9","troot(troot(x1)*x10)",1,1,1
"S3",3,0.0809243560339665,5.15444763986624,20.0712509795346,-1322.19253546974,-2.97620108922371,25,5423.747,"x1","exp_dbl(sigmoid(x13))","p0(x10)",1,1,1
"S4",3,0.856510440278043,3.07418036558958,5.60997281906333,-1282.57144134838,0.689371735031381,21,4687.169,"x10*x6","x8","troot(x1)*x5",1,1,1
"S5",3,0.864007612129004,2.94913759483257,5.28298959426728,-1338.7925074804,0.724527045243251,26,4878.208,"x8*(x1*x1)","(x8*(x1*x1))*sigmoid(x13)","p0(x1)*x10",1,1,1
"S6",3,0.833121626525912,3.36452037480288,6.86953113908935,-1359.26627098477,0.534227707718059,24,4641.275,"x7*(x13*(x6*x10))","p0(x6)","troot(x10)",1,1,1
