"Experiment","Run","F1","F2","F3","F4","Count_FP","Correlation","Correlation_FP","MAE","RMSE","LMP","R2","Count_P","Time","First","Second","Third","FirstM","SecondM","ThirdM"
"S1",30,FALSE,FALSE,FALSE,FALSE,4,0.48252037151739,0.48252037151739,0.000922728842992357,0.0016245046877266,683.81122596715,0.999999910833119,4,706.563,"troot(x4*x4)","x6*troot(x4*x4)","x9",1,1,0.557966295863066
"S2",30,FALSE,FALSE,FALSE,FALSE,5,0.657085257273899,0.657085257273899,0.00164983358577184,0.00248684094285936,696.692541424931,0.999999791042649,5,840.182,"x9*troot(x4*x4)","troot(x4*x4)","x7*troot(x4*x4)",1,1,1
"S3",30,FALSE,FALSE,FALSE,FALSE,6,0.34454322929852,0.34454322929852,0.00165594205444185,0.00255350543342215,586.023077869031,0.999999779689494,6,713.121,"x7*sigmoid((x4*x3)*x7)","((troot(x4)*troot(sigmoid((x4*x3)*x4)+(x7*x4)))*x9)*x6","troot(x4)*troot(sigmoid(((x4*x3)*x10)*(x4*x3))+x4)",1,1,1
"S4",30,TRUE,FALSE,FALSE,FALSE,2,0.995239780774171,0.992859671161257,5.37030015218596e+292,Inf,687.684548542455,-Inf,3,866.267,"troot(x4*(x6*x4))","x4","x6*x4",1,0.939706757712236,0.932958588192344
"S5",30,FALSE,FALSE,FALSE,FALSE,10,NA,NA,NA,NA,149.079411002645,NA,10,769.913,"troot(1+(((x2*x4)*(x4*x6))+p3(x7)))","x4","(x4*x6)*x2",1,1,1
"S6",30,TRUE,FALSE,FALSE,FALSE,2,0.995239780774171,0.992859671161257,0.000820309806536825,0.00176069122602995,687.684548542455,0.99999989525627,3,815.726000000001,"troot((x4*x6)*x4)","x4","x4*x6",1,0.975318055860728,0.968666057840251
