"Experiment","Run","F1","F2","F3","F4","Count_FP","Correlation","Correlation_FP","MAE","RMSE","LMP","R2","Count_P","Time","First","Second","Third","FirstM","SecondM","ThirdM"
"S1",15,FALSE,FALSE,FALSE,FALSE,3,0.988045457953733,0.988045457953733,0.11067261652586,0.175337878535225,-28.2364995747419,0.99896124499091,3,2556.877,"x9*troot(x4)","x4","x9*(troot(x4)*troot(x4))",0.713006193591101,0.713006086460986,0.286993913539014
"S2",15,FALSE,TRUE,FALSE,FALSE,0,0.999999647456683,NA,0.060857672742457,0.303916304199419,-22.889285690445,0.996879173432357,1,2518.905,"troot(x9*(x4*x4))","NA","NA",1,"NA","NA"
"S3",15,FALSE,FALSE,FALSE,FALSE,2,0.686399262445923,0.686399262445923,0.0416707348381894,0.17854362970858,-26.5564221230126,0.998922914064534,2,2517.606,"troot(x4*x4)","x3*x4","NA",0.999999998567381,0.521134367644819,"NA"
"S4",15,FALSE,FALSE,FALSE,FALSE,1,0.99999974420151,0.99999974420151,0.0764771110164822,0.37952703266927,-24.0166299391974,0.995133160034381,1,2547.64,"troot(x4*x4)*x9","NA","NA",0.999980545717843,"NA","NA"
"S5",15,FALSE,FALSE,FALSE,FALSE,1,0.99999974420151,0.99999974420151,0.0643617467198034,0.318306804899637,-24.0166299391974,0.996576632822918,1,2466.366,"troot(x4*x4)*x9","NA","NA",0.941078867681884,"NA","NA"
"S6",15,FALSE,FALSE,FALSE,FALSE,2,0.994001745179826,0.994001745179826,1.91518397737602e+256,Inf,-26.996322246006,-Inf,2,2564.353,"x4","(pm05(x4)*x4)*x9","NA",0.999999998081553,0.929368836051157,"NA"
