"Experiment","Run","Correlation","MAE","RMSE","LMP","R2","Count_P","Time","First","Second","Third","FirstM","SecondM","ThirdM"
"S1",14,0.842112898785026,3.31271431858228,6.21304729723415,-966.174966702215,0.618996665810349,16,4892.12,"x9*x6","x9*x13","x11",1,1,0.999999999999999
"S2",14,0.891998241184949,2.87619758395486,4.55406579123479,-967.476983094379,0.795299898649146,17,5059.792,"x10*x6","x10*p0(x13)","x6",1,1,1
"S3",14,0.835728708634382,3.37267684271125,6.39031623286251,-979.411861906172,0.596945144463367,17,5692.115,"x10","x10*x13","x10*sigmoid(x13)",0.999999999999999,0.999999999999734,0.999999999998387
"S4",14,0.810673383096004,3.62637879143866,7.3109144185459,-964.123757479143,0.472450935825291,19,4404.502,"p3(x6)*x10","x1*sigmoid(x13)","x11",1,1,0.999999999999999
"S5",14,0.869844326695703,2.94618022617805,5.10366834001239,-982.038905473847,0.742910496749591,13,3928.838,"x9*p3(x6)","p3(x6)","x13*x9",1,0.999999999909273,0.999999999821153
"S6",14,0.823827901672694,3.53985976656535,6.90286028715692,-964.670441646027,0.529697135820033,12,3562.253,"x6*x6","x1","x11",1,1,1
