"Experiment","Run","Correlation","MAE","RMSE","LMP","R2","Count_P","Time","First","Second","Third","FirstM","SecondM","ThirdM"
"S1",4,0.857065740844883,3.24923884783272,5.21970261331935,-2410.83460703207,0.731087507987145,14,7301.189,"x1","x4","x5",1,1,1
"S2",4,0.840849419356854,3.61054089796716,5.53382262725822,-3440.39226813769,0.697747482794175,15,7437.616,"x1","x2","x4",1,1,1
"S3",4,0.860226402723611,3.37750661453981,5.13951661656046,-2651.94858848691,0.739286208319141,15,7728.4,"troot(x13)","x6","x8",1,1,1
"S4",4,0.863934991694721,3.22450783880909,5.10110036548797,-2440.16181051896,0.743169147256289,15,7457.023,"x1","x2","exp_dbl(x1)",1,1,1
"S5",4,0.873788612453961,3.06663086007121,4.94476123793458,-2045.77036467171,0.75867066892351,15,7433.283,"x1","(x10*x6)*x13","x10*x6",1,1,1
"S6",4,0.859856700646561,3.42792766095533,5.16649346225577,-2779.58599234268,0.736542100397836,15,3381.235,"x1","p3(x5)","x8*(x8*x11)",1,1,1
