"Experiment","Run","Correlation","MAE","RMSE","LMP","R2","Count_P","Time","First","Second","Third","FirstM","SecondM","ThirdM"
"S1",19,0.770016677628477,3.84276368493989,10.0856846281929,-1308.80523864884,-0.00399193632740014,29,5774.901,"sigmoid(troot(x13))*troot(x6)","troot((x13*x1)*(x13*x1))","sigmoid(1+(x5+(x13*x8)))",1,1,1
"S2",19,0.211245101592951,4.55570878098473,15.9189710478117,-1274.14118978302,-1.50120588908299,33,5455.927,"x1","x7*x12","x6*x10",1,1,1
"S3",19,0.83951143329415,3.19550122466929,6.85003152329518,-1254.5325533104,0.536868205328735,22,5228.671,"troot(x6)*x7","x7*exp_dbl(x9)","x8",1,1,1
"S4",19,0.895975216909226,2.89046770927508,4.80150440024657,-1320.68200618866,0.772451425486974,21,5082.461,"(x6*x6)*x6","((x5*x1)*(x5*x1))*x13","x11",1,1,1
"S5",19,0.845026529330007,3.25727863757026,6.19152030400506,-1262.59830709963,0.621632295925556,20,5328.9,"x6*x6","p0(x6)","x11*sigmoid(exp_dbl(x6))",1,1,1
"S6",19,0.84585218420111,3.20224151432227,6.03489012029075,-1306.92181957239,0.640533692076397,19,4631.878,"x11*((x6*(x7*x10))*p3(x6))","x6","sigmoid(troot(x6))",1,1,1
