"Experiment","Run","F1","F2","F3","F4","Count_FP","Correlation","Correlation_FP","MAE","RMSE","LMP","R2","Count_P","Time","First","Second","Third","FirstM","SecondM","ThirdM"
"S1",17,FALSE,FALSE,FALSE,FALSE,2,0.982068314829844,0.982068314829844,0.161929561013902,0.260110784218927,-28.2364995747419,0.997713988805471,2,2522.031,"x4","troot(x4)*x9","NA",0.976199637762773,0.937991484990581,"NA"
"S2",17,FALSE,FALSE,FALSE,FALSE,2,0.996429304930045,0.996429304930045,0.124160446782356,0.650803893757942,-26.7809518466237,0.985689265610844,2,2621.026,"troot(x4*x4)","x4","NA",0.999652418003912,0.143553866727855,"NA"
"S3",17,FALSE,FALSE,FALSE,FALSE,1,0.99999974420151,0.99999974420151,0.0764964175804276,0.379565445248545,-24.0166299391974,0.995132174822153,1,2455.542,"troot(x4*x4)*x9","NA","NA",1,"NA","NA"
"S4",17,FALSE,TRUE,FALSE,FALSE,0,0.999999647456683,NA,0.0608576683816628,0.30391630478185,-22.889285690445,0.996879173420395,1,2443.535,"troot(x4*(x4*x9))","NA","NA",1,"NA","NA"
"S5",17,FALSE,FALSE,FALSE,FALSE,2,0.982068314829844,0.982068314829844,0.163222904691565,0.259668107500542,-28.2364995747419,0.997721763206809,2,2644.899,"x4","x9*troot(x4)","NA",0.999999999999365,0.965300852778063,"NA"
"S6",17,FALSE,FALSE,FALSE,FALSE,2,0.999999528185775,0.999999528185775,0.062464278657226,0.315189922658984,-24.0166299391974,0.996643348270829,2,2620.564,"x9*troot(x4*x4)","troot(x4*x4)","NA",0.874633943190272,0.12537208911956,"NA"
