"Experiment","Run","F1","F2","F3","F4","Count_FP","Correlation","Correlation_FP","MAE","RMSE","LMP","R2","Count_P","Time","First","Second","Third","FirstM","SecondM","ThirdM"
"S1",19,FALSE,FALSE,FALSE,FALSE,6,0.334262037282524,0.334262037282524,0.00094080882466566,0.00160264977371457,673.695386157928,0.999999913216155,6,903.704000000027,"troot(x4)*troot(x4)","(troot(x4)*troot(x4))*x6","x9",1,1,0.676626670006035
"S2",19,TRUE,FALSE,FALSE,FALSE,3,0.731128235165222,0.64150431355363,0.000841845448098598,0.00162669098848854,684.777371260963,0.999999910592952,4,1058.359,"troot(x4*x4)","troot((x4*x4)*x6)","troot(x4*x4)*x6",0.995933263040865,0.741319070111246,0.262747695160609
"S3",19,TRUE,FALSE,FALSE,FALSE,1,0.999999656085019,0.999999312170039,0.000808852546111629,0.00163352270969086,684.777371260963,0.999999909840397,2,926.940000000002,"troot(x4*x4)","troot(x6*(x4*x4))","NA",1,1,"NA"
"S4",19,TRUE,FALSE,FALSE,FALSE,4,0.45384093265349,0.317301165816863,0.000876237703916929,0.00179804133318863,683.919814751588,0.99999989076521,5,1178.01199999999,"troot(x4*(x4*x6))","x2*x4","x4",1,1,0.302256016273982
"S5",19,FALSE,TRUE,FALSE,FALSE,5,0.339535518684298,0.207442692929821,0.00199617740432538,0.00386137588486714,679.058912688941,0.999999496214346,6,878.152999999991,"troot(x9)*(troot(x4)*troot(x4))","x7","(troot(x4)*troot(x4))*x6",1,0.999999999999884,0.999969356570971
"S6",19,FALSE,FALSE,FALSE,FALSE,7,0.235330139314811,0.235330139314811,0.00154060375459443,0.00323005243140826,633.379132566208,0.99999964748242,7,1094.69099999999,"troot(x4)*(troot(x4)*x6)","(troot(x4)*(troot(x4)*x6))*x6","x6",1,1,0.999752380662329
