"Experiment","Run","F1","F2","F3","F4","Count_FP","Correlation","Correlation_FP","MAE","RMSE","LMP","R2","Count_P","Time","First","Second","Third","FirstM","SecondM","ThirdM"
"S1",18,FALSE,TRUE,FALSE,FALSE,6,0.386172163498938,0.283867582839314,0.00193848902886648,0.00373220743432608,689.04954252553,0.999999529355288,7,977.097000000009,"troot(x4*(x4*x9))","x4*x1","x7",1,0.999999999999897,0.999999777985295
"S2",18,FALSE,FALSE,FALSE,TRUE,5,0.713917688270527,0.656701441640567,0.00245133414003889,0.00759323705379619,650.027445494785,0.999998051880684,6,1025.636,"troot(x4*(x7*x4))*x7","troot(x4*(x7*x4))*x9","(troot(x4*(x7*x4))*x7)*x7",1,1,1
"S3",18,FALSE,FALSE,FALSE,FALSE,7,0.235498385097637,0.235498385097637,0.00092333531973505,0.00158744589382924,673.695386157929,0.999999914854931,7,1032.41600000003,"troot(x4)*troot(x4)","x6*(troot(x4)*troot(x4))","x9",1,1,0.658868668050206
"S4",18,FALSE,FALSE,FALSE,FALSE,7,0.456442102620634,0.456442102620634,0.00154354012653731,0.00243211791945562,697.519928711661,0.999999800137695,7,1244.63500000001,"troot(x4*x4)","troot(x4*x4)*x9","troot(x4*x4)*x7",1,1,1
"S5",18,FALSE,FALSE,FALSE,FALSE,4,0.537075438630361,0.537075438630361,0.000916137139585804,0.00158861011953259,683.955183587772,0.999999914729996,4,933.533000000054,"troot(x4*x4)*x6","troot(x4*x4)","x9",1,1,0.614584377970885
"S6",18,TRUE,FALSE,FALSE,FALSE,4,0.585618789794995,0.482023487243744,0.00108166179784752,0.00202763254490698,688.804640150661,0.999999861087879,5,1118.16399999999,"troot((x4*x6)*x4)","x4","x4*x6",1,0.999046075806085,0.838449083584129
