"Experiment","Run","Correlation","MAE","RMSE","Time","FirstFeature","SecondFeature","ThirdFeature","FourthFeature","FifthFeature"
"S1",2,0.773889897594651,1.48039771882077,2.04290096828413,6150.054,"troot(x7)","x4","sin(x5)","sin(x5)*sin(x5)","sin(x5)*x4"
"S2",2,0.773188395096396,1.48025832695795,2.04522519410474,5874.647,"x6","x9","x8","exp_dbl(x5)*troot(x4*(x7*x3))","exp_dbl(x5)*troot(x5*(x7*x3))"
"S3",2,0.751123937850648,1.53210369069048,2.13136473349394,6649.925,"x2","x4","x5","x6","x8"
"S4",2,0.778517143176791,1.47097882947907,2.02467702813969,6502.732,"x4","x6","x9","x7","x5*x5"
"S5",2,0.764417270311939,1.48703951420655,2.07859431861986,6402.262,"troot(x4)","sin(troot(x5*x7))","x9*x5","x5*x8","x8"
"S6",2,0.772502878666707,1.48489108856234,2.04829927662457,6650.40399999999,"x4","x5","x6","x8","x9"
