"Experiment","Run","Correlation","MAE","RMSE","Time","FirstFeature","SecondFeature","ThirdFeature","FourthFeature","FifthFeature"
"S1",6,0.773200817667996,1.48595276511172,2.0447446214707,6180.007,"x4*p0(x5)","x5*p3(x3)","x3","x5","exp_dbl(x5)"
"S2",6,0.772573396787719,1.48333034383498,2.04789610139561,7306.393,"x4","x5","x9","x4*sigmoid(1+x5)","sin(x5)"
"S3",6,0.773947697308302,1.48221980443853,2.04257120904882,6641.626,"troot(p0(x7))","x4","troot(x3)","x8","x9"
"S4",6,0.771536688126759,1.48487003551564,2.05165310481203,6803.145,"x9","x4","x5","x6","exp_dbl(x4)*x8"
"S5",6,0.76757488901771,1.4911491962532,2.06718818617974,6653.843,"x8*x5","x3","(x5*(x1*x9))*x3","troot(x7)","x6*exp_dbl(x6)"
"S6",6,0.764939084728896,1.4990747461473,2.07707993513028,6511.458,"x9","x8","x6","p3(x5)","x4"
