"Experiment","Run","Correlation","MAE","RMSE","Time","FirstFeature","SecondFeature","ThirdFeature","FourthFeature","FifthFeature"
"S1",20,0.775715032205233,1.47040259772128,2.03590300162329,7226.322,"x4*x5","x8*x1","x3","x4","x5"
"S2",20,0.770496350910408,1.48351953469321,2.05586743725378,6867.662,"x5","x5*x4","x6","x5*x5","x8"
"S3",20,0.775714679545215,1.47033813062901,2.03539126147853,6057.877,"x4","p0(1+((x4*p0(x5))+(x3*x8)))","(exp_dbl(p3(exp_dbl(x7)))*troot(x3))*(x4*p0(x5))","x8","x6"
"S4",20,0.774186653016327,1.4765384639688,2.04189101712831,7142.736,"x6","x8","x5","exp_dbl(x5)","x4*exp_dbl(x5)"
"S5",20,0.770444905798792,1.48528957659172,2.05601714919535,6724.691,"sin(x4)","p3(x5)*x5","sin(x6)","x5","x6"
"S6",20,0.762864346585044,1.49553420378506,2.08505977688755,6778.162,"x8","x9","sin(x4)","x4","sin(sin(p0(1+troot(x2*x7))*troot(x3)))"
