"Experiment","Run","Correlation","MAE","RMSE","Time","FirstFeature","SecondFeature","ThirdFeature","FourthFeature","FifthFeature"
"S1",29,0.729562769676025,1.52206277796524,2.2103529846028,6664.847,"exp_dbl(x4)","p3(p3(x5*exp_dbl(x7))*exp_dbl(x4))","troot(x3)","exp_dbl(troot(troot(1+(x6+x5))))","x7"
"S2",29,0.768203393748385,1.48635648667002,2.0651989764575,6831.742,"x4","x9","exp_dbl(x5)","(x1*x6)*exp_dbl(x7)","x5"
"S3",29,0.772722828383132,1.48561033466131,2.04749060048787,6685.683,"p0(1+x4)","exp_dbl(exp_dbl(x5)*x5)","p0(x4)*x5","x9","troot(x3)"
"S4",29,0.771744065437322,1.48210096489057,2.05145789129799,6978.167,"x8","x9","troot(x4)*(x5*x5)","x5","troot(x4)"
"S5",29,0.774282294736256,1.47619467373624,2.04141547799636,7143.767,"p3(exp_dbl(x7))","x6","sin(exp_dbl(x5))","x9","x5*exp_dbl(x5)"
"S6",29,0.768026006537199,1.49341501340193,2.0657295101099,7215.751,"troot(x5)*x4","x5","x6","x9","troot(exp_dbl(troot(x7)))"
