"Experiment","Run","Correlation","MAE","RMSE","Time","FirstFeature","SecondFeature","ThirdFeature","FourthFeature","FifthFeature"
"S1",27,0.77558586257971,1.47759952676983,2.03650609294747,6707.125,"exp_dbl(x5)","x4","x5","x8","troot(x7)"
"S2",27,0.773834041937281,1.48354133126426,2.04254435153306,7271.779,"x4","x6","x8","x9","sin(x5)*x5"
"S3",27,0.762909850407277,1.50334411462545,2.08404845630886,6670.262,"p3(x5)","troot(x7)*p3(x5)","x4","x5","x3*(x9*x6)"
"S4",27,0.77257019036774,1.48374376707267,2.04815163715831,7147.983,"x6","exp_dbl(x5)","x4","x5","troot(x7*sigmoid(1+x7))"
"S5",27,0.770264494864786,1.48329905460641,2.05504115204672,7025.036,"sin(x6)","x4","x5","p0(p3(x4))","x9"
"S6",27,0.770232944795302,1.49120378070561,2.0567457149988,6548.957,"x4","x5","x6","x9","exp_dbl(x5)"
