"Experiment","Run","Correlation","MAE","RMSE","Time","FirstFeature","SecondFeature","ThirdFeature","FourthFeature","FifthFeature"
"S1",30,0.763979127173425,1.49739686113894,2.08019339964777,6337.89,"x4","x5","x6","x7","x8"
"S2",30,0.779313370707309,1.46007710736591,2.02199218676218,6978.792,"x8","x9","x7","x5","sin(x4*exp_dbl(x5))"
"S3",30,0.776386028205401,1.47262522937536,2.03316754612101,6683.201,"x5*x9","x3","x4","x5","x6"
"S4",30,0.767324014190879,1.49632764465035,2.06649947715892,6600.701,"x4","x5","x8","x9","x6"
"S5",30,0.774511882458056,1.47975727237823,2.03986116583315,5774.86,"sin(x5)","exp_dbl(x5)*(exp_dbl(x5)*x4)","x6","sin(x7)","exp_dbl(sin(x5))"
"S6",30,0.769135476657939,1.48924024304771,2.06011245348528,6845.438,"x3","x4","x5","x7","x8"
