"Experiment","Run","Correlation","MAE","RMSE","Time","FirstFeature","SecondFeature","ThirdFeature","FourthFeature","FifthFeature"
"S1",16,0.769993088300277,1.49335080021438,2.05694719538711,6991.067,"x1","x2","x3","x4","x5"
"S2",16,0.773358396371731,1.48240586402432,2.04492591303951,6880.96,"x4","x5","exp_dbl(x5)","x4*x5","(x4*x5)*x4"
"S3",16,0.770469858707371,1.4840090310581,2.0553272678782,5578.052,"x5","x4","x8","x9","troot(x3)"
"S4",16,0.772594989755641,1.48493143012585,2.04810880756702,6823.801,"x8","x9","x4*exp_dbl(x5)","troot(sin(x7))","sigmoid(exp_dbl(x5))"
"S5",16,0.752501600364323,1.50126984837011,2.12457118860795,6779.348,"x6","x4*x5","x4","p3(p3(x5))","exp_dbl(x7)"
"S6",16,0.770236863643366,1.49141437787047,2.05577837825822,7096.423,"x4","x9","x5*x3","x8","x1"
