"Experiment","Run","Correlation","MAE","RMSE","Time","FirstFeature","SecondFeature","ThirdFeature","FourthFeature","FifthFeature"
"S1",23,0.757706429574249,1.50898728471804,2.10495306217383,7029.922,"p3(x2)","x2","x4","sin(x4)","x6"
"S2",23,0.771650628897138,1.48609693532984,2.05122978511674,7240.734,"x7","x8","x6","x9","x4"
"S3",23,0.774946651846162,1.48036548623207,2.03814305471704,6763.405,"x5","x6","x9","troot(x5)*x4","x4"
"S4",23,0.762715441736305,1.50727995944302,2.08586298307678,6776.729,"x8","x9","x6","troot(x3)","x5*sin(x5)"
"S5",23,0.768331391953357,1.49161616918684,2.06430417053241,6872.399,"p3(x5)","x4*x5","x4","x5","x6"
"S6",23,0.770908961517622,1.4873347909955,2.05347574426662,6504.61199999999,"x7","x8","x9","x5","troot(x3)"
