"Experiment","Run","Correlation","MAE","RMSE","Time","FirstFeature","SecondFeature","ThirdFeature","FourthFeature","FifthFeature"
"S1",21,0.759796766618223,1.50506157105017,2.09599769337316,5984.255,"x4*x7","x2","x3","x4","x5"
"S2",21,0.765792460119079,1.49255692440258,2.07335067667023,7221.784,"x4","x8","exp_dbl(x5)","x5","x7"
"S3",21,0.762179665054176,1.51133613404875,2.08719363842407,6503.765,"x4*p0(x5)","x2","x3","x4","sin(x4)"
"S4",21,0.771510853930563,1.48551701173196,2.05224504529531,6979.518,"x8","x9","exp_dbl(1+x5)","troot(x3)","x5"
"S5",21,0.764732359396378,1.49998401401713,2.07745202809639,6084.344,"x5*x8","x4","x5","x2*(x5*x5)","x8"
"S6",21,0.764351141964613,1.50487729459059,2.07905552920374,5643.518,"x7*exp_dbl(1+x5)","exp_dbl(x4)","x8","x2*x4","troot(x3)"
