"Experiment","Run","Correlation","MAE","RMSE","Time","FirstFeature","SecondFeature","ThirdFeature","FourthFeature","FifthFeature"
"S1",25,0.775520391015467,1.48209887761875,2.03652700764062,6134.187,"x7","x9","exp_dbl(x6)","p0(x5)*x4","x8"
"S2",25,0.774290255669319,1.47260006368319,2.04132084019206,7285.329,"x4","x5","x6","x8","x4*(x5*x4)"
"S3",25,0.773808236717597,1.47982742832048,2.04332709862567,6401.686,"x4","exp_dbl(exp_dbl(x5))","x9","x8","exp_dbl(x5)*x4"
"S4",25,0.773728846176556,1.47631367718214,2.04295123102282,6433.721,"x8","x9","x5","x4","x4*x5"
"S5",25,0.771142210253131,1.47383201258931,2.05263594492635,6735.314,"exp_dbl(x7)","troot(x3)","x4","x5","x8"
"S6",25,0.775034990613805,1.47811912714265,2.0386168786986,6337.483,"x8","x4","x9","troot(x5*x4)","p0(troot(x5))*x4"
