"Experiment","Run","Correlation","MAE","RMSE","Time","FirstFeature","SecondFeature","ThirdFeature","FourthFeature","FifthFeature"
"S1",22,0.770348939017099,1.48944413018781,2.05562475637069,6717.542,"troot(1+x4)","x3","p0(x7)*x5","x6","troot(x3)"
"S2",22,0.770133774150425,1.48865163424385,2.05703393203194,6867.299,"x5","x6","x8","x9","x4"
"S3",22,0.776012491178962,1.47803134203149,2.03467528018606,6656.108,"exp_dbl(x5)","exp_dbl(x4)*x5","x4","x5","x6"
"S4",22,0.765668873751609,1.50129521225021,2.07450396843317,6813.483,"x5*troot(x3)","x8","x9","x4","x6"
"S5",22,0.768989555510605,1.48409608053952,2.06143011791714,6805.642,"x9*(x5*x5)","x4","x5","x6","sin(x6)"
"S6",22,0.776088676345027,1.47865359213366,2.03365316142808,7201.45299999999,"x9","exp_dbl(x1)*exp_dbl(x8*exp_dbl(x4))","(exp_dbl(x5)*exp_dbl(x5))*(x1*x5)","sin((troot(x7)*x4)*(exp_dbl(x5)*exp_dbl(x5)))","x5"
