"Experiment","Run","Correlation","MAE","RMSE","Time","FirstFeature","SecondFeature","ThirdFeature","FourthFeature","FifthFeature"
"S1",1,0.776340186350167,1.47232987531825,2.03256945046182,7155.14,"x5*troot(x4)","x4","x6","x7","x8"
"S2",1,0.772389154056854,1.48085396214853,2.04881848952169,7079.997,"x5*x5","x4","x8","x9","p0(x7)"
"S3",1,0.774886882486224,1.47528536137435,2.03876963925256,6888.897,"x5*x5","x6","x4*x5","x4","x5"
"S4",1,0.771774273407094,1.48418574959459,2.05155617493022,6887.582,"x5","x8","exp_dbl(x5)*x4","x4","x9"
"S5",1,0.770550829387676,1.48159482094263,2.05546399269669,7239.911,"p0(x7)","x4","x5","x8","x5*x4"
"S6",1,0.773931245922146,1.48582277321819,2.04233346860135,7157.571,"x9","x8","p3(x4)","sin(troot(x4*(x5*x5)))","x1*x6"
