"Experiment","Run","Correlation","MAE","RMSE","Time","FirstFeature","SecondFeature","ThirdFeature","FourthFeature","FifthFeature"
"S1",18,0.762299006528156,1.50930886063985,2.08664987152638,6838.957,"x3","sin(x3)","exp_dbl(x5*troot(x3))","x5*x5","troot(exp_dbl(x4))"
"S2",18,0.77423839373939,1.4729224291502,2.04191335236315,6359.849,"x5","x8","x4*x5","exp_dbl(x5)","x4"
"S3",18,0.754217282434487,1.52424743794643,2.11714398479384,6914.07,"sin(x4)","x2","(p3(x2)*x5)*(x1*x5)","x4","x5"
"S4",18,0.769232946901723,1.4960798886253,2.0604957280464,6697.738,"x4","x9","x3","x8*exp_dbl(x4)","x5"
"S5",18,0.766480801179169,1.48328468178582,2.06988880600092,6850.319,"troot(x2)","(troot(x5)*x5)*(x5*x9)","troot(x5)*x5","x3","x5"
"S6",18,0.77079583899857,1.48065921310628,2.05415180756913,7260.682,"x4","x5","x9","x4*x5","exp_dbl(x5)"
