"Experiment","Run","Correlation","MAE","RMSE","Time","FirstFeature","SecondFeature","ThirdFeature","FourthFeature","FifthFeature"
"S1",8,0.770694976603222,1.48449312786978,2.05448182230025,7231.013,"x3","x4","x5","x7","x8"
"S2",8,0.77358973784557,1.48248503446416,2.04403729929542,6545.425,"x4","x5","x8","x9","x5*troot(x4)"
"S3",8,0.756350326526818,1.51708940713895,2.10829007292181,7144.918,"x8","x4","x5","(p0(x2)*(x6*x7))*x2","x7"
"S4",8,0.77356601460633,1.48268309373604,2.04414513503488,6537.685,"x9","x5","x4","x5*sin(x4)","x5*x4"
"S5",8,0.764844177381785,1.49550491495839,2.07731200619143,6381.096,"x8","x5","x4","x5*x4","x9"
"S6",8,0.774619542963222,1.47676672077098,2.03962858918861,7076.788,"x9","x6","x4","x8","troot(x4*p3(x5))"
