"Experiment","Run","Correlation","MAE","RMSE","Time","FirstFeature","SecondFeature","ThirdFeature","FourthFeature","FifthFeature"
"S1",11,0.762825814923626,1.49936479817673,2.08507173934605,6240.44,"x5*sin(x5)","troot(x3)","x8","x9","sin(p0(troot(1+(x4+x7))))"
"S2",11,0.777522028912814,1.46872710925613,2.02832320157221,6806.341,"x4","x8","x4*sin(x5)","troot(x4*sin(x5))","sin(p3(sin(x5)))"
"S3",11,0.769670156560858,1.48768772068963,2.05874452802266,6036.023,"troot(x7)","x5*x5","troot(x3)","x4","x9"
"S4",11,0.763003211154412,1.50515315443043,2.08393837434329,7053.76,"x4","x5","x8","x9","exp_dbl(x7)"
"S5",11,0.771807144615176,1.48563099684969,2.04959032775625,5923.124,"x6","troot(x7)","x3*exp_dbl(x4)","x8","x9"
"S6",11,0.773028644231464,1.49212295288632,2.04593710065407,6686.831,"x4","x8","sigmoid(1+(x2+x4))","troot(x5)","p0(x4)*troot(x5)"
