"Experiment","Run","Correlation","MAE","RMSE","Time","FirstFeature","SecondFeature","ThirdFeature","FourthFeature","FifthFeature"
"S1",12,0.769382910339026,1.48835690502191,2.05904996818352,7171.67,"x2*(x2*x5)","p3(p0(x5)*x7)","p0(x5)*x7","exp_dbl(1+(x2*x4))","x6"
"S2",12,0.771189374515777,1.4830053229387,2.05286533539343,6627.149,"x4","x8","x5*x4","x5","x6"
"S3",12,0.775598373324594,1.47153127526741,2.03638910840142,6997.1,"x5","exp_dbl(x5)","x4*(x5*x4)","x4","x6"
"S4",12,0.765648401651685,1.49295530473043,2.0742906894832,6012.573,"x8","x4","x5*x4","x5","x5*x5"
"S5",12,0.777233157002366,1.47139586447231,2.02945094978958,6185.589,"x1","exp_dbl(x5)*(x4*x5)","x4","exp_dbl(x5)","x4*x5"
"S6",12,0.779715533870878,1.46142035430801,2.02037018256632,6752.644,"x4","x9","x5","x3","sin(x5)"
