"Experiment","Run","F1","F2","F3","F4","Count_FP","Correlation","Correlation_FP","MAE","LMP","R2","Count_P","Time","First","Second","Third","FirstM","SecondM","ThirdM"
"P1",9,FALSE,FALSE,FALSE,FALSE,2,0.994020528242907,0.994020528242907,0.141273595665842,-29.5672998275881,0.989457323500363,2,2.091,"x4","x4*pm05(x4)","NA",1,1,"NA"
"P2",9,FALSE,FALSE,FALSE,FALSE,4,0.519221333218787,0.519221333218787,0.298137123103255,-46.380616290481,0.950430436964265,4,2.188,"x4","p3(x4)","x8",1,1,0.999840060412101
"P3",9,FALSE,FALSE,FALSE,FALSE,7,0.35680281747699,0.35680281747699,0.25829358651588,-46.380616290481,0.97006444883713,7,2.468,"x4","p3(x4)","x4*x10",1,1,0.358789571788651
"P4",9,FALSE,FALSE,FALSE,FALSE,5,0.366454508779371,0.366454508779371,2.41908652347899,-113.031443397396,-6.85153774905916,5,1.614,"x2","x4","x4*x5",1,1,1
"P5",9,FALSE,FALSE,FALSE,FALSE,2,0.604544956779782,0.604544956779782,0.0471389206437175,-26.117789892361,0.998063249319398,2,2.84799999999998,"troot(x4*x4)","x4*x2","NA",1,0.648080907455391,"NA"
"P6",9,FALSE,FALSE,FALSE,FALSE,2,0.984008608849547,0.984008608849547,3.4070891706208e+281,-38.349774074753,-Inf,2,1.625,"x4*x4","x4","NA",1,0.999999994927607,"NA"
