"Experiment","Run","F1","F2","F3","F4","Count_FP","Correlation","Correlation_FP","MAE","LMP","R2","Count_P","Time","First","Second","Third","FirstM","SecondM","ThirdM"
"P1",9,FALSE,FALSE,FALSE,FALSE,2,0.980729366786886,0.980729366786886,2.61020983760467,-95.1569279842636,-10.4188301526559,2,2.483,"x4*troot(x3)","x4*x5","NA",1,1,"NA"
"P2",9,FALSE,FALSE,FALSE,FALSE,2,0.984008608849547,0.984008608849547,0.257562839554362,-38.349774074753,0.962959135623097,2,2.006,"x4","x4*x4","NA",1,1,"NA"
"P3",9,FALSE,FALSE,FALSE,FALSE,4,0.140913817318115,0.140913817318115,0.342993518388815,-111.68341958614,0.98654454298396,4,2.129,"x4","pm05(x4)","x1",1,0.999999999999553,0.999999999991885
"P4",9,FALSE,FALSE,FALSE,FALSE,3,NA,NA,9.00300758841453e+298,-122.043404413286,-Inf,3,1.373,"x4","sigmoid(x8)","x8",1,1,0.559291250277942
"P5",9,FALSE,FALSE,FALSE,FALSE,2,0.983335739092543,0.983335739092543,0.225748443030728,-61.1137340091562,0.990241294475791,2,2.43599999999998,"x4","troot(1+(x10+(x4+x7)))","NA",1,1,"NA"
"P6",9,FALSE,FALSE,FALSE,FALSE,3,0.657861921035922,0.657861921035922,0.275862991084601,-42.797985393739,0.964368332147196,3,1.43299999999999,"x4","x9","x4*x4",1,1,1
