"Experiment","Run","F1","F2","F3","F4","Count_FP","Correlation","Correlation_FP","MAE","RMSE","LMP","R2","Count_P","Time","First","Second","Third","FirstM","SecondM","ThirdM"
"S1",30,FALSE,FALSE,FALSE,FALSE,3,0.371839007534399,0.371839007534399,0.0401637808052132,0.0626897111803784,-96.7669448270558,0.999867213423569,3,2223.87400000001,"x4*x2","troot(x4*x4)","x2",1,0.999999792038603,0.181590174198233
"S2",30,FALSE,FALSE,FALSE,FALSE,3,0.404503775670354,0.404503775670354,0.0389700213158879,0.061584798975452,-96.7669448270558,0.999871852926641,3,2283.52900000004,"troot(x4*x4)","x4*x2","x10",0.999999999925152,0.999999754927974,0.157949678997123
"S3",30,FALSE,FALSE,FALSE,FALSE,3,0.404503775670354,0.404503775670354,0.0386982305486161,0.0595689217404586,-96.7669448270559,0.999880104988455,3,2262.59699999995,"troot(x4*x4)","x2*x4","x10",0.999929048022928,0.996427604469599,0.173245507012397
"S4",30,FALSE,FALSE,FALSE,TRUE,0,0.999998921420326,NA,0.0446216544846171,0.0763173294119059,-94.3406692127019,0.999803207761839,1,2184.00399999996,"troot(x4*(x7*x4))","NA","NA",1,"NA","NA"
"S5",30,FALSE,FALSE,FALSE,TRUE,1,0.996429109555188,0.992859297690051,0.0442147841606829,0.0768785072260667,-94.3406692127019,0.999800303009623,2,2167.538,"troot(x4*(x7*x4))","x4","NA",0.999999997862826,0.147640146302878,"NA"
"S6",30,FALSE,FALSE,FALSE,FALSE,3,0.371839007534399,0.371839007534399,0.040231807888525,0.0619977088160478,-96.7669448270558,0.9998701287813,3,2352.81699999998,"troot(x4*x4)","x4*x2","x2",1,0.999999820502229,0.19513922935596
