"Experiment","Run","Correlation","MAE","RMSE","LMP","R2","Count_P","Time","First","Second","Third","FirstM","SecondM","ThirdM"
"S1",30,0.837328859167915,3.33160506832737,6.40197179370676,-964.923173754468,0.595473506909276,19,5460.586,"x9*p3(x6)","p0(x6)","x1",0.999999993625154,0.999999977871913,0.999999877914579
"S2",30,0.819564640371311,3.56140859715578,6.94533174754064,-964.390003515467,0.523892035509725,16,5128.32,"x10*x6","sigmoid(x13)*x1","x6*x6",1,1,1
"S3",30,0.827789352214423,3.4284731844143,6.72032599806482,-963.853884371715,0.554240981452006,15,5855.788,"troot(x6)","x1*sigmoid(x13)","x6",1,1,1
"S4",30,0.861063682944056,3.18316204306852,5.51072959725297,-973.207599991349,0.700264861126231,18,4083.485,"x10*sigmoid(p0(x13))","x10*x6","x1",1,1,0.999998833052918
"S5",30,0.863590322683803,3.08805078820744,5.25487573804791,-979.204489068186,0.727451147260981,20,3852.17,"x9*exp_dbl(x13)","x10","x10*x6",1,1,1
"S6",30,0.863243441605512,3.12425178947248,5.27262864949013,-980.865905294132,0.725606495144216,11,3896.338,"x5*(exp_dbl(x13)*x9)","x6","x1",1,0.999999999999873,0.999999996104421
