"Experiment","Run","F1","F2","F3","F4","Count_FP","Correlation","Correlation_FP","MAE","LMP","R2","Count_P","Time","First","Second","Third","FirstM","SecondM","ThirdM"
"P1",43,TRUE,FALSE,FALSE,FALSE,2,0.995239780774171,0.992859671161257,0.000833784503679041,682.554649827532,0.999999890257468,3,NA,"troot(((x4*x4)*x6))","x4","x6*x4",1,0.999865932217107,0.999865932216271
"P3",43,FALSE,FALSE,FALSE,FALSE,4,0.48252037151739,0.48252037151739,0.000922758425549064,683.811225967151,0.999999910866266,4,NA,"troot(x4*x4)","troot(x4*x4)*x6","x9",1,1,0.554022352368583
"P6",43,FALSE,FALSE,FALSE,FALSE,4,0.537075438630361,0.537075438630361,0.000915857376699479,673.695386157929,0.999999915452172,4,NA,"troot(x4)*troot(x4)","(troot(x4)*troot(x4))*x6","x9",1,1,0.587215330491676
