"Experiment","Run","F1","F2","F3","F4","Count_FP","Correlation","Correlation_FP","MAE","LMP","R2","Count_P","Time","First","Second","Third","FirstM","SecondM","ThirdM"
"P5",6,FALSE,FALSE,FALSE,FALSE,4,0.537075438630361,0.537075438630361,0.000917816620965166,673.695386157928,0.999999914598947,4,NA,"troot(x4*x4)","x6*(troot(x4)*troot(x4))","x9",1,1,0.581100283960428
"P1",6,FALSE,FALSE,FALSE,FALSE,3,0.547638320953985,0.547638320953985,0.000875133096762019,675.186902062727,0.99999991164692,3,NA,"troot((x6*x4)*(x6*x4))","troot(x4)*troot(x4)","x3",0.995955066371705,0.995953122936952,0.122052778412361
"P2",6,TRUE,TRUE,FALSE,FALSE,3,0.997115107397787,0.995191963177417,0.000825577780436667,687.684548542455,0.999999912223455,5,NA,"troot((x4*x4)*x6)","x4*x6","x4",0.870669247221852,0.870111497588569,0.870111473914445
"P3",6,FALSE,FALSE,FALSE,FALSE,9,0.176261514410029,0.176261514410029,0.00267959006338402,587.097575550429,0.99999895274384,9,NA,"x4","x4*(x4*(sin_deg(x4)*(x8*x4)))","sin_deg(x4)*(x8*x4)",1,0.999999999999999,0.999999999999999
"P4",6,FALSE,TRUE,FALSE,FALSE,5,0.495566293843468,0.394679623120825,0.00173706178843372,691.45202386326,0.999999769046688,6,NA,"troot(x9*(x4*x4))","x5","troot(x4*x4)",0.999999983181692,0.99999237777094,0.999797584815784
"P6",6,TRUE,FALSE,FALSE,FALSE,10,0.544129999360166,0.498542999296183,0.000920382174528497,687.881431327978,0.999999917576767,11,NA,"x4","troot((x4*x4)*x6)","x7*x4",0.773781798853349,0.773781798853349,0.77378175332883
