"Experiment","Run","F1","F2","F3","F4","Count_FP","Correlation","Correlation_FP","MAE","LMP","R2","Count_P","Time","First","Second","Third","FirstM","SecondM","ThirdM"
"P5",6,FALSE,FALSE,FALSE,FALSE,7,0.39130577082537,0.39130577082537,0.0484877522037732,594.67084110699,0.996481882655278,7,557.780000000028,"(x4*x4)*sin_deg(x4)","troot(x4*x4)","x4*x4",1,1,0.999999999209037
"P1",6,FALSE,FALSE,FALSE,FALSE,15,0.416616269482491,0.416616269482491,2.73228504686245,442.237542295198,-11.3074674644662,15,656.200000000012,"(x4*x3)*(x4*x3)","x4","((sigmoid(x2)*x4)*(x4*x3))*x3",1,1,1
"P2",6,TRUE,FALSE,FALSE,FALSE,2,0.668140241873846,0.502210362810769,0.000813677012428261,679.647472546039,0.99999990964789,3,624.22000000003,"troot((x4*x4)*x6)","troot(x4)*troot(x4)","x10",1,1,0.138268901362628
"P3",6,FALSE,FALSE,FALSE,FALSE,11,0.69239084208691,0.69239084208691,0.422080534008411,551.996419034026,0.678845421094917,11,607.169999999984,"x4","x4*x5","x9*troot(x4)",1,1,1
"P4",6,FALSE,TRUE,FALSE,FALSE,5,0.495566293843468,0.394679623120825,0.00173701916938842,691.45202386326,0.999999769037205,6,628.189999999944,"troot(x4*x4)","troot(x9*(x4*x4))","troot(x4*x4)*x7",1,1,1
"P6",6,FALSE,FALSE,FALSE,FALSE,8,0.392925769673892,0.392925769673892,0.00168724687502159,686.651641433043,0.999999735239592,8,653.770000000019,"(x9*troot(x4*x4))*x7","troot(x4*x4)","x9*troot(x4*x4)",1,1,1
