"Experiment","Run","F1","F2","F3","F4","Count_FP","Correlation","Correlation_FP","MAE","RMSE","LMP","R2","Count_P","Time","First","Second","Third","FirstM","SecondM","ThirdM"
"S1",24,FALSE,FALSE,FALSE,FALSE,3,0.644249638032866,0.644249638032866,0.000970228480244525,0.00164556139580419,673.488289482677,0.999999908506589,3,741.567,"troot(x4)*troot(x4)","x6*(troot(x4)*troot(x4))","x1",1,1,0.171220701917637
"S2",24,FALSE,FALSE,FALSE,FALSE,7,0.29569776307608,0.29569776307608,0.00116861872651896,0.00212239897808929,687.057141207125,0.999999847799636,7,821.348,"troot(x4*x4)","(x6*troot(x4))*troot(x4)","troot((x4*x8)*x4)",1,1,0.999411140206221
"S3",24,FALSE,FALSE,FALSE,FALSE,7,0.41160673628589,0.41160673628589,0.00152495577056319,0.00237881386261928,700.057650136979,0.999999808802347,7,784.196,"x7*troot(x4*x4)","x9*troot(x4*x4)","troot(x4*x4)",1,1,1
"S4",24,FALSE,FALSE,FALSE,FALSE,12,0.341648866536308,0.341648866536308,0.00264062858985143,0.00467471003801871,556.090945224596,0.999999261635188,12,830.748,"x4","x1","troot(1+(troot(x2)+(x4+x1)))*troot(1+(troot(x2)+(x4+x1)))",1,1,1
"S5",24,FALSE,FALSE,FALSE,FALSE,10,0.664782126005843,0.664782126005843,0.00460167425471937,0.0179191693573536,600.551697586637,0.999989150808275,10,820.557,"x4*p0(p0(1+x4))","x4","x4*x9",1,1,1
"S6",24,FALSE,FALSE,FALSE,FALSE,5,0.592525122582957,0.592525122582957,0.00155053761091972,0.00240726423306881,700.057650136979,0.999999804201589,5,769.880999999999,"troot(x4*x4)","x9*troot(x4*x4)","troot(x4*x4)*x7",1,1,1
