"Experiment","Run","F1","F2","F3","F4","Count_FP","Correlation","Correlation_FP","MAE","RMSE","LMP","R2","Count_P","Time","First","Second","Third","FirstM","SecondM","ThirdM"
"S1",21,FALSE,FALSE,FALSE,FALSE,13,0.509742687630512,0.509742687630512,0.0435748399470858,0.25751109163751,630.190544803746,0.997759455800599,13,2437.79399999999,"(exp_dbl(x2)*x4)*x9","(x9*x4)*x3","x7",1,1,1
"S2",21,FALSE,FALSE,FALSE,FALSE,6,0.543291565763375,0.543291565763375,0.00153401947034788,0.00242071273732508,682.130232566893,0.99999980200777,6,2368.16499999998,"(troot(x4)*troot(x4))*x7","(troot(x4)*troot(x4))*x9","troot(x4)*troot(x4)",1,1,1
"S3",21,TRUE,FALSE,FALSE,FALSE,2,0.371839235464565,0.0577588552165793,0.00103569218677053,0.00191303648333005,662.801142383047,0.999999876346008,3,2162.19300000003,"troot(1+(((x4*x6)*x4)+1))*sigmoid(x4)","x2*x4","x2",1,1,0.10025084128692
"S4",21,FALSE,FALSE,FALSE,FALSE,4,0.537075438630361,0.537075438630361,0.000917709892722463,0.00158984298876798,683.955183587773,0.999999914597594,4,2381.64199999999,"troot(x4*x4)","troot(x4*x4)*x6","x9",1,1,0.581583260690893
"S5",21,FALSE,FALSE,FALSE,FALSE,10,0.564566594983109,0.564566594983109,0.00304885381180546,0.00693949278831491,573.34253588757,0.999998372889329,10,2448.76800000004,"x9*x4","(x9*x4)*sigmoid(troot(1+(troot(x4)+x6)))","x5",1,1,1
"S6",21,FALSE,FALSE,FALSE,FALSE,7,0.460131946302368,0.460131946302368,0.00159749155201843,0.00272308153023788,652.16795809301,0.999999749456624,7,2533.82299999997,"x9*troot((x4*x9)*(x4*x7))","(x9*troot((x4*x9)*(x4*x7)))*sigmoid(x7)","troot((x4*x9)*(x4*x7))",1,1,1
