"Experiment","Run","F1","F2","F3","F4","Count_FP","Correlation","Correlation_FP","MAE","RMSE","LMP","R2","Count_P","Time","First","Second","Third","FirstM","SecondM","ThirdM"
"S1",9,FALSE,FALSE,FALSE,FALSE,4,0.279984609013674,0.279984609013674,0.0386528981328226,0.0541842318889008,-101.896843541979,0.999900800957936,4,2287.96000000002,"troot(x4)*troot(x4)","x2*x4","x2",1,0.956946724062284,0.154766361511901
"S2",9,FALSE,FALSE,FALSE,FALSE,2,0.604544956779782,0.604544956779782,0.0389620080919382,0.0601928508096877,-96.7669448270559,0.999877580257696,2,2355.64299999998,"troot(x4*x4)","x4*x2","NA",1,0.993092167980916,"NA"
"S3",9,FALSE,FALSE,FALSE,FALSE,3,0.371839007534399,0.371839007534399,0.0402320863403383,0.0619985921850727,-96.7669448270558,0.999870125080356,3,2123.54099999997,"troot(x4*x4)","x2*x4","x2",1,0.999999920049812,0.19520494211767
"S4",9,TRUE,FALSE,FALSE,FALSE,1,0.453213554521817,-0.0935728909563669,0.0343569419121457,0.0421533694522813,-94.5244319535552,0.999939961998737,2,2187.40000000002,"troot(x4*(x4*x6))","x2","NA",1,0.354028231755309,"NA"
"S5",9,FALSE,FALSE,FALSE,FALSE,6,0.536396673097503,0.536396673097503,0.061952664026423,0.199867679407591,-99.877214903911,0.998650270388262,6,2303.38799999998,"troot(x4*x4)","x4*x3","x4",0.999999971133122,0.768266147838825,0.355885662389067
"S6",9,FALSE,FALSE,FALSE,FALSE,3,0.985488592981159,0.985488592981159,0.093056777124996,0.341627331065531,-99.5125191073178,0.99605663613891,3,2230.88600000006,"x4","x10*x4","troot(x4)*x4",0.999999908651313,0.999999240467812,0.999528932030269
