"Experiment","Run","F1","F2","F3","F4","Count_FP","Correlation","Correlation_FP","MAE","RMSE","LMP","R2","Count_P","Time","First","Second","Third","FirstM","SecondM","ThirdM"
"S1",7,FALSE,FALSE,FALSE,FALSE,3,0.668521412733855,0.668521412733855,0.000928405235520409,0.00162361749557208,683.81122596715,0.999999910930486,3,957.617999999959,"troot(x4*x4)","troot(x4*x4)*x6","x9",1,1,0.515815179695569
"S2",7,FALSE,FALSE,FALSE,FALSE,13,0.693629931641132,0.693629931641132,0.0981332795238724,0.694289282436682,650.508094965741,0.983712945174395,13,1106.36300000001,"x4*(x4*x10)","x4","x4*x6",1,1,1
"S3",7,FALSE,FALSE,FALSE,FALSE,11,0.524896995460969,0.524896995460969,0.138690135167207,0.989500270300071,503.791294634788,0.96691786952003,11,1041.87799999997,"(x4*x10)*x4","x4*x10","x10",1,1,1
"S4",7,FALSE,FALSE,FALSE,FALSE,11,0.348636200270135,0.348636200270135,0.309306010470339,2.03074351372796,449.780855968433,0.860661290042406,11,1170.41700000002,"((x2*x4)*x10)*x9","x4*x10","x4",1,1,1
"S5",7,FALSE,FALSE,FALSE,FALSE,13,0.697105875437478,0.697105875437478,0.11453843759092,0.806842376858193,574.676210244808,0.978004236774422,13,1093.88899999997,"x4","(x4*x4)*troot(x4)","x4*troot(x4)",1,1,1
"S6",7,FALSE,FALSE,FALSE,FALSE,8,0.372958350715376,0.372958350715376,0.00295599541276341,0.00661494533142205,592.499963386753,0.999998521524424,8,1176.36599999998,"x4","troot(x4)*troot(x4)","(x9*x4)*x6",1,1,1
