"Experiment","Run","F1","F2","F3","F4","Count_FP","Correlation","Correlation_FP","MAE","RMSE","LMP","R2","Count_P","Time","First","Second","Third","FirstM","SecondM","ThirdM"
"S1",30,FALSE,FALSE,FALSE,FALSE,4,0.740221798098744,0.740221798098744,0.0947163995077436,0.343611360369986,-99.5125191073179,0.996010700306003,4,2645.541,"x4*troot(x4)","x4","x4*x10",1,1,0.999999998008547
"S2",30,FALSE,FALSE,FALSE,FALSE,2,0.604544956779782,0.604544956779782,0.0389872069480019,0.0612940994951565,-96.7669448270559,0.999873059859749,2,2758.133,"x4*x2","troot(x4*x4)","NA",1,0.999999999999896,"NA"
"S3",30,FALSE,FALSE,FALSE,FALSE,4,0.740221798098744,0.740221798098744,0.0947198581637104,0.343142737615468,-99.5125191073179,0.996021574229367,4,2644.605,"x4","x10*x4","troot(x4)*x4",1,1,0.99995359981471
"S4",30,FALSE,FALSE,FALSE,TRUE,2,0.665759877520625,0.498640355570775,0.0440782399811097,0.0766481064006079,-94.3406692127019,0.99980149817867,3,2942.416,"troot(x7*(x4*x4))","x10","x4",0.999999999441374,0.168955409815951,0.116345870896921
"S5",30,FALSE,FALSE,FALSE,FALSE,3,0.404503775670354,0.404503775670354,0.0389680822860949,0.0615702045105441,-96.7669448270559,0.999871913656445,3,2702.795,"troot(x4*x4)","x2*x4","x10",1,0.999875279364329,0.173335357468658
"S6",30,TRUE,FALSE,FALSE,FALSE,2,0.286620857210728,-0.0700687141839079,0.0309048977051594,0.0330978696788475,-94.5244319535552,0.999962986366608,3,2075.87,"troot(x6*(x4*x4))","x7","x6",1,0.114001905748054,0.109351170447064
