"Experiment","Run","F1","F2","F3","F4","Count_FP","Correlation","Correlation_FP","MAE","RMSE","LMP","R2","Count_P","Time","First","Second","Third","FirstM","SecondM","ThirdM"
"S1",9,FALSE,FALSE,TRUE,FALSE,4,0.583971732535052,0.479964717744405,0.00143907423343194,0.00248483758519458,694.595071640635,0.999999791379179,5,2271.338,"troot(x9*x4)*troot(x9*x4)","(x1*x4)*x2","troot(x4*x4)",1,0.999999953986685,0.999982853575648
"S2",9,FALSE,FALSE,FALSE,FALSE,7,0.460905736506051,0.460905736506051,0.00167491242849812,0.00254417141832638,696.692541424931,0.999999781297184,7,1948.619,"troot(x4*x4)*x9","troot(x4*x4)","x7*troot(x4*x4)",1,1,1
"S3",9,FALSE,FALSE,FALSE,FALSE,6,0.490623355607422,0.490623355607422,0.00151888804312518,0.00237958074757174,684.66795399221,0.99999980867905,6,1819.413,"x7*(troot(x4)*troot(x4))","(troot(x4)*troot(x4))*x9","troot(x4)*troot(x4)",1,1,1
"S4",9,FALSE,FALSE,FALSE,FALSE,4,0.491024758098687,0.491024758098687,0.00219952501460123,0.00841551197285669,693.23127256483,0.99999760711008,4,1758.457,"troot(x4*x4)","troot(((x4*x4)*x6)*x9)","p3(x5)",1,0.999999999628063,0.999999999560811
"S5",9,FALSE,FALSE,TRUE,FALSE,7,0.629922810460051,0.577054670283253,0.00169591961663055,0.00253349773482917,677.859846386554,0.999999783128404,8,2436.332,"x4","x4*x9","troot((x4*x9)*(x4*x9))",1,1,1
"S6",9,FALSE,FALSE,FALSE,FALSE,6,0.517560521539111,0.517560521539111,0.00155053777189846,0.00240726253604628,684.66795399221,0.999999804201865,6,2246.104,"(troot(x4)*troot(x4))*x7","troot(x4)*troot(x4)","x9*(troot(x4)*troot(x4))",1,1,1
