"Experiment","Run","F1","F2","F3","F4","Count_FP","Correlation","Correlation_FP","MAE","LMP","R2","Count_P","Time","First","Second","Third","FirstM","SecondM","ThirdM"
"P1",19,FALSE,FALSE,FALSE,TRUE,1,0.996429109555188,0.992859297690051,0.0446403403843307,-94.3406692127019,0.999774844586892,2,NA,"troot((x4*x7)*x4)","x4",NA,0.994186308553246,0.156779014099052,NA
"P2",19,TRUE,FALSE,FALSE,TRUE,1,0.668140111623942,0.00442141345149907,0.0361943589898408,-94.3406692127019,0.999927071347265,3,NA,"troot((x7*x4)*x4)","troot((x4*x6)*x4)","x10",0.519164271489125,0.432013834606899,0.132080056874793
"P3",19,FALSE,FALSE,FALSE,TRUE,2,0.63309510938467,0.449643203366842,0.0455065502468587,-94.3406692127019,0.999788913773707,3,NA,"troot(x7*(x4*x4))","x2","x4",0.995244975949076,0.207723516471088,0.131244081133231
"P4",19,TRUE,FALSE,FALSE,FALSE,2,0.668140241873846,0.502210362810769,0.0305242659406124,-94.5244319535552,0.999963206399375,3,NA,"troot((x4*x4)*x6)","x10","troot(x4*x4)",0.898497730713809,0.225576205527325,0.101188343667337
"P6",19,TRUE,FALSE,FALSE,FALSE,1,0.462258623933997,-0.075482752132005,0.0325778606767445,-94.5244319535552,0.999955707950072,2,NA,"troot(x4*(x4*x6))","x6",NA,0.979953977722272,0.152139556520515,NA
