"Experiment","Run","F1","F2","F3","F4","Count_FP","Correlation","Correlation_FP","MAE","LMP","R2","Count_P","Time","First","Second","Third","FirstM","SecondM","ThirdM"
"P1",19,FALSE,FALSE,FALSE,FALSE,7,0.534981120867552,0.534981120867552,0.0684655763116746,-113.789936374415,0.998018377064658,7,359.251,"x4","troot(x4*x6)*troot(x4*x6)","x7*x4",1,0.999999997017071,0.510757851687079
"P2",19,FALSE,FALSE,FALSE,TRUE,1,0.321457696704322,-0.357083528011682,0.0440149697675888,-94.3406692127019,0.99980786327944,2,400.036,"troot((x7*x4)*x4)","x3",NA,0.999999995341096,0.139509515862866,NA
"P3",19,FALSE,FALSE,FALSE,FALSE,3,0.664234900282463,0.664234900282463,0.124954888063972,-134.482688677802,0.985701523634078,3,360.706000000006,"x9*troot((x6*((x4*x6)*(x4*x6)))+x5)","exp_dbl(x10)*x4","x10",1,1,0.184028657982622
"P4",19,FALSE,FALSE,FALSE,FALSE,2,0.604544956779782,0.604544956779782,0.0389873552539402,-96.7669448270559,0.9998730672486,2,376.946000000004,"troot(x4*x4)","x2*x4",NA,0.9999999999999,0.999999999778777,NA
"P6",19,FALSE,FALSE,FALSE,FALSE,3,0.985488592981159,0.985488592981159,0.0930381700815291,-99.5125191073178,0.996057754834819,3,388.928,"x4","x4*troot(x4)","x10*x4",1,0.999999999999612,0.999981057282557
