"Experiment","Run","F1","F2","F3","F4","Count_FP","Correlation","Correlation_FP","MAE","RMSE","LMP","R2","Count_P","Time","First","Second","Third","FirstM","SecondM","ThirdM"
"S1",30,TRUE,FALSE,FALSE,FALSE,2,0.995239780774171,0.992859671161257,0.000830827800490624,0.00180360914828705,687.684548542455,0.99999989008765,3,905.01800000004,"troot(x4*(x4*x6))","x4","x4*x6",1,0.999931921706352,0.999930667834266
"S2",30,FALSE,FALSE,FALSE,FALSE,11,0.491658537101593,0.491658537101593,0.00974374280520061,0.0441084029499965,601.833751481884,0.999934263844294,11,1203.55700000003,"x7","x4","troot(x4)",1,1,1
"S3",30,FALSE,FALSE,FALSE,FALSE,7,0.456442102620634,0.456442102620634,0.00154269394734744,0.00243169869398844,682.130232566893,0.99999980020659,7,909.111000000034,"troot(x4)*troot(x4)","(troot(x4)*troot(x4))*x9","x5",1,1,1
"S4",30,FALSE,FALSE,FALSE,FALSE,4,0.391849706031649,0.391849706031649,0.00153970793731446,0.00317451902462283,633.379132566208,0.999999659499696,4,1192.05200000003,"(x6*troot(x4))*troot(x4)","x6*((x6*troot(x4))*troot(x4))","x6",1,1,0.913184059062443
"S5",30,FALSE,FALSE,FALSE,FALSE,8,0.760641310669527,0.760641310669527,0.00496295856841035,0.0149353217946339,589.739104489111,0.999992463133817,8,1092.75800000003,"x4","x2*(x3*x4)","troot(x4)",1,1,1
"S6",30,FALSE,FALSE,FALSE,FALSE,4,0.537075438630361,0.537075438630361,0.000917204322879566,0.00158906038407887,673.695386157928,0.999999914681652,4,1116.33000000002,"x6*(troot(x4)*troot(x4))","troot(x4)*troot(x4)","x9",1,1,0.568571959639967
