"Experiment","Run","F1","F2","F3","F4","Count_FP","Correlation","Correlation_FP","MAE","RMSE","LMP","R2","Count_P","Time","First","Second","Third","FirstM","SecondM","ThirdM"
"S1",27,FALSE,FALSE,FALSE,FALSE,4,0.740221798098744,0.740221798098744,0.0949619875208194,0.344541994967461,-99.5125191073178,0.995989061860323,4,2214.51699999999,"x4","x4*troot(x4)","x4*x10",1,0.99999998647741,0.983291809391869
"S2",27,FALSE,FALSE,FALSE,TRUE,1,0.996429109555188,0.992859297690051,0.0442250453058849,0.0769237725210146,-94.3406692127019,0.999800067781218,2,2292.12599999999,"troot(x4*(x4*x7))","x4","NA",0.999964334759305,0.148073316842207,"NA"
"S3",27,FALSE,FALSE,FALSE,FALSE,2,0.604544956779782,0.604544956779782,0.0388957317911954,0.0604280138823898,-96.7669448270558,0.999876621843584,2,2228.94500000001,"troot(x4*x4)","x2*x4","NA",0.999999999999886,0.97643523222974,"NA"
"S4",27,FALSE,FALSE,FALSE,TRUE,0,0.999998921420326,NA,0.0446275269742885,0.0763111969093928,-94.3406692127019,0.99980323938717,1,2424.36199999996,"troot((x7*x4)*x4)","NA","NA",0.999999999999694,"NA","NA"
"S5",27,FALSE,FALSE,FALSE,FALSE,2,0.604544956779782,0.604544956779782,0.0389612111249856,0.060178836889098,-96.7669448270558,0.999877637253861,2,2452.24099999998,"x4*x2","troot(x4*x4)","NA",0.999935542181824,0.999806997176371,"NA"
"S6",27,FALSE,FALSE,FALSE,FALSE,3,0.995239551497518,0.995239551497518,0.0448878069625458,0.073721049967441,-100.717970320674,0.999816369566328,3,2310.40600000002,"troot(x4*x4)","x4","x6*x4",1,0.99995706273609,0.999651499581007
