"Experiment","Run","F1","F2","F3","F4","Count_FP","Correlation","Correlation_FP","MAE","LMP","R2","Count_P","Time","First","Second","Third","FirstM","SecondM","ThirdM"
"P1",6,FALSE,FALSE,FALSE,FALSE,5,0.342033385793817,0.342033385793817,0.000957642466846381,673.488289482678,0.999999915433612,5,388.186,"(troot(x4)*troot(x4))*x6","troot(x4)*troot(x4)","x5",1,1,0.409099459426037
"P2",6,FALSE,FALSE,FALSE,FALSE,4,0.48252037151739,0.48252037151739,0.00092188128900506,673.551428537306,0.999999911631798,4,378.612999999998,"troot(x4)*troot(x4)","(troot(x4)*troot(x4))*x6","x9",1,1,0.580208957683483
"P3",6,FALSE,FALSE,FALSE,FALSE,7,0.983202444454793,0.983202444454793,0.0344573975783909,512.582541927407,0.998466558484013,7,431.898000000001,"troot(x9*troot(x4*p3(x4)))","x4*(x10*x10)","x4*p0(x4)",1,1,1
"P4",6,FALSE,FALSE,FALSE,FALSE,5,0.416723884262042,0.416723884262042,0.00115891611339781,675.422163021584,0.999999899835745,5,383.671999999999,"(troot(x4*x4)*x6)*x6","troot(x4*x4)","x9",1,1,0.980034387408268
"P5",6,FALSE,FALSE,FALSE,FALSE,3,0.668521412733855,0.668521412733855,0.00092527682802821,683.81122596715,0.999999911419105,3,413.764999999999,"troot(x4*x4)","troot(x4*x4)*x6","x9",1,0.999999999997934,0.465305787733844
"P6",6,TRUE,FALSE,FALSE,FALSE,2,0.995239647353662,0.992859471030492,0.000832159720852063,687.881431327976,0.999999890047274,3,548.005000000005,"x4","x7*x4","troot((x4*x6)*x4)",1,1,1
