"Experiment","Run","Correlation","MAE","RMSE","Time","FirstFeature","SecondFeature","ThirdFeature","FourthFeature","FifthFeature"
"S1",22,0.754950891327608,1.51748134195457,2.11480620413611,2678.067,"exp_dbl(x4)","x5","exp_dbl(x5)","x6","x3"
"S2",22,0.764898669271475,1.50058515823856,2.07700266439587,3453.937,"x5*x4","x5","troot(x7)","x4","x5*x5"
"S3",22,0.770128173282383,1.49519289716142,2.05724952113737,3535.407,"x4","troot(x7)","exp_dbl(x5)","x5","x5*troot(x4)"
"S4",22,0.767046404229938,1.49920188866172,2.0689644662796,3535.622,"exp_dbl(x5)","x5","exp_dbl(x5)*x4","x7","x6"
"S5",22,0.754949437029398,1.51748781392742,2.11481145245551,3449.088,"exp_dbl(x5)","x7","x6","x5","exp_dbl(x4)"
"S6",22,0.754826380779093,1.51779851794842,2.11524437042882,3811.146,"x5","exp_dbl(x4)","x7","exp_dbl(x5)","x6"
