"Experiment","Run","Correlation","MAE","RMSE","Time","FirstFeature","SecondFeature","ThirdFeature","FourthFeature","FifthFeature"
"S1",11,0.774057545763362,1.48390450522957,2.04212363215475,3347.297,"exp_dbl(x4)","x4","x8","x9","x5*p0(x4)"
"S2",11,0.770556783058893,1.48958265870036,2.0562883680328,3658.272,"exp_dbl(x5)","troot(x7)","x5","x5*x4","x6"
"S3",11,0.764936998814961,1.50056409597961,2.07685853357077,3541.44,"x4*x5","x4","troot(x7)","x6","x5*x5"
"S4",11,0.752603165594187,1.52712501423835,2.12379014480986,3049.816,"p3(x5)","x4*x7","x4","x5","x6"
"S5",11,0.752991578385287,1.5227111392802,2.12181229707215,3667.985,"x5","x7","x9","exp_dbl(x4)","x6"
"S6",11,0.75657509516036,1.51183562079121,2.10857432201077,3508.643,"x4","exp_dbl(x5)","x4*p0(x4)","x6","x9"
