"Experiment","Run","Correlation","MAE","RMSE","Time","FirstFeature","SecondFeature","ThirdFeature","FourthFeature","FifthFeature"
"S1",29,0.754808854958854,1.51781602100735,2.1153138847816,2974.256,"x5","exp_dbl(x4)","x7","exp_dbl(x5)","x6"
"S2",29,0.75544884137017,1.51675907558057,2.11308089622744,3869.374,"exp_dbl(x4)","exp_dbl(x5)","x7","x6","x5"
"S3",29,0.756685466311557,1.5041745933591,2.10905755565037,3645.918,"x4","x5","x5*x5","x7*p0(x5)","x6"
"S4",29,0.765153207629229,1.50017492356988,2.07606383180176,3572.572,"x5","x5*x5","sin_deg(x4)*x5","x6","x4"
"S5",29,0.764882121649258,1.50237732580104,2.07679126885601,3195.509,"x4","x4*x5","x5","x6","sin_deg(x5)"
"S6",29,0.765058515888036,1.50040353318069,2.07639217562703,3476.323,"x4","x5","x5*x5","x8","troot(x7)"
