"Experiment","Run","Correlation","MAE","RMSE","Time","FirstFeature","SecondFeature","ThirdFeature","FourthFeature","FifthFeature"
"S1",30,0.765188836782838,1.4990516826654,2.07573659639965,2795.964,"exp_dbl(x5)","x4*exp_dbl(x5)","x5","troot(x7)","x6"
"S2",30,0.751014516724763,1.54157371832079,2.1294430025557,3726.613,"exp_dbl(x4)","exp_dbl(x5)","x7","sin_deg(x6)","x5"
"S3",30,0.765186214206815,1.50018010336879,2.07594007042982,3761.162,"x4","x5","x6","troot(x7)","x5*x5"
"S4",30,0.763217935048614,1.50719736879993,2.08330688998685,3378.913,"x4","x5","p0(x5)*x7","p3(x5)","x6"
"S5",30,0.754813908247489,1.51776421882718,2.11529573402136,3388.976,"exp_dbl(x4)","x7","x5","exp_dbl(x5)","x6"
"S6",30,0.761672754349847,1.52651062462725,2.08911436364025,4377.734,"x5","x6","x4","exp_dbl(x5)","exp_dbl(x5)*x4"
