"Experiment","Run","Correlation","MAE","RMSE","Time","FirstFeature","SecondFeature","ThirdFeature","FourthFeature","FifthFeature"
"S1",14,0.767358690751454,1.51610940749252,2.06810140106579,3636.79,"x4","exp_dbl(x5)","x5","x7","x6"
"S2",14,0.754826498450095,1.51780048594803,2.11524380053616,4043.839,"exp_dbl(x4)","x7","exp_dbl(x5)","x6","x5"
"S3",14,0.76512338462025,1.49908517006122,2.07598499449975,3774.517,"x5","x4*exp_dbl(x5)","exp_dbl(x5)","troot(x7)","x4"
"S4",14,0.764539470573871,1.49973894208591,2.07823770197789,3628.806,"x5*x5","x5","x4","x6","x7"
"S5",14,0.764909720794333,1.50054332808449,2.07696087004766,3810.64,"x4","x4*x5","x5*x5","x5","troot(x7)"
"S6",14,0.76905522930251,1.5143513030934,2.06148831798836,3857.836,"x4*p0(x5)","x7","x5","exp_dbl(x5)","x6"
