"Experiment","Run","Correlation","MAE","RMSE","Time","FirstFeature","SecondFeature","ThirdFeature","FourthFeature","FifthFeature"
"S1",12,0.765527819518281,1.4999816655811,2.07462134402551,3405.557,"x5","x4*x5","x4","x7","x6"
"S2",12,0.751144713220514,1.5240154502546,2.12970694084197,3868.398,"troot(x5)","x6","troot(x4)","x9","x8"
"S3",12,0.76518861543897,1.49905370918971,2.07573744240783,3545.146,"x5","exp_dbl(x5)","troot(x7)","exp_dbl(x5)*x4","x6"
"S4",12,0.762889986501589,1.5016955734098,2.0840106475277,3631.914,"exp_dbl(x5)","x7","troot(x4)","x6","x4"
"S5",12,0.768414887983441,1.50907853748672,2.06442161950287,3570.763,"x4","x5","x4*x5","exp_dbl(x5)*x5","x6"
"S6",12,0.753017426628998,1.5226703968408,2.12171034623622,3664.386,"x7","exp_dbl(x4)","x6","x9","x5"
