"Experiment","Run","Correlation","MAE","RMSE","Time","FirstFeature","SecondFeature","ThirdFeature","FourthFeature","FifthFeature"
"S1",13,0.754841577986386,1.51770578365113,2.11518842507136,2693.004,"exp_dbl(x5)","exp_dbl(x4)","x5","x6","x7"
"S2",13,0.773558013355793,1.48227285740812,2.04505260045209,3707.577,"exp_dbl(x5)","x6","x4","x5*exp_dbl(x4)","x9"
"S3",13,0.76515290761482,1.50018802736546,2.07606575856448,3505.226,"sin_deg(x5)*x5","x4","x5","x8","x9"
"S4",13,0.751716952821864,1.51686046376891,2.12785483626883,3869.403,"x4","x7*x5","x7*troot(x5)","x7","x9"
"S5",13,0.762157115877964,1.51101323675146,2.08739383618556,3496.648,"x4","troot(x7)","x9","x8","x5"
"S6",13,0.754827017881688,1.51778860709049,2.11524200363604,3603.445,"exp_dbl(x4)","exp_dbl(x5)","x7","x6","x5"
