"Experiment","Run","Correlation","MAE","RMSE","Time","FirstFeature","SecondFeature","ThirdFeature","FourthFeature","FifthFeature"
"S1",2,0.77159513837256,1.49267347371487,2.05219264703493,3008.609,"troot(x5*x4)","troot(x4*x4)","x5","x6","x4"
"S2",2,0.755440783822428,1.51674539934305,2.1131102134916,3732.124,"x7","exp_dbl(x4)","exp_dbl(x5)","x5","x9"
"S3",2,0.764936972694827,1.50056410636644,2.07685862535263,3532.821,"troot(x7)","x4","x5","x5*x5","x4*x5"
"S4",2,0.765933334367495,1.49848471112963,2.07270619477839,3771.564,"x4","x5","x6","p3(x5)","x4*x5"
"S5",2,0.754827404798713,1.51778520024942,2.11524072270724,3468.92,"exp_dbl(x4)","x7","exp_dbl(x5)","x6","x5"
"S6",2,0.766120325280076,1.49992164435361,2.07232730643622,3472.678,"x4","x5","x5*x5","x4*x5","x6*x1"
