"Experiment","Run","F1","F2","F3","F4","Count_FP","Correlation","Correlation_FP","MAE","LMP","R2","Count_P","Time","First","Second","Third","FirstM","SecondM","ThirdM"
"P1",8,FALSE,FALSE,FALSE,FALSE,10,0.546845349242598,0.546845349242598,0.00350874521245232,636.060125177466,0.999996961009459,10,NA,"x4","x4*x10","x4*x4",1,1,1
"P2",8,FALSE,FALSE,FALSE,FALSE,5,0.657085257273899,0.657085257273899,0.00165406543918461,696.692541425039,0.999999789623562,5,NA,"troot(x4*x4)","x5","x9*troot(x4*x4)",1,0.999995272869943,0.999994515621121
"P4",8,TRUE,FALSE,FALSE,FALSE,1,0.999999656085019,0.999999312170039,0.000808633597412306,684.777371260963,0.999999909948791,2,NA,"troot(x4*(x6*x4))","troot(x4*x4)",NA,1,0.99999999993947,NA
