"Experiment","Run","F1","F2","F3","F4","Count_FP","Correlation","Correlation_FP","MAE","LMP","R2","Count_P","Time","First","Second","Third","FirstM","SecondM","ThirdM"
"P1",8,FALSE,FALSE,FALSE,FALSE,12,0.494896475879639,0.494896475879639,1.09767540735463,446.437510905701,-0.824776190794186,12,497.383,"p0((x3*x4)*(x4*x4))","x4","x3*x4",1,1,1
"P2",8,FALSE,FALSE,FALSE,FALSE,4,0.742223839579643,0.742223839579643,0.00149843705019299,659.567221211153,0.999999798209895,4,368.674999999999,"troot(x4)*troot(x4)","troot(x4*(p3(x7)*x4))","troot(x4)*(troot(x4)*x9)",1,1,1
"P4",8,FALSE,FALSE,FALSE,FALSE,12,0.900978027239994,0.900978027239994,0.280999562244459,572.968379879278,0.875920403535561,12,556.626999999993,"troot(x7*x4)","x4*troot(x9*(x10*x4))","(x7*x9)*(x9*(x10*x4))",1,1,1
