"Experiment","Run","F1","F2","F3","F4","Count_FP","Correlation","Correlation_FP","MAE","LMP","R2","Count_P","Time","First","Second","Third","FirstM","SecondM","ThirdM"
"P1",5,FALSE,FALSE,FALSE,FALSE,3,0.733983070416538,0.733983070416538,0.038415884893424,-96.7669448270559,0.99989139406297,3,NA,"troot(x4*x4)","x4*x2","x4",0.998850673077019,0.958299167039652,0.119513646774761
"P2",5,TRUE,FALSE,FALSE,FALSE,2,0.736363304519855,0.604544956779782,0.0305903574177302,-94.5244319535552,0.999967836810022,3,NA,"troot((x4*x6)*x4)","troot(x4*x4)","x2*x4",0.758395071085079,0.241604864306285,0.236565970725178
"P3",5,FALSE,FALSE,FALSE,FALSE,5,0.833111138500608,0.833111138500608,0.0310833168421423,-96.7669448270558,0.999962653559187,5,NA,"troot(x4*x4)","x4*x2","x4",0.8858945164762,0.87952187609503,0.1891306691641
"P4",5,TRUE,FALSE,FALSE,FALSE,0,1,NA,0.0322273046786878,-94.5244319535552,0.999962645971187,1,NA,"troot(x6*(x4*x4))",NA,NA,0.995283917311983,NA,NA
"P5",5,FALSE,FALSE,FALSE,TRUE,1,0.996429109555188,0.992859297690051,0.0441381526916016,-94.3406692127019,0.999801528801223,2,NA,"troot(x7*(x4*x4))","x4",NA,0.99823201756126,0.148984456599762,NA
