"Experiment","Run","F1","F2","F3","F4","Count_FP","Correlation","Correlation_FP","MAE","LMP","R2","Count_P","Time","First","Second","Third","FirstM","SecondM","ThirdM"
"P1",5,FALSE,FALSE,FALSE,FALSE,5,0.208891136784538,0.208891136784538,0.0380644084358908,-101.896843541979,0.999874512611307,5,371.168,"troot((x4*x4))","x2*x4","x6",0.999999998896669,0.997829166657998,0.23797099901134
"P2",5,FALSE,FALSE,FALSE,FALSE,3,0.371839007534399,0.371839007534399,0.0403124713313817,-96.7669448270558,0.999868903960049,3,416.287,"troot(x4*x4)","x2*x4","x2",1,0.999994695872112,0.207845963582638
"P3",5,FALSE,FALSE,FALSE,FALSE,2,0.604544956779782,0.604544956779782,0.0389497273187559,-96.7669448270558,0.999877689732964,2,374.277000000002,"troot(x4*x4)","x4*x2",NA,0.999663711978467,0.992472808548562,NA
"P4",5,FALSE,FALSE,FALSE,FALSE,4,0.745045243340951,0.745045243340951,0.0527440116271441,-107.094632161971,0.999286949756219,4,366.053,"x4*sin_deg(p0(x4))","x4","x4*x7",1,1,0.998463647088868
"P5",5,FALSE,FALSE,FALSE,FALSE,5,0.981032384340131,0.981032384340131,0.0727553440799352,-110.479779310827,0.997292464707301,5,441.487000000008,"x4","p3(x4)","x4*x4",1,0.999999999880653,0.999833602808571
