"Experiment","Run","F1","F2","F3","F4","Count_FP","Correlation","Correlation_FP","MAE","RMSE","LMP","R2","Count_P","Time","First","Second","Third","FirstM","SecondM","ThirdM"
"S1",11,FALSE,FALSE,FALSE,FALSE,3,0.985488592981159,0.985488592981159,0.0930462757849096,0.341617634057296,-99.5125191073179,0.996056859998571,3,2652.551,"x4","x4*troot(x4)","x10*x4",1,0.999999999999594,0.999999995797087
"S2",11,FALSE,FALSE,FALSE,TRUE,0,0.999998921420326,NA,0.0446220049960097,0.0763176530942681,-94.3406692127019,0.999803206092538,1,2616.913,"troot(x4*(x7*x4))","NA","NA",0.999999998748496,"NA","NA"
"S3",11,FALSE,FALSE,FALSE,FALSE,5,0.55964764235026,0.55964764235026,0.0958066690935977,0.34343258176708,-99.5125191073179,0.996014850435895,5,2838.098,"x4","troot(x4)*x4","x4*x10",1,1,0.997508939239628
"S4",11,TRUE,FALSE,FALSE,FALSE,0,1,NA,0.0322849589274913,0.0332350168458319,-94.5244319535552,0.999962678985358,1,2944.002,"troot(x4*(x6*x4))","NA","NA",0.999999999999955,"NA","NA"
"S5",11,FALSE,FALSE,FALSE,FALSE,5,0.780049268101437,0.780049268101437,0.0344528729160385,0.0425845153946975,-100.717970320674,0.999938727577006,5,2714.672,"x4","x6*x4","troot(x4*x4)",0.999860874664596,0.999849951231755,0.828648512724882
"S6",11,FALSE,FALSE,FALSE,FALSE,2,0.604544956779782,0.604544956779782,0.0389871813917507,0.0612886454443856,-101.896843541979,0.999873082449433,2,2289.452,"troot(x4)*troot(x4)","x2*x4","NA",1,0.999999999980798,"NA"
