"Experiment","Run","F1","F2","F3","F4","Count_FP","Correlation","Correlation_FP","MAE","LMP","R2","Count_P","Time","First","Second","Third","FirstM","SecondM","ThirdM"
"P1",27,FALSE,FALSE,FALSE,FALSE,4,0.279984609013674,0.279984609013674,0.0387187366051977,-96.7669448270558,0.999874140810911,4,NA,"troot(x4*x4)","x2*x4","x2",0.999999238590009,0.98480692933569,0.157450248589498
"P2",27,TRUE,FALSE,FALSE,FALSE,2,0.736363304519855,0.604544956779782,0.0305127791405161,-94.5244319535552,0.999968027391691,3,NA,"troot(x6*(x4*x4))","troot(x4*x4)","x2*x4",0.758395071085081,0.241598642022585,0.241120368121605
"P3",27,FALSE,FALSE,FALSE,FALSE,6,0.694996184325757,0.694996184325757,0.0297426965961371,-96.7669448270559,0.999962773876228,6,NA,"troot(x4*x4)","x2*x4","x4",0.8905187173401,0.85250092138758,0.169115199673666
"P4",27,TRUE,FALSE,FALSE,FALSE,1,0.462258623933997,-0.075482752132005,0.0302682387716364,-94.5244319535552,0.999968217262207,2,NA,"troot((x4*x6)*x4)","x6","NA",0.900686047209705,0.108462238031408,"NA"
"P5",27,FALSE,FALSE,FALSE,FALSE,4,0.527094080073312,0.527094080073312,0.0353226103201985,-96.7669448270558,0.999939034210794,4,NA,"troot(x4*x4)","x4*x2","x4",0.941413854861623,0.878738575963205,0.186354749125623
