"Experiment","Run","F1","F2","F3","F4","Count_FP","Correlation","Correlation_FP","MAE","LMP","R2","Count_P","Time","First","Second","Third","FirstM","SecondM","ThirdM"
"P1",30,FALSE,FALSE,FALSE,FALSE,4,0.394565264519246,0.394565264519246,0.0018161330751306,626.905644940331,0.999999648701596,4,447.42,"troot((troot(x7)*(x9*x4))*x4)","troot(x4*x4)","x7",0.999999999899546,0.999999701126721,0.999304232866677
"P3",30,FALSE,FALSE,FALSE,FALSE,13,0.681842252275542,0.681842252275542,2.30713879996959,515.035644660366,-8.6416266127546,13,391.622000000003,"x4","troot(x4)*x4","x4*x10",1,1,1
"P6",30,FALSE,FALSE,FALSE,FALSE,8,0.575751799738799,0.575751799738799,0.00113220184192851,628.714509022246,0.999999870427707,8,441.127000000008,"troot(x4*x6)*troot(x4*x6)","troot(x4)*troot(p0(p3(x4))*x4)","troot(x4)",1,1,1
