"Experiment","Run","F1","F2","F3","F4","Count_FP","Correlation","Correlation_FP","MAE","RMSE","LMP","R2","Count_P","Time","First","Second","Third","FirstM","SecondM","ThirdM"
"S1",3,TRUE,FALSE,FALSE,FALSE,0,1,NA,0.0318825051671291,0.0329263159468142,-94.5244319535552,0.999963369072245,1,677.442,"troot(x4*(x4*x6))","NA","NA",1,"NA","NA"
"S2",3,FALSE,FALSE,FALSE,FALSE,2,0.604544956779782,0.604544956779782,0.0389877238106823,0.0612934646177084,-96.7669448270558,0.999873062489399,2,791.113,"troot(x4*x4)","x2*x4","NA",1,0.999999999999856,"NA"
"S3",3,FALSE,FALSE,FALSE,FALSE,4,0.715723221996778,0.715723221996778,0.097181298189298,0.345771400781938,-99.5125191073178,0.9959603868753,4,698.841,"x4","x4*troot(x4)","x10*x4",1,0.999999999584868,0.99994454010983
"S4",3,TRUE,FALSE,FALSE,FALSE,1,0.462258623933997,-0.075482752132005,0.0314414490125941,0.0328065455573774,-99.6543306684783,0.999963635079595,2,802.737,"troot(x4*x6)*troot(x4)","x6","NA",0.999999950855672,0.1102861127788,"NA"
"S5",3,FALSE,FALSE,TRUE,FALSE,0,0.999999791697638,NA,0.0368575688088604,0.0559488348862903,-100.73060235727,0.999894234572353,1,766.391,"troot((x9*x4)*(x9*x4))","NA","NA",1,"NA","NA"
"S6",3,FALSE,FALSE,FALSE,FALSE,3,0.651563512936131,0.651563512936131,7.36694920623517e+259,Inf,-100.723720798733,-Inf,3,841.473,"troot(x4*x4)","x4*x8","x4",1,0.999999455184727,0.710894523812282
