"Experiment","Run","F1","F2","F3","F4","Count_FP","Correlation","Correlation_FP","MAE","LMP","R2","Count_P","Time","First","Second","Third","FirstM","SecondM","ThirdM"
"P1",3,FALSE,FALSE,FALSE,FALSE,10,0.682380067885348,0.682380067885348,0.0083999802625536,573.043948937064,0.999953958759216,10,404.424,"x4","troot(x4)","troot(troot(x4))",1,1,1
"P2",3,FALSE,FALSE,TRUE,FALSE,4,0.59252601085149,0.490657565639953,0.00154457822010286,660.354397060482,0.999999800659189,5,431.931999999997,"x7*(troot(x4*x9)*troot(x4*x9))","troot(x4)*troot(x4)","troot(x4*x9)*troot(x4*x9)",1,0.999999999732442,0.99988265490804
"P3",3,FALSE,FALSE,FALSE,FALSE,5,0.243634421610596,0.243634421610596,0.00193040274626995,657.358788462871,0.999999525916021,5,482.135000000002,"troot(x4*x4)","troot(x4*(x4*x8))","troot(x4*(x4*x8))*x6",1,1,1
