"Experiment","Run","F1","F2","F3","F4","Count_FP","Correlation","Correlation_FP","MAE","RMSE","LMP","R2","Count_P","Time","First","Second","Third","FirstM","SecondM","ThirdM"
"S1",25,FALSE,FALSE,FALSE,FALSE,6,0.494704933477715,0.494704933477715,0.00135493831513508,0.00204285032950041,668.551690201082,0.999999858994928,6,727.634,"x9*(troot(x4)*troot(x4))","(troot(x4)*troot(x4*x7))*x6","troot(x4)*troot(x4)",0.999999999979775,0.999999999979773,0.99999999976421
"S2",25,FALSE,FALSE,FALSE,FALSE,4,0.537075438630361,0.537075438630361,0.000917708490954736,0.00158983950219955,673.695386157929,0.999999914597968,4,737.7,"troot(x4)*troot(x4)","x6*(troot(x4)*troot(x4))","x9",1,1,0.5809418986918
"S3",25,FALSE,FALSE,FALSE,FALSE,3,0.668522345427436,0.668522345427436,0.000876332295254643,0.0016210600901005,670.057003347804,0.999999911210857,3,749.754,"troot(x4)*troot(x4)","troot(x4*x6)*troot(x4*x6)","x9",0.999999999999994,0.999880215287139,0.13395313350654
"S4",25,FALSE,FALSE,FALSE,FALSE,6,0.518774396626338,0.518774396626338,0.00172337555809073,0.00255886057489726,660.369221720661,0.999999778764467,6,769.68,"x9*(troot(x8+(x4*x4))*x9)","troot(x8+(x4*x4))","x7*troot((x4*x4))",1,1,1
"S5",25,FALSE,FALSE,FALSE,FALSE,10,0.75824516973096,0.75824516973096,0.0195733034808291,0.125015018814523,616.969626287506,0.999471936661542,10,740.398999999999,"(x5*x5)*x4","x4","(p0(x4)*(p0(x4)*troot(1+(x4*x6))))*x9",1,1,1
"S6",25,TRUE,FALSE,FALSE,FALSE,2,0.995239780774171,0.992859671161257,0.000830881190114216,0.00180381761277432,682.554649827531,0.99999989006224,3,820.099,"troot(x4)*troot(x4*x6)","x4","x4*x6",1,0.999999994344606,0.99453405327224
