"Experiment","Run","F1","F2","F3","F4","Count_FP","Correlation","Correlation_FP","MAE","RMSE","LMP","R2","Count_P","Time","First","Second","Third","FirstM","SecondM","ThirdM"
"S1",16,FALSE,TRUE,FALSE,FALSE,0,0.999999647456683,NA,2.31574241430915e+294,Inf,-22.889285690445,-Inf,1,2418.607,"troot(x9*(x4*x4))","NA","NA",1,"NA","NA"
"S2",16,FALSE,TRUE,FALSE,FALSE,0,0.999999647456683,NA,0.0600961003431532,0.298280352594255,-22.889285690445,0.996993848031645,1,2586.518,"troot(x9*(x4*x4))","NA","NA",0.984061820935379,"NA","NA"
"S3",16,FALSE,FALSE,FALSE,FALSE,1,0.99999974420151,0.99999974420151,0.0765127830071679,0.379562576268684,-29.1465286541205,0.995132248409671,1,2403.11,"x9*(troot(x4)*troot(x4))","NA","NA",1,"NA","NA"
"S4",16,FALSE,FALSE,FALSE,FALSE,1,0.99999974420151,0.99999974420151,0.0643607804717451,0.31830265779694,-24.0166299391974,0.996576722025929,1,2445.051,"x9*troot(x4*x4)","NA","NA",0.941075668781396,"NA","NA"
"S5",16,FALSE,FALSE,FALSE,FALSE,1,0.99999974420151,0.99999974420151,0.0629424241001078,0.309488032459249,-24.0166299391974,0.996763695657971,1,2599.258,"x9*troot(x4*x4)","NA","NA",0.931889976991751,"NA","NA"
"S6",16,FALSE,FALSE,FALSE,FALSE,2,0.994001745179826,0.994001745179826,0.0601993325319735,0.104707007501727,-26.996322246006,0.999629564046606,2,2503.795,"(x9*x4)*pm05(x4)","x4","NA",0.999999874814843,0.999783140295329,"NA"
