"Experiment","Run","F1","F2","F3","F4","Count_FP","Correlation","Correlation_FP","MAE","RMSE","LMP","R2","Count_P","Time","First","Second","Third","FirstM","SecondM","ThirdM"
"S1",5,FALSE,TRUE,FALSE,FALSE,6,0.45644253678149,0.365849685002291,0.00153895141090599,0.00243732190687935,680.371467436167,0.999999799281492,7,1057.69499999995,"troot((x4*x9)*x4)*x9","troot((x4*x9)*x4)","troot((x4*x9)*x4)*x7",1,1,1
"S2",5,FALSE,FALSE,FALSE,FALSE,3,0.668521412733855,0.668521412733855,0.000928430560776148,0.0016236738975068,678.68132725223,0.999999910924298,3,1109.63200000004,"troot(x4*x4)","troot(x4)*(troot(x4)*x6)","x9",1,1,0.515661694400451
"S3",5,FALSE,FALSE,FALSE,FALSE,4,0.537075438630361,0.537075438630361,0.000917686896271778,0.00158983028340864,673.695386157929,0.999999914598959,4,987.424999999988,"troot(x4)*troot(x4)","(troot(x4)*troot(x4))*x6","x9",1,1,0.581509249222427
"S4",5,FALSE,FALSE,FALSE,FALSE,7,0.460119884475801,0.460119884475801,0.00171689615824939,0.00310980255680817,666.154278674353,0.999999673241218,7,1145.45299999998,"(troot(x4)*troot(x4))*x9","x7*((troot(x4)*troot(x4))*x9)","x5",1,1,0.999999999963259
"S5",5,FALSE,FALSE,FALSE,FALSE,5,0.628232210442299,0.628232210442299,0.000917470253147464,0.00157812889132782,683.955183587772,0.999999915851462,5,941.144000000029,"troot(x4*x4)*x6","troot(x4*x4)","x9",1,1,0.592540745614288
"S6",5,FALSE,FALSE,FALSE,FALSE,6,0.328064335897169,0.328064335897169,0.00165611234846204,0.00252700659576304,667.490318380164,0.999999784238284,6,1121.76599999995,"troot(1+x7)*(x9*troot(x4*x4))","troot(x4)*troot(x4)","x5*x5",1,1,0.534187712500451
