"Experiment","Run","F1","F2","F3","F4","Count_FP","Correlation","Correlation_FP","MAE","RMSE","LMP","R2","Count_P","Time","First","Second","Third","FirstM","SecondM","ThirdM"
"S1",21,FALSE,FALSE,FALSE,FALSE,1,0.99999974420151,0.99999974420151,0.0608761874353021,0.299963567803486,-24.0166299391974,0.996959824485509,1,2552.935,"troot(x4*x4)*x9","NA","NA",0.851738443359762,"NA","NA"
"S2",21,FALSE,FALSE,FALSE,TRUE,0,0.999998921420326,NA,0.0184529004518682,0.0723252384684917,-20.678976752487,0.999823257341016,1,2637.474,"troot((x4*x4)*x7)","NA","NA",1,"NA","NA"
"S3",21,FALSE,FALSE,FALSE,FALSE,2,0.999999528185775,0.999999528185775,0.0623584636802042,0.314735816670284,-24.0166299391974,0.996653013412396,2,3425.44,"x9*troot(x4*x4)","troot(x4*x4)","NA",0.875732828519933,0.12426720678227,"NA"
"S4",21,FALSE,FALSE,FALSE,TRUE,0,0.999998921420326,NA,0.0184566263584063,0.0723329866404281,-20.678976752487,0.999823219470257,1,2511.441,"troot(x4*(x7*x4))","NA","NA",1,"NA","NA"
"S5",21,TRUE,FALSE,FALSE,FALSE,0,1,NA,0.00185035137463249,0.00888664475862647,-20.5220457792714,0.999997331683908,1,2435.214,"troot((x4*x4)*x6)","NA","NA",1,"NA","NA"
"S6",21,FALSE,FALSE,FALSE,FALSE,1,0.99999974420151,0.99999974420151,0.0643649708361243,0.317951944241955,-24.0166299391974,0.996584261570693,1,2630.88,"troot(x4*x4)*x9","NA","NA",0.940694866728802,"NA","NA"
