"Experiment","Run","F1","F2","F3","F4","Count_FP","Correlation","Correlation_FP","MAE","LMP","R2","Count_P","Time","First","Second","Third","FirstM","SecondM","ThirdM"
"P1",33,FALSE,FALSE,FALSE,TRUE,1,0.996429109555188,0.992859297690051,0.0429430297391074,-94.3406692127019,0.999820483474926,2,NA,"troot(x4*(x7*x4))","x4",NA,0.988748402508688,0.170219077253944,NA
"P3",33,TRUE,FALSE,FALSE,FALSE,1,0.453213554521817,-0.0935728909563669,0.0338135422562438,-94.5244319535552,0.999940308876244,2,NA,"troot((x4*x6)*x4)","x2",NA,0.998419586502528,0.360989093424654,NA
"P5",33,FALSE,FALSE,FALSE,FALSE,8,0.631792196894347,0.631792196894347,0.0377420160922177,-100.723720798733,0.999906538140421,8,NA,"troot(x4*x4)","x4","x8*x4",0.884598692494634,0.837649243142973,0.49354716761249
