"Experiment","Run","F1","F2","F3","F4","Count_FP","Correlation","Correlation_FP","MAE","LMP","R2","Count_P","Time","First","Second","Third","FirstM","SecondM","ThirdM"
"P1",33,FALSE,FALSE,FALSE,FALSE,5,0.579246503231833,0.579246503231833,0.0960896157983903,-99.5125191073179,0.996033286679875,5,375.823999999999,"x4*x10","x4*troot(x4)","x4",1,1,0.99999999944664
"P3",33,TRUE,FALSE,FALSE,FALSE,2,0.276981452303876,-0.0845278215441859,0.0333101555103794,-94.5244319535552,0.999939831054634,3,378.230000000003,"troot(x4*(x4*x6))","x2","x6",1,0.368486199236875,0.150716606633333
"P5",33,FALSE,FALSE,FALSE,FALSE,5,0.590623825769905,0.590623825769905,0.0383340236852463,-105.847869035597,0.999898601714745,5,430.64499999999,"troot(x4)*troot(x4)","x4","x8*x4",0.999999942144965,0.832873733230648,0.596972821273439
