"Experiment","Run","F1","F2","F3","F4","Count_FP","Correlation","Correlation_FP","MAE","LMP","R2","Count_P","Time","First","Second","Third","FirstM","SecondM","ThirdM"
"P5",19,FALSE,FALSE,FALSE,FALSE,4,0.537075438630361,0.537075438630361,0.000911890292051964,673.69538615793,0.999999914829159,4,NA,"troot(x4)*troot(x4)","x6*(troot(x4)*troot(x4))","x9",1,0.999999989416755,0.572458401488469
"P1",19,FALSE,TRUE,FALSE,FALSE,9,0.504528782637958,0.449476464324767,0.0268809736487593,670.654598306577,0.999109242623148,10,NA,"x2*x4","x6*(x2*x4)","x4",1,1,1
"P2",19,FALSE,FALSE,FALSE,FALSE,4,0.485227390491439,0.485227390491439,0.000923746736304371,683.81122596715,0.999999912015292,4,NA,"x6*troot(x4*x4)","troot(x4*x4)","x9",0.999999999999999,0.999999999999999,0.464617941924187
"P3",19,FALSE,FALSE,FALSE,FALSE,10,0.0832279975924462,0.0832279975924462,0.00310848782467036,609.985096199328,0.999998712174325,10,NA,"x10*(x8*x4)","x8*x4","troot(1+((x4*x4)+x6))",0.999999994732045,0.999999994732045,0.999999994732045
"P4",19,FALSE,FALSE,TRUE,FALSE,11,0.749212298762698,0.726413435768613,0.0478187019136864,684.529487708496,0.996066890508882,12,NA,"x9","x7","x4",0.6688214272433,0.546790812526191,0.510344131257356
"P6",19,FALSE,FALSE,FALSE,FALSE,4,0.4825167766179,0.4825167766179,0.00108246605098287,654.212853059608,0.999999836110317,4,NA,"troot((x6*x4)*(x6*x4))*x6","troot((x6*x4)*(x6*x4))","x6",0.99999999979845,0.99999999979845,0.999999999797179
