"Experiment","Run","F1","F2","F3","F4","Count_FP","Correlation","Correlation_FP","MAE","LMP","R2","Count_P","Time","First","Second","Third","FirstM","SecondM","ThirdM"
"P5",19,FALSE,FALSE,FALSE,FALSE,4,0.537075438630361,0.537075438630361,0.000908765748968465,673.69538615793,0.9999999149807,4,633.890000000014,"troot(x4)*troot(x4)","x6*(troot(x4)*troot(x4))","x9",1,0.99999997883351,0.562499767769705
"P1",19,FALSE,TRUE,FALSE,FALSE,9,0.504528782637958,0.449476464324767,0.0268809736487593,670.654598306577,0.999109242623148,10,623.260000000009,"x2*x4","x6*(x2*x4)","x4",1,1,1
"P2",19,FALSE,FALSE,FALSE,FALSE,6,0.32470299274702,0.32470299274702,0.00208643407666252,614.091876323214,0.999999649436191,6,665.549999999988,"sigmoid(x4)*(troot(((x3*x4)*x1)+((x4*x4)+x1))*(x6*x9))","troot((x3*x1)+((x4*x4)+1))","x1",1,1,0.999999417496394
"P3",19,FALSE,FALSE,FALSE,FALSE,5,0.29380504654429,0.29380504654429,0.00339089080139289,590.923472615101,0.999998148170907,5,627.449999999953,"x7","(x4*x10)*troot(x8*x2)","troot(x4)*troot(x4)",1,1,1
"P4",19,FALSE,FALSE,FALSE,FALSE,3,0.64150431355363,0.64150431355363,0.000990960184518533,683.748086912524,0.999999907622637,3,689.390000000014,"troot(x4*x4)*x6","troot(x4*x4)","x6",1,1,0.110993500697709
"P6",19,FALSE,FALSE,FALSE,FALSE,14,0.39031981743664,0.39031981743664,0.729294604348328,562.410588358679,0.0435280211663183,14,796.329999999958,"x4","x6*(troot(x3*x4)*x4)","troot(x3*x4)*x4",1,1,1
