"Experiment","Run","F1","F2","F3","F4","Count_FP","Correlation","Correlation_FP","MAE","LMP","R2","Count_P","Time","First","Second","Third","FirstM","SecondM","ThirdM"
"P5",19,FALSE,FALSE,FALSE,FALSE,12,0.517979420804458,0.517979420804458,0.0178617689968764,325.689823938187,0.9999122001842,12,567.010000000009,"x4*sigmoid(x2)","(x4*sigmoid(x2))*(sigmoid(x2)*troot(x4))","troot(x9*(x4*sigmoid(x2)))",1,1,1
"P1",19,FALSE,FALSE,FALSE,FALSE,12,0.300108460478439,0.300108460478439,0.00785480779397191,582.853131055007,0.999939607280868,12,561.890000000014,"x4","troot((x4*exp_dbl(troot(x4)))*x4)","troot(x4)",1,1,1
"P2",19,FALSE,FALSE,FALSE,FALSE,15,0.379496904266203,0.379496904266203,0.0194254816376022,495.340103999963,0.999610928032532,15,693.020000000019,"(x2*(x4*x2))*x4","x6*x4","exp_dbl(x4)",1,1,1
"P3",19,FALSE,FALSE,FALSE,FALSE,14,0.369021235312965,0.369021235312965,0.00606602580323641,455.939161365776,0.999993014993706,14,631.050000000047,"(x2*x4)*x9","x2","troot(1+(x2+x4))",1,1,1
"P4",19,TRUE,FALSE,FALSE,FALSE,2,0.641505520012678,0.462258280019017,0.000813140858483596,679.647472546039,0.999999911044346,3,605.380000000005,"troot(x4*x4)","troot(x4)*troot(x4*x6)","x6",1,1,0.122894930573216
"P6",19,FALSE,FALSE,FALSE,FALSE,8,0.661102659925037,0.661102659925037,0.00110776341697056,631.887870734633,0.999999887786123,8,580.899999999907,"x4","troot(x4)*(troot(x4)*x6)","sigmoid(troot(x4))",1,1,0.999999999999978
