"Experiment","Run","F1","F2","F3","F4","Count_FP","Correlation","Correlation_FP","MAE","LMP","R2","Count_P","Time","First","Second","Third","FirstM","SecondM","ThirdM"
"P5",19,FALSE,FALSE,FALSE,FALSE,4,0.537075438630361,0.537075438630361,0.000917659082783856,673.695386157929,0.999999914599739,4,613.990000000049,"(troot(x4)*troot(x4))*x6","troot(x4)*troot(x4)","x9",1,1,0.582417035207243
"P1",19,FALSE,FALSE,FALSE,FALSE,11,0.36772941455708,0.36772941455708,0.0418641898698802,569.315218617016,0.997576982905412,11,553.690000000002,"(x4*x2)*x6","x4*x2","troot(x4*(x4*sigmoid(troot(x2))))",1,1,1
"P2",19,FALSE,FALSE,FALSE,FALSE,12,0.743536419917472,0.743536419917472,0.0291490718472965,648.788832385271,0.998548467506658,12,612.280000000028,"(x10*x4)*x4","troot(x6*x4)","x4",1,1,1
"P3",19,FALSE,FALSE,FALSE,FALSE,14,0.424717370584453,0.424717370584453,0.215943240853301,448.047631377413,0.922867703688084,14,623.979999999981,"troot(sin_deg(x4))","x4*(x8*x2)","x4*x3",1,1,1
"P4",19,FALSE,FALSE,FALSE,FALSE,6,0.334694054358938,0.334694054358938,0.000905909859169367,683.955183587773,0.99999991604513,6,592.449999999953,"troot(x4*x4)*x6","troot(x4*x4)","x9",1,1,0.633400930043448
"P6",19,FALSE,FALSE,FALSE,FALSE,4,0.4825167766179,0.4825167766179,0.00108246605120818,654.212853059608,0.999999836110317,4,601.380000000005,"troot((x6*x4)*(x6*x4))*x6","troot((x6*x4)*(x6*x4))","x6",1,1,0.99999999999873
