"Experiment","Run","Correlation","MAE","RMSE","LMP","R2","Count_P","Time","First","Second","Third","FirstM","SecondM","ThirdM"
"S1",21,0.867178732194256,3.13398480959656,5.04130056193931,-2158.56967874668,0.749155468080224,15,7219.274,"x1","p0(x6)","x5",1,1,1
"S2",21,0.855856086408334,3.17315747024075,5.47506059646028,-1750.69359652143,0.704132462456108,15,7721.551,"exp_dbl(x13)*x8","x9*p0(x6)","p3(x11)*p0(x6)",1,1,1
"S3",21,0.862198296002894,3.56915775005412,5.18642267537968,-3325.97388683779,0.734505657183403,15,3455.931,"x1","x4*x12","x5",1,1,1
"S4",21,0.860604107946912,3.57499867670363,5.22849359538951,-3271.6753110504,0.730180944609793,15,6608.436,"x1","p0(x10)","x4",1,1,1
"S5",21,0.871947702889215,3.43537505814689,5.02950924113358,-2909.40897735395,0.750327518530678,15,3384.498,"x1","exp_dbl(x8)","x8",1,1,1
"S6",21,0.88606058496359,3.16184842783402,4.8052777330881,-2447.20723599521,0.772093640169766,15,7167.671,"x1","x6*x11","x10",1,1,1
