"Experiment","Run","F1","F2","F3","F4","Count_FP","Correlation","Correlation_FP","MAE","RMSE","LMP","R2","Count_P","Time","First","Second","Third","FirstM","SecondM","ThirdM"
"S1",2,FALSE,FALSE,FALSE,FALSE,4,0.412120177547471,0.412120177547471,0.000922574686697565,0.00161409122719061,683.81122596715,0.999999911972617,4,2318.33500000002,"troot(x4*x4)","x6*troot(x4*x4)","x9",0.999956862720322,0.99269832313468,0.475626262712994
"S2",2,FALSE,FALSE,FALSE,FALSE,6,0.543291565763375,0.543291565763375,0.00153460952527063,0.00242110700047812,697.519928711663,0.999999801943271,6,2341.25900000002,"troot(x4*x4)","x7*troot(x4*x4)","troot(x4*x4)*x9",1,1,1
"S3",2,FALSE,TRUE,FALSE,FALSE,7,0.253659781109874,0.147039800203187,0.00206834444226234,0.00636105436063319,687.026262076792,0.999998632838406,8,2563.076,"troot((x4*x9)*x4)","troot((x4*x9)*x4)*x6","x5",1,1,0.99999471254167
"S4",2,FALSE,FALSE,FALSE,FALSE,7,0.486070042357344,0.486070042357344,0.0015146746504016,0.00241247011253484,697.901528862908,0.999999803353818,7,2345.07900000003,"troot(x4*x4)","troot(x4*x4)*x7","troot(x4*x4)*x9",1,1,1
"S5",2,FALSE,FALSE,FALSE,FALSE,14,0.403456887943381,0.403456887943381,0.766623241541453,5.51169413893513,538.020386193611,-0.0264359497430213,14,2371.74599999998,"((x4*x2)*sin_deg(x4*x3))*(x4*x3)","x4","x3*((x6*x4)*sigmoid(x3))",1,1,1
"S6",2,FALSE,FALSE,FALSE,FALSE,4,0.537075438630361,0.537075438630361,0.000919554619548057,0.00158869658459045,673.695386157929,0.999999914720713,4,2425.58199999999,"troot(x4)*troot(x4)","(troot(x4)*troot(x4))*x6","x9",1,1,0.584138374869539
