"Experiment","Run","F1","F2","F3","F4","Count_FP","Correlation","Correlation_FP","MAE","RMSE","LMP","R2","Count_P","Time","First","Second","Third","FirstM","SecondM","ThirdM"
"S1",20,TRUE,FALSE,FALSE,FALSE,1,0.467672661882095,-0.0646546762358107,0.0321344542917123,0.0330011250905451,-94.5244319535552,0.999963202430986,2,914.676000000036,"troot((x6*x4)*x4)","x7","NA",0.999999999999986,0.108298114847697,"NA"
"S2",20,FALSE,FALSE,FALSE,TRUE,1,0.996429109555188,0.992859297690051,0.043856060714339,0.0770027667143832,-94.3406692127019,0.999799656943499,2,1109.05900000001,"troot(x4*(x4*x7))","x4","NA",1,0.161560300036042,"NA"
"S3",20,FALSE,FALSE,FALSE,FALSE,3,0.989339092270515,0.989339092270515,0.0465699612281688,0.117926204325908,-104.504134429936,0.999530125067592,3,898.597000000009,"x4*x6","troot(x4*x4)","x4*x4",0.999999889947947,0.999999889947815,0.999999889936286
"S4",20,FALSE,FALSE,TRUE,FALSE,2,0.28059074150182,-0.0791137835960888,0.0360685657641357,0.0560125244782575,-100.73060235727,0.999893993638256,3,1053.54399999999,"troot((x4*x9)*(x4*x9))","x2","x7",0.999984989026295,0.391605142292085,0.153713877662306
"S5",20,FALSE,FALSE,FALSE,FALSE,4,0.720245756702868,0.720245756702868,0.0931297884541226,0.339676904746347,-99.5125191073178,0.996101534684564,4,1017.97700000001,"x4","x10*x4","troot(x4)*x4",1,0.999999999937759,0.99011418249556
"S6",20,FALSE,FALSE,FALSE,FALSE,4,0.657158781620218,0.657158781620218,0.0449037864699197,0.0737815999815277,-105.847869035597,0.999816067796575,4,1029.571,"troot(x4)*troot(x4)","x4*x6","x4",0.999997126012359,0.999990236144175,0.978792678506142
