"Experiment","Run","F1","F2","F3","F4","Count_FP","Correlation","Correlation_FP","MAE","RMSE","LMP","R2","Count_P","Time","First","Second","Third","FirstM","SecondM","ThirdM"
"S1",20,FALSE,FALSE,FALSE,FALSE,3,0.788552607527299,0.788552607527299,0.0693991084704088,0.242884987136447,-105.007113618834,0.99800674446316,3,2247.25199999998,"x3*x4","troot(x4)*troot(x4)","x4",0.999985483600506,0.999983876581538,0.155649717038002
"S2",20,FALSE,FALSE,FALSE,TRUE,1,0.462258084644161,-0.075482752132005,0.0436031666577721,0.0751293282513507,-94.3406692127019,0.999809286846532,2,2201.70600000001,"troot(x7*(x4*x4))","x6","NA",1,0.13877305863464,"NA"
"S3",20,FALSE,FALSE,FALSE,TRUE,1,0.462258084644161,-0.075482752132005,0.0434010063513922,0.0739376454032705,-94.3406692127019,0.999815288953886,2,2200.01699999999,"troot(x4*(x4*x7))","x6","NA",0.995608736452629,0.139101630684232,"NA"
"S4",20,FALSE,FALSE,FALSE,FALSE,2,0.604544956779782,0.604544956779782,0.0389662356135173,0.0602368516925759,-96.7669448270559,0.999877401214987,2,2255.75199999998,"x2*x4","troot(x4*x4)","NA",0.998529206944883,0.977935620457903,"NA"
"S5",20,FALSE,FALSE,FALSE,FALSE,2,0.604544956779782,0.604544956779782,0.038866877867549,0.0591664977183377,-101.896843541979,0.999881719443008,2,2309.67700000003,"troot(x4)*troot(x4)","x4*x2","NA",1,0.973516073056046,"NA"
"S6",20,FALSE,FALSE,FALSE,FALSE,3,0.651563512936131,0.651563512936131,0.03626565922135,0.0525211314309972,-100.723720798733,0.999906797023429,3,2432.467,"troot(x4*x4)","x8*x4","x4",1,0.999997242964749,0.675602633890622
