"Experiment","Run","F1","F2","F3","F4","Count_FP","Correlation","Correlation_FP","MAE","LMP","R2","Count_P","Time","First","Second","Third","FirstM","SecondM","ThirdM"
"P1",5,FALSE,FALSE,FALSE,TRUE,12,0.558821909644468,0.522057158663146,0.94902062846504,573.895867722859,-0.611644642245057,13,NA,"x4","x8*(x4*(exp_dbl(x3)*x4))","x7*((x3*x4)*(x4*x3))",0.999537147469321,0.999493882110797,0.999493882110797
"P2",5,FALSE,FALSE,FALSE,FALSE,4,0.537075438630361,0.537075438630361,0.000914468120702734,683.955183587772,0.999999914823023,4,NA,"troot(x4*x4)","troot(x4*x4)*x6","x9",1,0.999999998337405,0.569662682462085
"P3",5,TRUE,FALSE,FALSE,FALSE,2,0.995239780774171,0.992859671161257,0.000813814046259812,682.554649827532,0.999999898621911,3,NA,"troot(x4)*troot(x4*x6)","x6*x4","x4",0.999999999974696,0.948432152882578,0.94840395085673
"P4",5,FALSE,TRUE,FALSE,FALSE,5,0.524375484973105,0.429250652476389,0.0015948851662894,678.524365228528,0.999999804051409,6,NA,"troot((x4*x9)*x4)*x7","troot((x4*x9)*x4)","x9*troot((x4*x9)*x4)",1,1,1
"P5",5,FALSE,FALSE,FALSE,FALSE,12,0.615934851184076,0.615934851184076,0.0494971277907252,590.150113713088,0.996720193244781,12,NA,"x4","x4*troot(x6*x4)","(x6*x4)*x4",1,1,1
"P6",5,TRUE,FALSE,FALSE,FALSE,6,0.733431585263423,0.68900351614066,0.000885204361767739,683.955183587772,0.999999926735642,7,NA,"troot(x4*x4)","x6*troot(x4*x4)","x9",0.890287541932072,0.890287480899334,0.512143407108441
