"Experiment","Run","Correlation","MAE","RMSE","LMP","R2","Count_P","Time","First","Second","Third","FirstM","SecondM","ThirdM"
"S1",12,0.839249312501078,3.3405906276243,6.30565732723858,-966.174966702215,0.607553745481269,16,4649.894,"x1*sigmoid(x13)","p3(x6)","x9*x6",1,1,1
"S2",12,0.822404638089721,3.53815655378579,7.14759736409606,-960.825630705172,0.49575730323398,18,5014.853,"x1","x6*x10","sigmoid(x13)*x1",1,1,1
"S3",12,0.817654069764447,3.60771713625768,7.29845248745889,-965.694938582977,0.474247886674891,21,5897.637,"x6*x9","x9*x13","sigmoid(x13)*x1",1,0.999999999999998,0.999999999999842
"S4",12,0.863703643531587,3.02581892301496,5.59823138854534,-961.541332661815,0.690670637386346,20,4431.292,"x10","p3(x6)*x10","p3(x6)",1,1,1
"S5",12,0.828350768665271,3.49713921280334,7.00115973810868,-971.446051199116,0.516207167384385,14,4206.877,"x1*exp_dbl(x13)","x6","x8",1,0.999999999999607,0.9999991732715
"S6",12,0.880665655427194,3.05647222937106,4.7748948803261,-984.8433955949,0.77496654566463,14,3506.029,"x13*x9","x11","p0(x13)",0.999999999999998,0.999999999999986,0.999999997555045
