"Experiment","Run","F1","F2","F3","F4","Count_FP","Correlation","Correlation_FP","MAE","LMP","R2","Count_P","Time","First","Second","Third","FirstM","SecondM","ThirdM"
"P1",17,FALSE,TRUE,FALSE,FALSE,8,0.551209872064337,0.495111150140293,6.00946691731198e+222,680.329936577566,-Inf,9,NA,"troot(x4*(x4*x9))","troot(x4*x4)","x4",1,1,0.999999985329953
"P2",17,TRUE,FALSE,FALSE,FALSE,3,0.994644746673362,0.992859662231149,4.87433457654495e+285,682.751532613054,-Inf,4,NA,"x4","troot(x4)*troot(x4*x6)","x7*x4",0.999788525795808,0.999788525795808,0.548958507178039
"P3",17,TRUE,FALSE,FALSE,FALSE,3,0.994644746673362,0.992859662231149,0.000830224200418843,687.881431327977,0.999999889977128,4,NA,"troot((x6*x4)*x4)","x4","x7*x4",1,0.999999999047308,0.54887686693231
"P4",17,TRUE,FALSE,FALSE,FALSE,1,0.999999656085019,0.999999312170039,0.000808832393885136,679.647472546039,0.999999909835534,2,NA,"troot((x6*x4)*x4)","troot(x4)*troot(x4)","NA",1,0.99028061783686,"NA"
"P5",17,FALSE,FALSE,FALSE,FALSE,7,0.794023699342892,0.794023699342892,8.19373753032359e+265,620.016709053819,-Inf,7,NA,"x4","troot(x4)","x4*x5",1,1,0.999999999997435
"P6",17,FALSE,FALSE,FALSE,FALSE,4,0.48252037151739,0.48252037151739,1.05305750451433e+282,683.81122596715,-Inf,4,NA,"x6*troot(x4*x4)","troot(x4*x4)","x9",1,1,0.610917854832955
