"Experiment","Run","F1","F2","F3","F4","Count_FP","Correlation","Correlation_FP","MAE","LMP","R2","Count_P","Time","First","Second","Third","FirstM","SecondM","ThirdM"
"P1",17,FALSE,FALSE,FALSE,FALSE,11,0.587189277579084,0.587189277579084,0.307708186049864,543.083284409855,0.836491240339925,11,401.367000000001,"x4*(x4*x8)","x3","x4",1,1,1
"P2",17,TRUE,FALSE,FALSE,FALSE,3,0.994644746673362,0.992859662231149,0.000830215496486054,682.751532613054,0.999999889983122,4,379.096000000001,"x4","troot(x4)*troot(x4*x6)","x7*x4",1,1,0.549074622296831
"P3",17,FALSE,FALSE,FALSE,FALSE,13,0.814120941578585,0.814120941578585,7.62294587213279,424.472729109565,-91.582954971198,13,463.036999999997,"x4*(troot(((x10*x10)*x4)*x4)*x4)","p0(x4*x4)","sin_deg(x4)*sin_deg(x4)",1,1,1
"P4",17,TRUE,FALSE,FALSE,FALSE,1,0.999999656085019,0.999999312170039,0.000808832393885136,679.647472546039,0.999999909835534,2,357.198000000004,"troot((x6*x4)*x4)","troot(x4)*troot(x4)","NA",1,0.99028061783686,"NA"
"P5",17,FALSE,FALSE,FALSE,FALSE,10,0.586608674764019,0.586608674764019,0.0347972078396522,593.327751300681,0.998311632820586,10,393.983999999997,"(x6*(x4*x3))*(x6*p3(p0(x4)))","x4","troot(troot(x4)*x4)",1,1,1
"P6",17,FALSE,FALSE,FALSE,FALSE,4,0.48252037151739,0.48252037151739,1.05305750451433e+282,683.81122596715,-Inf,4,430.471999999994,"x6*troot(x4*x4)","troot(x4*x4)","x9",1,1,0.610917854832955
