"Experiment","Run","F1","F2","F3","F4","Count_FP","Correlation","Correlation_FP","MAE","RMSE","LMP","R2","Count_P","Time","First","Second","Third","FirstM","SecondM","ThirdM"
"S1",16,TRUE,FALSE,FALSE,FALSE,2,0.995239780774171,0.992859671161257,0.000830983584576471,0.00180417406046167,687.684548542455,0.999999890018787,3,726.566,"troot((x4*x6)*x4)","x4","x4*x6",1,0.999987456870399,0.999836648483385
"S2",16,FALSE,FALSE,FALSE,FALSE,8,0.259808927759425,0.259808927759425,0.00489081631633806,0.0208711134032201,635.952800298617,0.99998528186197,8,821.682,"p3(x7)","troot(1+((x9*x4)+(x9*(x4*x4))))","x5",1,1,0.999705830531183
"S3",16,FALSE,FALSE,FALSE,FALSE,6,0.668927276592517,0.668927276592517,0.00164076786155417,0.00247739909799906,696.427431941538,0.999999792626343,6,715.824,"troot(x4*x4)*x9","troot(x4*x4)","p3(x5*x5)",1,1,0.899963399120428
"S4",16,TRUE,FALSE,FALSE,FALSE,2,0.651563742212784,0.477345613319177,0.000832686013362044,0.00180222711195034,687.673947524574,0.999999890256028,3,778.242,"troot(x6*(x4*x4))","x4*x8","x4",1,0.999455291707703,0.999455228970477
"S5",16,FALSE,FALSE,FALSE,FALSE,4,0.485227390491439,0.485227390491439,0.0009252207569841,0.00162018606108436,673.551428537307,0.999999911306577,4,696.277,"x6*(troot(x4)*troot(x4))","troot(x4)*troot(x4)","x9",1,1,0.490826452412415
"S6",16,FALSE,FALSE,FALSE,FALSE,12,0.599371081461892,0.599371081461892,7.70601942616345,56.5547269303856,594.323550450124,-107.068582601875,12,840.563,"x4","x4*(x4*x5)","p3(p0(x4)*p0(x4))",1,1,1
