"Experiment","Run","Correlation","MAE","RMSE","LMP","R2","Count_P","Time","First","Second","Third","FirstM","SecondM","ThirdM"
"S1",24,0.853813272428626,3.18219345341161,5.27476933992368,-2118.62407498307,0.725383642054954,15,8095.546,"p3(x6)","(x13*p0(1+(x1+x8)))*x12","x9*x6",1,1,1
"S2",24,0.859415139257426,3.27666378072862,5.16814656429232,-2446.94536049947,0.736373478306356,15,3445.403,"x2","x6","x6*x6",1,1,1
"S3",24,0.863531826753957,3.18457555475094,5.12630998951172,-2217.39521742148,0.740624359849309,15,7442.094,"troot(x6)","x9*x6","x5",1,1,1
"S4",24,0.856043947846321,3.29527098981714,5.22650113776877,-2365.84654569384,0.730386548992511,15,3390.097,"x1*x6","(x6*x6)*x8","x6",1,1,1
"S5",24,0.865325886380151,3.51131120174362,5.11837074647789,-3305.09838239732,0.741427140658755,15,7555.834,"x5","x6","x8",1,1,1
"S6",24,0.855203614493015,3.40120175713096,5.23729450737786,-2182.29720467522,0.729271829089131,15,3316.853,"x1","troot(x6)","exp_dbl(x1)",1,1,1
