"Experiment","Run","Correlation","MAE","RMSE","LMP","R2","Count_P","Time","First","Second","Third","FirstM","SecondM","ThirdM"
"S1",22,0.883204095866133,2.97709822971272,4.72500837672395,-1922.4989678879,0.77964413085721,15,7451.255,"x1","troot(x6)","x6*p0(1+(x1+(x8+x11)))",1,1,1
"S2",22,0.869992682213083,3.18953786733674,4.9976679265765,-2388.6917886659,0.753478814067519,15,3332.013,"x1","x2","p0(x9)",1,1,1
"S3",22,0.876202533638525,3.21444880363827,4.85734030999804,-2369.38156345034,0.767128403780213,15,7946.984,"x1","(x11*x10)*x5","x6",1,1,1
"S4",22,0.0835900810787185,5.63828237849936,18.3471258020209,-2224.00689638357,-2.3224276655816,15,7916.568,"exp_dbl(x13)","x5","x6",1,1,1
"S5",22,0.858146455258235,3.42577615078617,5.1760710938838,-2620.77955203951,0.735564399922181,15,8022.36799999999,"x1","x5","x6",1,1,1
"S6",22,0.841807176827029,3.64007561026266,5.4856916304467,-3430.79768977472,0.702982363196756,15,7066.565,"x1","x2","p3(x8)",1,1,1
