"Experiment","Run","F1","F2","F3","F4","Count_FP","Correlation","Correlation_FP","MAE","LMP","R2","Count_P","Time","First","Second","Third","FirstM","SecondM","ThirdM"
"P1",28,FALSE,FALSE,FALSE,FALSE,5,0.569831877408506,0.569831877408506,0.0639773522812277,-105.600172438492,0.99898526640725,5,443.803,"x4","x4*x8","x4*x4",0.999999999707689,0.998963520900936,0.995377733119761
"P2",28,TRUE,FALSE,FALSE,FALSE,1,0.50221070672575,0.00442141345149907,0.03139735470265,-94.5244319535552,0.999959086811861,2,333.172000000002,"troot(x6*(x4*x4))","x10","NA",1,0.30428932352029,"NA"
"P3",28,FALSE,FALSE,FALSE,FALSE,4,0.727559019865769,0.727559019865769,0.0552218358170728,-108.348838356504,0.998900093608888,4,449.531999999999,"x4","x7*x4","troot(((x4*x9)*x6)*x4)",0.999999566748893,0.99988960561528,0.998200863607518
"P4",28,FALSE,FALSE,FALSE,FALSE,4,0.722952775676917,0.722952775676917,0.0946682287395303,-99.5125191073178,0.996057876398733,4,386.595999999998,"x4","x4*troot(x4)","x4*x10",1,0.999999099403462,0.991358930442304
"P5",28,FALSE,FALSE,FALSE,FALSE,5,0.984896339766109,0.984896339766109,0.0895958555495087,-104.055719440514,0.996563204158491,5,437.195999999996,"x4","x4*troot(x4)","x10*(x4*x7)",0.999999999999999,0.997243390775605,0.689894056414547
