"Experiment","Run","F1","F2","F3","F4","Count_FP","Correlation","Correlation_FP","MAE","RMSE","LMP","R2","Count_P","Time","First","Second","Third","FirstM","SecondM","ThirdM"
"S1",29,FALSE,TRUE,FALSE,FALSE,1,0.999999695829097,0.99999974420151,0.0273368656622953,0.135944771015895,-22.889285690445,0.999375565843486,2,2413.836,"troot((x4*x4)*x9)","troot(x4*x4)*x9","NA",0.75418256075656,0.245817439243444,"NA"
"S2",29,FALSE,FALSE,FALSE,FALSE,2,0.604544956779782,0.604544956779782,0.0493091061388663,0.257044330498768,-26.117789892361,0.997767570799877,2,2571.614,"troot(x4*x4)","x4*x2","NA",0.99999999999992,0.625664433223999,"NA"
"S3",29,FALSE,FALSE,FALSE,FALSE,1,0.99999974420151,0.99999974420151,0.0643612902131449,0.318304663177465,-24.0166299391974,0.996576678890904,1,2446.797,"troot(x4*x4)*x9","NA","NA",0.941073984812264,"NA","NA"
"S4",29,FALSE,FALSE,FALSE,FALSE,1,0.99999974420151,0.99999974420151,0.0765012980915372,0.379571882144065,-24.0166299391974,0.995132009717831,1,2555.925,"troot(x4*x4)*x9","NA","NA",1,"NA","NA"
"S5",29,FALSE,FALSE,FALSE,FALSE,1,0.99999974420151,0.99999974420151,0.0764425740290277,0.379498320266216,-24.0166299391974,0.995133896389754,1,2571.66,"x9*troot(x4*x4)","NA","NA",0.99999992241781,"NA","NA"
"S6",29,FALSE,FALSE,FALSE,FALSE,2,0.994001745179826,0.994001745179826,0.0556275144331285,0.0921090492987654,-26.996322246006,0.999713340568397,2,2555.345,"x4","x9*(pm05(x4)*x4)","NA",0.999920145974412,0.929293872908425,"NA"
