"Experiment","Run","F1","F2","F3","F4","Count_FP","Correlation","Correlation_FP","MAE","RMSE","LMP","R2","Count_P","Time","First","Second","Third","FirstM","SecondM","ThirdM"
"S1",3,FALSE,FALSE,FALSE,FALSE,6,0.512087375773944,0.512087375773944,0.00152757015340925,0.00247384978187018,694.93600650552,0.999999793220117,6,776.272,"troot(x4*x4)*x9","troot(x4*x4)","x7*troot(x4*x4)",1,0.999999999999964,0.999882869170982
"S2",3,FALSE,FALSE,FALSE,FALSE,4,0.748420463189767,0.748420463189767,0.00175397078190457,0.00257626821554236,634.164612772653,0.999999775744147,4,806.418,"troot((x4*x4))*x9","troot(1+((x4*x4)+sin_deg(x4)))","(x7*troot(1+((x4*x4)+x3)))*x9",1,1,1
"S3",3,FALSE,FALSE,FALSE,FALSE,11,0.884491459120993,0.884491459120993,4.76202470398813,34.8613910374358,608.85369037981,-40.0630364414953,11,900.62,"(x4*x3)*x4","x9*x4","troot(x4*x7)",1,1,1
"S4",3,FALSE,FALSE,FALSE,FALSE,4,0.748419530681168,0.748419530681168,0.00167796514990954,0.00248808158413172,699.010338532581,0.999999790834107,4,792.325,"troot(x4*x4)","x9*troot(x4*x4)","p3(x5)",1,1,0.999999999999828
"S5",3,FALSE,FALSE,FALSE,FALSE,7,0.549432659379819,0.549432659379819,0.0015107988207754,0.00254495502775165,619.150289719619,0.999999781162442,7,820.09,"troot(1+(x6+(x4*x4)))","troot(1+(x6+(x4*x4)))*x9","sigmoid(x4)",1,1,0.999999999188327
"S6",3,FALSE,FALSE,FALSE,FALSE,7,0.413111148219673,0.413111148219673,0.00170074758596119,0.00305447500376219,663.470706930872,0.999999684764741,7,810.8,"(x9*troot(x4))*troot(x4)","x9*((x9*troot(x4))*troot(x4))","(x7*x7)*(x9*((x9*troot(x4))*troot(x4)))",1,1,1
