"Experiment","Run","F1","F2","F3","F4","Count_FP","Correlation","Correlation_FP","MAE","RMSE","LMP","R2","Count_P","Time","First","Second","Third","FirstM","SecondM","ThirdM"
"S1",11,FALSE,FALSE,FALSE,FALSE,2,0.604544956779782,0.604544956779782,0.0389764941350566,0.0602004158826959,-96.7669448270559,0.999877549484191,2,943.832999999984,"troot(x4*x4)","x4*x2","NA",1,0.999991868838478,"NA"
"S2",11,FALSE,FALSE,FALSE,FALSE,2,0.604544956779782,0.604544956779782,0.0369491764300338,0.0483011570387723,-96.7669448270558,0.999921172690368,2,1049.217,"troot(x4*x4)","x4*x2","NA",0.999999997702289,0.945211881191207,"NA"
"S3",11,FALSE,FALSE,FALSE,FALSE,2,0.604544956779782,0.604544956779782,0.0389875516396279,0.0612890079262114,-96.7669448270558,0.999873080948162,2,895.089999999967,"x4*x2","troot(x4*x4)","NA",1,0.999999999999352,"NA"
"S4",11,FALSE,FALSE,FALSE,TRUE,1,0.996429109555188,0.992859297690051,0.043852090104139,0.0769831066284149,-94.3406692127019,0.999799759232262,2,965.454000000027,"troot(x4*(x4*x7))","x4","NA",0.999999288685659,0.147802517888688,"NA"
"S5",11,FALSE,FALSE,FALSE,FALSE,5,0.195075918847076,0.195075918847076,0.0390060683197849,0.0624903531961376,-96.7669448270558,0.999868056623262,5,987.012999999977,"troot(x4*x4)","x4*x2","x2",1,0.999999999999915,0.23530540313053
"S6",11,FALSE,FALSE,FALSE,FALSE,2,0.604544956779782,0.604544956779782,0.0389884392260072,0.0612954098272836,-96.7669448270559,0.999873054432293,2,1032.03500000003,"troot(x4*x4)","x4*x2","NA",1,1,"NA"
