"Experiment","Run","Correlation","MAE","RMSE","LMP","R2","Count_P","Time","First","Second","Third","FirstM","SecondM","ThirdM"
"S1",6,0.833219251639731,3.6638041131315,5.76683187971884,-2584.30029588253,0.671758084737064,15,7879.171,"x1","x7*x8","x6",1,1,1
"S2",6,0.86242176432883,3.44140851486359,5.14368399970387,-2990.84761716264,0.738863236730807,15,5199.848,"x1","x6*x1","x5",1,1,1
"S3",6,0.869945876809852,3.35588163103194,5.03238312993971,-2775.37674635073,0.7500421085967,14,6987.644,"x10*x12","x4","x5",1,1,1
"S4",6,0.874129582935016,3.24848833553251,4.89184482315201,-2301.49643016133,0.763808208113744,15,3474.505,"x1","x12*(x6*x5)","p0(x10)",1,1,1
"S5",6,0.884609548942241,3.10223294402681,4.74489288852618,-2176.2074904368,0.77778555692918,15,3380.962,"x1","x4*x1","troot(x6)",1,1,1
"S6",6,0.860446114218122,3.23006099153517,5.17670434274486,-2220.15642112413,0.735499693011165,15,3775.653,"x1","p0(x6)","p0(x11)",1,1,1
