"Experiment","Run","F1","F2","F3","F4","Count_FP","Correlation","Correlation_FP","MAE","LMP","R2","Count_P","Time","First","Second","Third","FirstM","SecondM","ThirdM"
"P2",27,TRUE,FALSE,FALSE,FALSE,4,0.600958891463448,0.501198618025275,0.00151525943089264,678.705114059835,0.999999820004544,5,416.448,"troot(((x6*x4)*x4)+x7)","x4","x6*x4",1,1,1
"P3",27,FALSE,TRUE,FALSE,FALSE,4,0.363798453846402,0.204748155443832,0.00182259374690831,681.391440072456,0.999999625448037,5,414.454000000005,"troot(x9*(x4*x4))","troot(x9*(x4*x4))*x6","x2*x1",1,1,0.99999999872556
