"Experiment","Run","F1","F2","F3","F4","Count_FP","Correlation","Correlation_FP","MAE","RMSE","LMP","R2","Count_P","Time","First","Second","Third","FirstM","SecondM","ThirdM"
"S1",8,TRUE,FALSE,FALSE,FALSE,3,0.782114214660598,0.709485619547464,0.000895139134304084,0.00184926135873829,687.684548542455,0.999999884453119,4,703.342,"troot((x6*x4)*x4)","x4","x6*x4",1,0.999999999999999,0.999999999999998
"S2",8,FALSE,FALSE,FALSE,FALSE,4,0.742223839579643,0.742223839579643,0.00149904667112253,0.00244610700641842,674.956917355922,0.999999797831942,4,824.864,"troot(x4*x4)","x7*troot(x4*x4)","x9*troot(x4*x4)",1,1,1
"S3",8,TRUE,FALSE,FALSE,FALSE,3,0.744862286374548,0.659816381832731,0.000840202520094484,0.0018117068071643,682.464833670682,0.999999889098488,4,771.534,"troot(x4)*troot(x4*x6)","x4","x4*x9",1,0.999999999751687,0.999999996618293
"S4",8,FALSE,FALSE,FALSE,FALSE,5,0.592562867493806,0.592562867493806,0.00197353274828219,0.002656247440484,643.508295843065,0.999999761604148,5,891.611,"x9*(x9*troot(x4*(x7*x4)))","(troot(troot(x4))*troot(troot(x4)))*troot(troot(x4)*x4)","x5*x5",1,1,0.999999780730047
"S5",8,FALSE,FALSE,FALSE,FALSE,11,0.59335383790473,0.59335383790473,0.00481496366691189,0.0176478940527356,600.10956862377,0.999989476810005,11,790.103,"troot(x4)","p3(p0(x4)*p0(x4))*x9","x4",1,1,1
"S6",8,FALSE,FALSE,TRUE,FALSE,6,0.257262227557957,0.133472633534677,0.00724804291366709,0.0368813846506701,603.030747926738,0.999954040417912,7,860.463,"troot((x4*x9)*(x4*x9))","x9*(x3*(x4*x9))","(x9*(x3*(x4*x9)))*x7",1,0.999999873450758,0.999995994661931
