"Experiment","Run","F1","F2","F3","F4","Count_FP","Correlation","Correlation_FP","MAE","RMSE","LMP","R2","Count_P","Time","First","Second","Third","FirstM","SecondM","ThirdM"
"S1",36,FALSE,FALSE,FALSE,FALSE,5,0.627222197678137,0.627222197678137,0.00146473400622843,0.0025808250485048,674.797502341824,0.99999977495013,5,2119.849,"(x6*(x6*(x9*troot(x4*x4))))*x7","x9*(x9*troot(x4*x4))","x9*troot(x4*x4)",1,1,1
"S2",36,TRUE,FALSE,FALSE,FALSE,2,0.380614607565076,0.070921911347614,0.000870855499356828,0.00188541366537817,683.919814751588,0.99999987989117,3,2429.49,"troot((x6*x4)*x4)","x2*x4","x1",1,0.988267687100552,0.145278402222938
"S3",36,FALSE,FALSE,FALSE,FALSE,4,0.537075438630361,0.537075438630361,0.000917720761421658,0.0015898449280967,673.695386157929,0.999999914597385,4,2270.944,"x6*(troot(x4)*troot(x4))","troot(x4)*troot(x4)","x9",1,1,0.581645515069488
"S4",36,TRUE,FALSE,FALSE,FALSE,1,NA,NA,3.47331199417804e+292,Inf,680.739646572712,-Inf,2,1738.441,"troot((x4*x4)*x6)","x4*sigmoid(x10*x8)","NA",1,0.999997093819505,"NA"
"S5",36,FALSE,FALSE,FALSE,FALSE,15,0.462633770789024,0.462633770789024,1.60014951683598,11.6863657906571,493.136921073282,-3.61445683293398,15,1809.676,"p3(p0(x4))","sin_deg(p3(p0(x4)))","(x5*x4)*(x2*x4)",1,1,1
"S6",36,FALSE,FALSE,TRUE,FALSE,3,0.744880619058749,0.659840894845786,0.00180621777712902,0.00319481215924341,653.456745309003,0.999999655132481,4,1997.528,"(troot(x4*x9)*troot(x4*x9))*x9","troot(x4*x9)*troot(x4*x9)","x7*(x7*(troot(x4*x9)*troot(x4*x9)))",1,1,1
