"Experiment","Run","F1","F2","F3","F4","Count_FP","Correlation","Correlation_FP","MAE","RMSE","LMP","R2","Count_P","Time","First","Second","Third","FirstM","SecondM","ThirdM"
"S1",32,FALSE,FALSE,FALSE,FALSE,6,0.482995156113163,0.482995156113163,0.00155870269786126,0.0024193107400546,700.057650136979,0.999999802237045,6,1905.072,"troot(x4*x4)","troot(x4*x4)*x7","p3(x5)",1,1,0.999999999991021
"S3",32,FALSE,FALSE,FALSE,FALSE,10,0.568827214475602,0.568827214475602,0.0291315295215854,0.19014555504579,611.226367206615,0.998778386028816,10,2307.195,"x4*x2","x4","x4*x7",1,1,1
