"Experiment","Run","F1","F2","F3","F4","Count_FP","Correlation","Correlation_FP","MAE","RMSE","LMP","R2","Count_P","Time","First","Second","Third","FirstM","SecondM","ThirdM"
"S1",26,FALSE,FALSE,FALSE,FALSE,14,0.419059177161309,0.419059177161309,3.98909445835046,29.0469871745991,567.708171696443,-27.5078077790229,14,731.14,"troot(x4)","troot(1+(((x3*x4)*x4)*troot(x4)))","sin_deg(x4)",1,1,1
"S2",26,TRUE,FALSE,FALSE,FALSE,2,0.714245609496639,0.571368414244959,0.000827106285792481,0.00161536168025787,669.387675116193,0.99999991183399,3,746.878,"troot(x6)*troot((x4*x4))","troot((x4*x4))","x5",1,1,0.349713619273401
"S3",26,FALSE,TRUE,FALSE,FALSE,7,0.233586569089567,0.124098993885459,0.00323311358021529,0.0112677396997755,587.679588722729,0.999995710217757,8,789.969,"troot(1+((x4*(x4*x9))+(troot(x4*x9)+(x1+x9))))","troot(1+((x4*x4)+(troot(x4)+(x1+1))))","p3(x5)",1,1,0.999999999996734
"S4",26,FALSE,FALSE,FALSE,FALSE,5,0.414563800477888,0.414563800477888,0.000959471460856115,0.00160213515493298,673.695386157929,0.999999913271879,5,772.312,"troot(x4)*troot(x4)","(troot(x4)*troot(x4))*x6","x9",1,1,0.670672292090912
"S5",26,FALSE,FALSE,FALSE,FALSE,9,0.667115757404124,0.667115757404124,0.00211231860882856,0.00704477038452568,620.929284613908,0.999998323145732,9,801.419,"troot(x4)*troot((x4*troot(x4))*x6)","p0(x4)*(troot(x4)*troot((x4*troot(x4))*x6))","x4*x9",1,1,1
"S6",26,FALSE,FALSE,FALSE,FALSE,9,0.461027730993251,0.461027730993251,0.00535158584922892,0.0159062542524914,408.78476147462,0.999991451351189,9,788.023999999999,"troot(1+((x4*x4)+(x6+(((x4*p0(x8))*x6)+troot(x4*p0(x8))))))","troot(p0(x8))","troot(1+((x4*x4)+(x6+(((x4*p0(x8))*x6)+troot(x4*p0(x8))))))*x6",1,1,1
