"Experiment","Run","F1","F2","F3","F4","Count_FP","Correlation","Correlation_FP","MAE","LMP","R2","Count_P","Time","First","Second","Third","FirstM","SecondM","ThirdM"
"P5",11,FALSE,FALSE,FALSE,FALSE,13,0.428898489203605,0.428898489203605,0.192210446466524,598.636222806324,0.936804722423638,13,NA,"troot(x4*x4)","x7","troot(x4)",0.999999999969822,0.999999290082849,0.999999290082635
"P1",11,FALSE,FALSE,FALSE,FALSE,3,0.668139006398938,0.668139006398938,0.000977442975513733,654.983370506614,0.999999910099197,3,NA,"x6*troot((x4*x4)+(x8+x4))","troot((x4*x4))","x10",1,1,0.128528134165311
"P2",11,FALSE,TRUE,FALSE,FALSE,6,0.406676993451385,0.307789884450501,0.00146293194392914,696.571190237194,0.999999795084604,7,NA,"troot(x4*(x9*x4))","x4*x1","troot(x4*x4)",1,0.999999999999688,0.999999842820699
"P3",11,FALSE,FALSE,FALSE,TRUE,8,0.627358756442952,0.58077873582078,0.00422512551166134,628.616184823713,0.99999402966513,9,NA,"x10*x4","x4","x6*(x4*x3)",0.999999997463679,0.999999507364154,0.999995419790642
"P4",11,FALSE,FALSE,FALSE,FALSE,4,0.537075438630361,0.537075438630361,0.000917707755157705,683.955183587772,0.999999914597754,4,NA,"troot(x4*x4)","x6*troot(x4*x4)","x9",1,0.999995304666634,0.581021011190621
"P6",11,FALSE,FALSE,FALSE,FALSE,6,0.536795268355614,0.536795268355614,0.00166792085898536,681.302845280186,0.999999786599637,6,NA,"x9*troot(x4*x4)","troot(x4)*troot(x4)","(troot(x4)*troot(x4))*x7",1,1,1
