"Experiment","Run","F1","F2","F3","F4","Count_FP","Correlation","Correlation_FP","MAE","LMP","R2","Count_P","Time","First","Second","Third","FirstM","SecondM","ThirdM"
"P5",11,FALSE,FALSE,FALSE,FALSE,2,0.999999528185775,0.999999528185775,0.00215134113146913,584.478105953447,0.999999549945634,2,527.839999999967,"troot(x4)*troot(x4)","x9*(troot(x4)*troot(x4))","NA",1,0.999999999999997,"NA"
"P1",11,FALSE,FALSE,FALSE,FALSE,12,0.296849087150014,0.296849087150014,0.347457414887158,437.105596735266,0.80021408195723,12,608.199999999953,"(troot(1+(x6+x3))*x4)*x3","(x3*(x4*x8))*troot(troot(troot(x4)*x4))","x3",1,1,1
"P2",11,FALSE,TRUE,FALSE,FALSE,6,0.406676993451385,0.307789884450501,0.00146293194392918,696.571190237194,0.999999795084604,7,609.489999999991,"troot(x4*(x9*x4))","x4*x1","troot(x4*x4)",1,0.999999999999999,0.99999984282101
"P3",11,FALSE,FALSE,FALSE,FALSE,8,0.478445926126741,0.478445926126741,0.00558485382278806,616.322423554495,0.999988812892531,8,572.719999999972,"troot(x4)*troot(x4)","x4*x10","x4*x8",1,1,1
"P4",11,FALSE,FALSE,FALSE,FALSE,4,0.393916346521729,0.393916346521729,0.000951765295937378,673.488289482678,0.999999911406323,4,637.079999999958,"troot(x4)*troot(x4)","(troot(x4)*troot(x4))*x6","x3",1,1,0.200031208607917
"P6",11,FALSE,FALSE,FALSE,FALSE,6,0.474786856266542,0.474786856266542,0.00210128900121602,643.719912888903,0.999999710078717,6,637.119999999995,"sigmoid(x1)*troot(x4*x4)","x1*x4","x9*troot(x4*x4)",1,1,1
