"Experiment","Run","Correlation","MAE","RMSE","LMP","R2","Count_P","Time","First","Second","Third","FirstM","SecondM","ThirdM"
"S1",8,0.835206709367822,3.32574585811935,6.77333612935024,-1348.35541246993,0.547180925090539,25,4930,"sigmoid(x13)*x1","sigmoid(x13)*(p3(x6)*x6)","troot(x3)",1,1,1
"S2",8,0.811940862539964,3.43415809644595,7.74960785871721,-1245.24342737664,0.407239970369946,30,5421.666,"x6*x6","x6*x10","(troot(x13)*x5)*x7",1,1,1
"S3",8,0.819036646412867,3.18168224786263,6.72167233458483,-1268.96635686619,0.554062358640688,25,5206.191,"exp_dbl(sigmoid(p0(exp_dbl(exp_dbl(x13*x8)*x12)*(x13*x8))*x9))","(p3(x9*x6)*x6)*x6","(x11*x7)*x6",1,1,1
"S4",8,0.90186425364123,2.61284448514112,4.39468157012507,-1295.96521422071,0.809377447030912,24,4904.19,"x6","sigmoid(exp_dbl(x6))","troot((x5*(((x10*(x10*exp_dbl(1+x13)))*x1)*x5))*x5)",1,1,1
"S5",8,0.873658585339152,2.82624331409116,5.12396000626603,-1316.31783048545,0.740862109303053,28,5284.552,"x11","x6*x6","troot(x6)",1,1,1
"S6",8,0.867413631810129,2.93765042506111,5.37215264528326,-1308.45073391569,0.71515005143224,23,4473.738,"p0(x10)","(x6*(x6*x12))*x11","x4*p3(x6)",1,1,1
