"Experiment","Run","F1","F2","F3","F4","Count_FP","Correlation","Correlation_FP","MAE","LMP","R2","Count_P","Time","First","Second","Third","FirstM","SecondM","ThirdM"
"P1",4,FALSE,FALSE,FALSE,FALSE,5,0.577080888052594,0.577080888052594,0.086282659265166,-99.5125191073178,0.996709994780626,5,NA,"x4","x4*x10","x4*troot(x4)",0.932713862658168,0.909125308018345,0.905901618773179
"P2",4,FALSE,FALSE,FALSE,TRUE,1,0.996429109555188,0.992859297690051,0.0430773526457968,-94.3406692127019,0.999821757470673,2,NA,"troot((x7*x4)*x4)","x4","NA",0.988779043925718,0.171011761973435,"NA"
"P3",4,TRUE,FALSE,FALSE,FALSE,2,0.736363304519855,0.604544956779782,0.030542255686423,-94.5244319535552,0.999968220072144,3,NA,"troot(x4*(x6*x4))","troot(x4*x4)","x4*x2",0.820209070888778,0.174198173504474,0.17419680878242
"P4",4,FALSE,FALSE,FALSE,TRUE,1,0.996429109555188,0.992859297690051,0.0433107791016027,-94.3406692127019,0.999811304735552,2,NA,"troot((x4*x7)*x4)","x4","NA",0.99435414909157,0.155643600769461,"NA"
"P5",4,FALSE,FALSE,FALSE,FALSE,2,0.604544956779782,0.604544956779782,0.0372354886548054,-96.7669448270558,0.999911603936344,2,NA,"troot(x4*x4)","x4*x2","NA",0.999999933734592,0.953294585049973,"NA"
"P6",4,FALSE,FALSE,FALSE,TRUE,0,0.999998921420326,NA,0.0438707135302958,-94.3406692127019,0.999823334041038,1,NA,"troot(x4*(x4*x7))","NA","NA",0.986626971762965,"NA","NA"
