"Experiment","Run","F1","F2","F3","F4","Count_FP","Correlation","Correlation_FP","MAE","LMP","R2","Count_P","Time","First","Second","Third","FirstM","SecondM","ThirdM"
"P1",4,FALSE,FALSE,FALSE,TRUE,1,0.996429136043817,0.992859297690051,0.0440635487304221,-104.514236619964,0.999799417002102,2,538.229999999981,"troot(1+(x4*(x4*x7)))","x4","NA",1,0.159663157397765,"NA"
"P2",4,FALSE,FALSE,FALSE,FALSE,3,0.985488592981159,0.985488592981159,0.093064278741158,-99.5125191073178,0.996056518239701,3,560.599999999977,"x10*x4","x4","troot(x4)*x4",0.99999999994954,0.999966821830055,0.999966821820835
"P3",4,FALSE,FALSE,FALSE,FALSE,5,0.577080888052594,0.577080888052594,0.0947634772549844,-99.5125191073178,0.996069944954419,5,512.199999999953,"x4","troot(x4)*x4","x10*x4",1,1,0.999987379906332
"P4",4,FALSE,FALSE,FALSE,FALSE,4,0.726605636509509,0.726605636509509,0.0398825225365925,-106.809773752284,0.999886311178064,4,558.530000000028,"troot(x4*x4)","troot(x4*x4)*x9","troot(x4*x4)*x6",0.999999855834208,0.514644199804894,0.485355800193507
"P5",4,FALSE,FALSE,FALSE,FALSE,3,0.284002128515961,0.284002128515961,0.0369701371412,-96.7669448270558,0.999914185126892,3,529.5,"troot(x4*x4)","x2*x4","x3",1,0.949095627161654,0.15156833358453
"P6",4,FALSE,FALSE,FALSE,FALSE,4,0.720245756702868,0.720245756702868,0.0930261176528382,-99.5125191073178,0.996061296485872,4,541.010000000009,"x4","troot(x4)*x4","x10*x4",1,0.999223079389104,0.989598142095781
