"Experiment","Run","F1","F2","F3","F4","Count_FP","Correlation","Correlation_FP","MAE","LMP","R2","Count_P","Time","First","Second","Third","FirstM","SecondM","ThirdM"
"P1",4,FALSE,FALSE,FALSE,FALSE,6,0.815868391519045,0.815868391519045,0.166042809110864,-105.15064319247,0.982395737936539,6,561.469999999972,"x4*x4","x4","x4*x10",1,0.999999506484671,0.999981829907422
"P2",4,FALSE,FALSE,FALSE,FALSE,5,0.419563666472128,0.419563666472128,0.192552022823139,-109.931563105035,0.971105568242767,5,595.979999999981,"x4","(x4*x8)*x10","x4*x4",1,0.99999999999997,0.999999999999966
"P3",4,TRUE,FALSE,FALSE,FALSE,0,1,NA,0.0321029113898006,-94.5244319535552,0.999963173291802,1,548.419999999925,"troot(x4*(x6*x4))","NA","NA",1,"NA","NA"
"P4",4,FALSE,FALSE,FALSE,FALSE,5,0.55964764235026,0.55964764235026,0.0981829275705264,-99.5125191073178,0.995977442431007,5,574.380000000005,"x4","x10*x4","x4*troot(x4)",1,0.99999999999353,0.999999992363846
"P5",4,FALSE,FALSE,FALSE,FALSE,2,0.686399262445923,0.686399262445923,0.0714617483072115,-99.877214903911,0.997847886836499,2,566.25,"x4*x3","troot(x4*x4)","NA",0.999999999236071,0.999999064296361,"NA"
"P6",4,FALSE,FALSE,FALSE,FALSE,3,0.788552607527299,0.788552607527299,0.0693932433772151,-99.877214903911,0.998007112949577,3,583.75,"troot(x4*x4)","x4*x3","x4",0.999999999910846,0.999994336164253,0.155549394687837
