"Experiment","Run","F1","F2","F3","F4","Count_FP","Correlation","Correlation_FP","MAE","LMP","R2","Count_P","Time","First","Second","Third","FirstM","SecondM","ThirdM"
"P1",4,FALSE,TRUE,FALSE,FALSE,4,0.402599208661672,0.253249098962919,0.0366943421409929,-101.881380727833,0.999930308390906,5,632.839999999967,"troot((x4*x9)*x4)","x3*x4","x4",1,0.807621516712134,0.266748816813802
"P2",4,FALSE,FALSE,FALSE,TRUE,1,0.996429109555188,0.992859297690051,0.043939453723158,-94.3406692127019,0.999801753782956,2,659.409999999916,"troot((x7*x4)*x4)","x4","NA",1,0.16160434732451,"NA"
"P3",4,FALSE,FALSE,FALSE,FALSE,5,0.211056751963777,0.211056751963777,0.0396402147073653,-96.7669448270558,0.999869577384221,5,586.690000000061,"troot(x4*x4)","x4*x2","x2",1,0.999999999997716,0.187943082702715
"P4",4,TRUE,FALSE,FALSE,TRUE,1,0.635475338447506,-0.0935728909563669,0.039482524254969,-114.837337899942,0.99990946554907,3,642.5,"troot(1+((x4*(x7*x4))+x2))","troot(1+((x4*(x6*x4))+x2))","x2",0.521343444433268,0.478656555566732,0.295613364943508
"P5",4,FALSE,FALSE,FALSE,FALSE,3,0.404503775670354,0.404503775670354,0.0389503017581554,-96.7669448270558,0.99987231298184,3,605.599999999977,"troot(x4*x4)","x4*x2","x10",1,1,0.187347174344927
"P6",4,FALSE,FALSE,FALSE,TRUE,0,0.999998921420326,NA,0.0446224194512382,-94.3406692127019,0.999803206454301,1,611.860000000102,"troot(x4*(x4*x7))","NA","NA",1,"NA","NA"
