"Experiment","Run","F1","F2","F3","F4","Count_FP","Correlation","Correlation_FP","MAE","LMP","R2","Count_P","Time","First","Second","Third","FirstM","SecondM","ThirdM"
"P5",4,FALSE,FALSE,FALSE,FALSE,10,0.338462816107131,0.338462816107131,0.002949419467157,583.448826690527,0.999998781560275,10,NA,"x4","x7*x4","troot(x8*(x8*x4))",1,1,1
"P1",4,FALSE,FALSE,FALSE,FALSE,4,0.473441637292981,0.473441637292981,0.00306653665353166,646.08102481462,0.999996551221453,4,NA,"troot(((troot(1+x7)*x4)+x4)*x4)","(x9*x9)*troot(x4*x4)","x7*x7",0.999999999990341,0.999999943680727,0.999888843789324
"P2",4,FALSE,FALSE,FALSE,FALSE,5,0.658160380878026,0.658160380878026,0.00165574376865697,696.334701605583,0.999999788588508,5,NA,"troot(x4*x4)","x5","sigmoid(x5)",1,0.999630322733804,0.999439994970494
"P3",4,FALSE,FALSE,FALSE,FALSE,7,0.46167368193757,0.46167368193757,0.00167282836614735,696.334701605584,0.999999783170552,7,NA,"x5","sigmoid(x5)","troot(x4*x4)*x9",0.999999614171134,0.999880685841701,0.99803230966533
"P4",4,TRUE,FALSE,FALSE,FALSE,5,0.509757041942922,0.411708450331506,0.000999920165035732,687.927307187444,0.999999884474565,6,NA,"troot(x6*(x4*x4))","x4","x7*x4",0.981514744100198,0.981325824572805,0.978300333309431
"P6",4,FALSE,FALSE,FALSE,FALSE,7,0.486070042357344,0.486070042357344,0.00153187050377515,697.901528863001,0.999999802272366,7,NA,"x9*troot(x4*x4)","x7*troot(x4*x4)","troot(x4*x4)",0.999963456852212,0.999963456852212,0.999963456852212
