"Experiment","Run","F1","F2","F3","F4","Count_FP","Correlation","Correlation_FP","MAE","LMP","R2","Count_P","Time","First","Second","Third","FirstM","SecondM","ThirdM"
"P5",4,FALSE,FALSE,FALSE,FALSE,10,0.514043813802398,0.514043813802398,0.0101027455047578,546.66946227151,0.999886923387671,10,525.910000000003,"x6","sigmoid(troot(troot(x6*x4)))","troot(x6*x4)",1,1,1
"P1",4,FALSE,FALSE,FALSE,FALSE,12,0.58687657663456,0.58687657663456,0.144023660833538,574.935480657359,0.966083752743636,12,627.520000000019,"x4*x2","x4","x4*troot(troot(x4))",1,1,1
"P2",4,FALSE,FALSE,FALSE,FALSE,4,0.746619456918249,0.746619456918249,0.00180262565319185,688.437864339169,0.999999694014751,4,584.5,"troot(x4*x4)","x7*troot(x4*x4)","troot(x4*x4)*x9",1,0.999999902940657,0.999999902910617
"P3",4,FALSE,FALSE,FALSE,FALSE,10,0.467711393898569,0.467711393898569,0.00279034229992776,631.2817740093,0.999998840747309,10,564.309999999998,"x4*x2","x4","(x4*x2)*x3",1,1,1
"P4",4,FALSE,FALSE,FALSE,FALSE,12,0.696756874864232,0.696756874864232,1.09318002084502,566.030205952061,-1.16163083125976,12,604.689999999944,"(x4*x5)*x4","x4","x7",1,1,1
"P6",4,TRUE,FALSE,FALSE,FALSE,3,0.782114214660598,0.709485619547464,0.000895133074071655,687.684548542455,0.999999884441818,4,593.050000000047,"x6*x4","troot((x6*x4)*x4)","x4",1,1,0.999999999999982
