"Experiment","Run","F1","F2","F3","F4","Count_FP","Correlation","Correlation_FP","MAE","LMP","R2","Count_P","Time","First","Second","Third","FirstM","SecondM","ThirdM"
"P5",4,FALSE,FALSE,FALSE,FALSE,10,0.338462816107131,0.338462816107131,0.00294941946715718,583.448826690527,0.999998781560275,10,478.290000000037,"x7*x4","x4","troot(x8*(x8*x4))",1,1,1
"P1",4,FALSE,FALSE,FALSE,FALSE,8,0.0922342112504037,0.0922342112504037,0.00402585527643179,620.717939817171,0.99999200650675,8,562.110000000044,"sigmoid((troot(x4)*troot(x4))*x8)","(troot(x4)*troot(x4))*x8","troot(x4)*troot(x4)",1,1,1
"P2",4,FALSE,FALSE,FALSE,FALSE,5,0.658160380878026,0.658160380878026,0.00165829477333987,696.334701605583,0.99999978896624,5,545.969999999972,"troot(x4*x4)","troot(x4*x4)*x9","troot(x4*x4)*x7",1,1,1
"P3",4,FALSE,FALSE,FALSE,FALSE,7,0.46167368193757,0.46167368193757,0.00167282836614735,696.334701605584,0.999999783170552,7,552.010000000009,"x5","sigmoid(x5)","troot(x4*x4)*x9",0.999999614171134,0.999880685841701,0.99803230966533
"P4",4,FALSE,FALSE,FALSE,FALSE,5,0.358243645301953,0.358243645301953,0.000911638046513758,683.955183587772,0.999999915343055,5,611.030000000028,"troot(x4*x4)","x6*troot(x4*x4)","x9",1,1,0.579777279304879
"P6",4,FALSE,FALSE,FALSE,FALSE,9,0.689242527984199,0.689242527984199,0.0357227644901733,569.758368190724,0.997894333883368,9,658.640000000014,"(x2*x4)*x4","x4","troot(x4*x6)*(x10*(sin_deg(x4)*(x2*x4)))",1,1,1
