"Experiment","Run","Correlation","MAE","RMSE","LMP","R2","Count_P","Time","First","Second","Third","FirstM","SecondM","ThirdM"
"S1",8,0.868838201150315,3.4278788181418,5.02593563059399,-3144.69086777182,0.750682191398419,15,3472.11,"x1","troot(x9)","x6",1,1,1
"S2",8,0.851612402184701,3.27982828462602,5.30980766088906,-2331.97746044971,0.721723177127055,15,7878.932,"x1","x10*x10","x4*x9",1,1,1
"S3",8,0.890559029164443,2.92244280219375,4.57887010246355,-2029.30067880714,0.793063974647177,14,3468.532,"troot(x13)","x5*x13","p0(x6)",1,1,1
"S4",8,0.837986633375884,3.74085751769644,5.54334539711299,-3371.22342316235,0.69670633714489,15,3430.415,"x1","x8*x8","x5",1,1,1
"S5",8,0.85567301413328,3.20059390973601,5.21347687563544,-2080.7281176977,0.731728609724506,15,3418.678,"x1","troot(troot(x13))","troot(x13)",1,1,1
"S6",8,0.844097218115957,3.50646087718351,5.44295815436154,-3207.95668332528,0.707591867099126,15,3399.772,"x1","x2","x5",1,1,1
