"Experiment","Run","F1","F2","F3","F4","Count_FP","Correlation","Correlation_FP","MAE","RMSE","LMP","R2","Count_P","Time","First","Second","Third","FirstM","SecondM","ThirdM"
"S1",29,TRUE,FALSE,FALSE,FALSE,0,1,NA,0.0324463130943589,0.0335217543784845,-104.784229383401,0.999962032227814,1,943.371999999974,"troot(x6)*troot((x4*x4))","NA","NA",1,"NA","NA"
"S2",29,FALSE,FALSE,FALSE,FALSE,3,0.733983070416538,0.733983070416538,0.0389710554905238,0.0613043955107176,-96.7669448270559,0.999873017210051,3,1044.64700000006,"troot(x4*x4)","x4*x2","x4",1,0.991158506588475,0.10038623343436
"S3",29,FALSE,FALSE,FALSE,FALSE,2,0.604544956779782,0.604544956779782,0.0388585069524889,0.0588622776918987,-96.7669448270558,0.999882932656795,2,998.476000000024,"troot(x4*x4)","x4*x2","NA",1,0.979483837162034,"NA"
"S4",29,FALSE,FALSE,FALSE,TRUE,1,0.996429109555188,0.992859297690051,0.0438330351485947,0.0768501418185339,-94.3406692127019,0.999800450344469,2,1047.32299999997,"troot(x4*(x4*x7))","x4","NA",0.998590525995588,0.162617616953675,"NA"
"S5",29,FALSE,FALSE,FALSE,FALSE,3,0.284002128515961,0.284002128515961,0.0385678848626612,0.0611088927742214,-101.896843541979,0.999873825827373,3,959.693000000028,"troot(x4)*troot(x4)","x2*x4","x3",1,0.999999999999997,0.104589988124165
"S6",29,FALSE,FALSE,FALSE,TRUE,0,0.999998921420326,NA,0.0446219634573616,0.0763174960365314,-94.3406692127019,0.99980320690252,1,1102.16900000005,"troot((x4*x7)*x4)","NA","NA",1,"NA","NA"
