"Experiment","Run","F1","F2","F3","F4","Count_FP","Correlation","Correlation_FP","MAE","LMP","R2","Count_P","Time","First","Second","Third","FirstM","SecondM","ThirdM"
"P2",11,TRUE,FALSE,FALSE,FALSE,2,0.736363304519855,0.604544956779782,0.0297459347300631,-94.5244319535552,0.999969558622011,3,NA,"troot((x4*x4)*x6)","troot(x4*x4)","x2*x4",0.824326164404777,0.175072572723671,0.173557880333143
"P3",11,FALSE,FALSE,FALSE,FALSE,5,0.865852860767065,0.865852860767065,0.0784721497934741,-99.5125191073178,0.996776404503948,5,NA,"x4","x4*x10","x4*troot(x4)",0.784992764630141,0.739039509054428,0.736909915855756
"P4",11,FALSE,FALSE,FALSE,TRUE,1,0.996429109555188,0.992859297690051,0.0426499582242292,-94.3406692127019,0.99983103519576,2,NA,"troot(x7*(x4*x4))","x4",NA,0.908112964238572,0.145235880978469,NA
"P5",11,FALSE,FALSE,FALSE,FALSE,4,0.715723221996778,0.715723221996778,0.0941501168832499,-99.5125191073178,0.996032136873686,4,NA,"x4","x4*x10","x4*troot(x4)",1,0.99924662158404,0.993122050588108
"P6",11,FALSE,FALSE,FALSE,FALSE,3,0.985488592981159,0.985488592981159,0.0891568380539322,-99.5125191073178,0.996539299128996,3,NA,"x4","troot(x4)*x4","x10*x4",1,0.931458661012186,0.927188503735511
