"Experiment","Run","F1","F2","F3","F4","Count_FP","Correlation","Correlation_FP","MAE","LMP","R2","Count_P","Time","First","Second","Third","FirstM","SecondM","ThirdM"
"P2",11,FALSE,TRUE,FALSE,FALSE,2,0.444876929708931,0.167315570835055,0.0335649725388176,-101.747721285537,0.999954474908332,3,362.806,"troot(x4*(x4*x9))","x4*x8","x4*x3",1,0.544856159833891,0.442525474422227
"P3",11,FALSE,FALSE,FALSE,FALSE,4,0.740508581088038,0.740508581088038,0.0918163076369613,-99.5125191073178,0.996062287954453,4,469.413,"x4","x4*x10","troot(x4)*x4",1,0.999999990434076,0.984847486905331
"P4",11,FALSE,FALSE,FALSE,FALSE,4,0.722952775676917,0.722952775676917,0.093072974930864,-99.5125191073178,0.996055844324099,4,408.237000000001,"x4","troot(x4)*x4","x10*x4",1,0.99999998889985,0.999119232534353
"P5",11,FALSE,FALSE,FALSE,FALSE,5,0.577080888052594,0.577080888052594,0.095386287815632,-99.5125191073179,0.996073141303911,5,396.995999999999,"x4","x10*x4","troot(x4)*x4",1,0.999961582611357,0.999954792314917
"P6",11,FALSE,FALSE,FALSE,FALSE,6,0.645630140046999,0.645630140046999,0.0649223106461921,-105.57087505312,0.998940530481057,6,408.146999999997,"x4","x6*x4","x4*troot(x4)",0.999999999999999,0.999999999999991,0.999999944474176
