"Data","n","p","Experiment","Run","Correlation","MAE","RMSE","LMP","R2","Count_P","Time","First","Second","Third","FirstM","SecondM","ThirdM"
"225_puma8NH",8192,9,"S1",1,0.819642547857228,0.101497681099365,0.133046229242924,3670.07832703183,0.671633656275097,13,19832.166,"p3(x2)","(x3*x3)*x2","x2*x2",1,1,1
"227_cpu_small",8192,13,"S1",1,0.978242979117027,0.026691283380215,0.040186886844549,11259.2175960663,0.956758205739725,18,21159.856,"x9*x1","p3(x12)","x12*(x10*x7)",1,1,1
"228_elusage",55,3,"S1",1,0.903532217621795,0.0958070646642122,0.11958755611311,27.1081534717454,0.749063601565346,4,551.792000000001,"x1","x1","sin_deg(x1)",0.535228182381877,0.535216613358301,0.521669646185235
"229_pwLinear",200,11,"S1",1,0.95421566299394,0.0443937256962733,0.0573312775588851,155.700538744637,0.893792399144672,16,979.433000000005,"x3","x2*x1","x3*x1",0.999999999999249,0.999999999993497,0.999999998638369
"230_machine_cpu",209,7,"S1",1,0.925800697083674,0.0316461086821209,0.0598671077745905,305.327003645603,0.807098793774772,9,608.639999999999,"x3*x2","x2*x6","x2*(x3*x2)",0.999999999769245,0.999999309718749,0.999999286148683
"294_satellite_image",6435,37,"S1",1,0.638684230876568,0.28461786019956,0.380225489126438,1769.2161155327,-0.0775078239026148,32,18842.548,"p3(x16*x22)","p3(x17)","x33*x17",1,1,1
"4544_GeographicalOriginalofMusic",1059,118,"S1",1,0.698058814520452,0.0814954076017769,0.112345061489517,1087.40256621392,0.42921310703073,24,9007.042,"x42","x100","x102",1,1,0.999999999994289
"485_analcatdata_vehicle",48,5,"S1",1,0.775271312113223,0.126815803800201,0.150814962818526,8.85418722215453,0.53219348871954,4,583.978000000003,"x1","x3","x2",0.999999888060238,0.727410396696197,0.47566354477913
