"Experiment","Run","F1","F2","F3","F4","Count_FP","Correlation","Correlation_FP","MAE","RMSE","LMP","R2","Count_P","Time","First","Second","Third","FirstM","SecondM","ThirdM"
"S1",13,FALSE,FALSE,FALSE,FALSE,4,0.391857353162302,0.391857353162302,0.000966297523308057,0.00162459209925439,683.748086912524,0.999999910823523,4,2212.40099999995,"troot(x4*x4)","troot(x4*x4)*x6","x3",1,1,0.201470533199823
"S2",13,FALSE,FALSE,FALSE,FALSE,14,0.32329713261767,0.32329713261767,0.0916927688227822,0.642787518090758,643.313434575309,0.986039643603839,14,2392.97200000001,"sin_deg(x4)*x4","x4","sin_deg(x4)",1,1,1
"S3",13,FALSE,FALSE,FALSE,FALSE,14,0.599115258144629,0.599115258144629,0.0976675149750954,0.653658025009588,519.773925726721,0.985563469567336,14,2469.09499999997,"troot(x4)*troot(troot(troot(exp_dbl(troot(x4*x10)))))","x7*(x2*x4)","troot(x4)",1,1,1
"S4",13,FALSE,FALSE,FALSE,FALSE,4,0.537075438630361,0.537075438630361,0.000917665470909636,0.00158984504024827,683.955183587773,0.999999914597373,4,2260.30300000001,"troot(x4*x4)","troot(x4*x4)*x6","x9",1,1,0.581469780047006
"S5",13,TRUE,FALSE,FALSE,FALSE,4,0.825691261058478,0.782114076323097,0.000809361491853457,0.0014947264943091,684.777371260963,0.999999924510752,5,2179.74699999997,"troot((x4*x6)*x4)","troot(x4*x4)","x5",1,0.878256850882889,0.358737088984891
"S6",13,TRUE,FALSE,FALSE,FALSE,2,0.995239647353662,0.992859471030492,0.000829662507676722,0.00180501247047903,687.881431327977,0.999999889916546,3,2190.185,"troot(x6*(x4*x4))","x4*x7","x4",1,0.999999999999998,0.999999999999269
