"Experiment","Run","F1","F2","F3","F4","Count_FP","Correlation","Correlation_FP","MAE","LMP","R2","Count_P","Time","First","Second","Third","FirstM","SecondM","ThirdM"
"P1",32,FALSE,FALSE,FALSE,FALSE,3,0.377869053809186,0.377869053809186,0.0342234399375142,-96.7669448270558,0.999925922765091,3,NA,"troot(x4*x4)","x2*x4","x6",0.950093484836794,0.919634216218525,0.213482170833406
"P2",32,FALSE,FALSE,FALSE,FALSE,2,0.604544956779782,0.604544956779782,0.0379075528671484,-96.7669448270558,0.999879913440647,2,NA,"troot(x4*x4)","x2*x4","NA",0.99998822981221,0.990475355843898,"NA"
"P3",32,FALSE,TRUE,FALSE,FALSE,5,0.989889251486289,0.98786717229221,0.0740178432415509,-99.5125191073178,0.997795070918605,6,NA,"x4","x10*x4","troot(x4)*x4",0.86740121969853,0.742995343663626,0.739980584407409
"P4",32,FALSE,FALSE,FALSE,FALSE,3,0.404503775670354,0.404503775670354,0.0390361650353642,-96.7669448270558,0.99987652249287,3,NA,"troot(x4*x4)","x2*x4","x10",0.938358081069311,0.92042068078415,0.174451403578701
"P5",32,TRUE,FALSE,FALSE,FALSE,1,0.462258623933997,-0.075482752132005,0.0315283133278856,-94.5244319535552,0.999963121226224,2,NA,"troot(x4*(x6*x4))","x6","NA",0.999482764048483,0.110248636654903,"NA"
