"Experiment","Run","F1","F2","F3","F4","Count_FP","Correlation","Correlation_FP","MAE","LMP","R2","Count_P","Time","First","Second","Third","FirstM","SecondM","ThirdM"
"P2",15,FALSE,FALSE,FALSE,FALSE,4,0.715723221996778,0.715723221996778,0.0950698820918415,-99.5125191073179,0.995989307289101,4,365.346999999998,"x4","x10*x4","x4*troot(x4)",1,1,0.987236747300591
"P3",15,FALSE,FALSE,FALSE,FALSE,4,0.740221798098744,0.740221798098744,0.0949534332877138,-99.5125191073179,0.995990050019037,4,370.700000000004,"x4","troot(x4)*x4","x4*x10",1,1,0.983248909613965
"P4",15,FALSE,FALSE,FALSE,FALSE,5,0.870275502317059,0.870275502317059,0.0591479533027392,-99.877214903911,0.99909010218946,5,481.307000000001,"troot(x4*x4)","x4*x3","x4",1,0.586399434578373,0.498494977872742
"P6",15,FALSE,FALSE,FALSE,FALSE,4,0.568021232906383,0.568021232906383,0.0710937070348898,-99.877214903911,0.997935278693244,4,387.819000000003,"troot(x4*x4)","x4*x3","x2",1,0.999999999999977,0.147880773325737
