"Experiment","Run","Correlation","MAE","RMSE","LMP","R2","Count_P","Time","First","Second","Third","FirstM","SecondM","ThirdM"
"S1",7,0.91053633633605,2.6672742466775,4.19257165328093,-1285.90866380256,0.826507604288235,31,5922.589,"x7*(p0(x6)*((x12*x13)*sigmoid(x9)))","x13*x10","(p3(x6)*(x7*x9))*x5",1,1,1
"S2",7,0.896355864811864,2.63051472833978,4.48493261528347,-1282.04830159184,0.801467641737542,21,5006.787,"x9*x6","troot(x3)","x9*x3",1,1,1
"S3",7,0.881614405821985,2.85375728716308,4.91513355114872,-1314.8401258406,0.761553966602475,22,5286.229,"(x6*x9)*x13","x7*x11","x8",1,1,1
"S4",7,0.891671175655534,2.79073344076479,4.59578142706767,-1285.25541609223,0.791532581637343,24,5065.808,"p3(x1)","troot(x9*(((exp_dbl(x13)*x9)*x11)*x1))*x3","x12",1,1,1
"S5",7,0.868230239731447,2.95966823992163,5.6467369457519,-1300.72167420133,0.685287081925148,19,4510.839,"x7","x6","x7*(p0(x13)*troot(x12))",1,1,1
"S6",7,0.900834696147882,2.67844285914371,4.4259600627309,-1285.31135527531,0.806654335371347,21,4644.228,"x13*(x7*x12)","x1*x5","troot(x10*troot(x13))",1,1,1
