"Experiment","Run","F1","F2","F3","F4","Count_FP","Correlation","Correlation_FP","MAE","LMP","R2","Count_P","Time","First","Second","Third","FirstM","SecondM","ThirdM"
"P1",19,FALSE,FALSE,FALSE,FALSE,6,0.683483502711205,0.683483502711205,0.031121195202766,-96.7669448270558,0.999958551354364,6,NA,"troot(x4*x4)","x4*x2","x4",0.838480030653142,0.825905959653686,0.225228547562554
"P2",19,FALSE,FALSE,FALSE,FALSE,4,0.527094080073312,0.527094080073312,0.0356199718037374,-96.7669448270558,0.999934559963551,4,NA,"troot(x4*x4)","x4*x2","x4",0.940927438843624,0.907969753914966,0.190170865224707
"P3",19,FALSE,FALSE,FALSE,FALSE,3,0.377869053809186,0.377869053809186,0.0364400245307525,-96.7669448270558,0.999884147081003,3,NA,"troot(x4*x4)","x2*x4","x6",0.999162208728788,0.980341929770356,0.244018275840001
"P4",19,FALSE,FALSE,FALSE,TRUE,0,0.999998921420326,NA,0.0439801628746931,-94.3406692127019,0.999807081257863,1,NA,"troot(x4*(x7*x4))","NA","NA",0.99715940349007,"NA","NA"
"P5",19,TRUE,FALSE,FALSE,FALSE,3,0.98911644473587,0.985488592981159,0.0596043651381679,-99.5125191073178,0.998775680014251,4,NA,"x4","x10*x4","troot(x4)*x4",0.580295426387719,0.534218906973581,0.534217139500913
"P6",19,FALSE,FALSE,FALSE,FALSE,3,0.985488592981159,0.985488592981159,0.0880302921025548,-99.5125191073178,0.996531286079082,3,NA,"x4","x10*x4","x4*troot(x4)",0.944166519041844,0.943491175793935,0.938324043540431
