"Experiment","Run","F1","F2","F3","F4","Count_FP","Correlation","Correlation_FP","MAE","LMP","R2","Count_P","Time","First","Second","Third","FirstM","SecondM","ThirdM"
"P1",19,FALSE,FALSE,FALSE,FALSE,4,0.720245756702868,0.720245756702868,0.0931520283707392,-99.5125191073178,0.996101518372585,4,639.829999999958,"x4","troot(x4)*x4","x4*x10",1,1,0.999999518152314
"P2",19,FALSE,FALSE,FALSE,FALSE,4,0.986914523622905,0.986914523622905,0.0771266754494284,-102.367590429956,0.996956582029361,4,633.219999999972,"x4","x4*x10","x4*x4",0.999999999999998,0.999999999999964,0.999661520946906
"P3",19,FALSE,FALSE,FALSE,FALSE,3,0.995239551497518,0.995239551497518,0.0445537555958261,-100.717970320674,0.999820269822102,3,586.559999999939,"x4","x6*x4","troot(x4*x4)",0.999999999999941,0.999926761828312,0.992144189861685
"P4",19,FALSE,FALSE,FALSE,FALSE,5,0.577080888052594,0.577080888052594,0.094243931205849,-99.5125191073178,0.996074032112902,5,615.149999999907,"x4","x4*x10","x4*troot(x4)",1,0.99999980968371,0.991337434392106
"P5",19,FALSE,FALSE,FALSE,FALSE,3,0.979066889241219,0.979066889241219,0.145803137091101,-111.864385014183,0.994914203472165,3,605.699999999953,"x4","x4*x4","x6*troot(x4)",1,0.999971617813986,0.999514917523962
"P6",19,FALSE,FALSE,FALSE,FALSE,3,0.985488592981159,0.985488592981159,0.0923985383710236,-99.5125191073178,0.996063860278345,3,607.489999999991,"x4","x10*x4","x4*troot(x4)",1,0.999999998870423,0.987615198433636
