"Experiment","Run","F1","F2","F3","F4","Count_FP","Correlation","Correlation_FP","MAE","LMP","R2","Count_P","Time","First","Second","Third","FirstM","SecondM","ThirdM"
"P1",20,FALSE,FALSE,FALSE,FALSE,8,0.428272440403668,0.428272440403668,0.00279083178910588,544.018861749143,0.999996920708815,8,480.362999999999,"troot(x4)*troot(((x4*x9)*p0(x4*x4))*x9)","troot(x4)","x2*x4",1,1,1
"P2",20,FALSE,FALSE,FALSE,FALSE,13,0.531350220277036,0.531350220277036,0.0969436392789687,614.44309224292,0.983476354508081,13,400.174999999999,"x4*x4","x4*x5","troot(x7*((x4*p0(x4))*sin_deg(p0(x4))))",1,1,1
"P4",20,FALSE,FALSE,FALSE,FALSE,8,0.731749678320437,0.731749678320437,0.00377033581741916,634.675499220449,0.99999698701451,8,377.371999999988,"troot(x4)*troot(x4)","x10*x4","x4",1,1,1
"P6",20,FALSE,FALSE,FALSE,FALSE,11,0.658016699770685,0.658016699770685,0.670525007818538,377.136348876974,0.281478164905788,11,467.22600000001,"p3(x4)","troot((x10*x4)*x9)*troot(1+((x4*x9)+(x4+troot((x10*x4)*x9))))","x4*x4",1,1,1
