"Experiment","Run","F1","F2","F3","F4","Count_FP","Correlation","Correlation_FP","MAE","LMP","R2","Count_P","Time","First","Second","Third","FirstM","SecondM","ThirdM"
"P1",20,FALSE,FALSE,FALSE,FALSE,7,0.556017675428838,0.556017675428838,0.00520081543615988,573.248103253447,0.999988572445856,7,533.942999999999,"x10*x4","x8*x4","(x8*x4)*x4",1,0.999999999988973,0.999999999988959
"P2",20,FALSE,FALSE,FALSE,FALSE,10,0.56125984248804,0.56125984248804,0.0040201921659597,600.012470207724,0.999994527774356,10,404.518,"x2*x4","x10*x4","x6",1,1,0.999999999999998
"P4",20,TRUE,FALSE,FALSE,FALSE,2,0.714245609496639,0.571368414244959,0.000827050738111573,674.517573831117,0.99999991183318,3,351.577000000005,"troot(x4)*troot(x4)","troot(x4*x6)*troot(x4)","x5",1,1,0.349470273189975
"P6",20,FALSE,FALSE,FALSE,FALSE,7,0.394778493594631,0.394778493594631,0.00158842213553115,654.7935820866,0.999999788104114,7,400.119000000006,"p0(x9)*troot(x4*x4)","troot(x4*x4)","(p0(x9)*troot(x4*x4))*x7",1,1,1
