"Experiment","Run","F1","F2","F3","F4","Count_FP","Correlation","Correlation_FP","MAE","RMSE","LMP","R2","Count_P","Time","First","Second","Third","FirstM","SecondM","ThirdM"
"S1",21,TRUE,FALSE,FALSE,FALSE,3,0.727559227493772,0.636745636658363,0.000842137889408067,0.00179045046732799,667.135492445726,0.999999891685585,4,734.903,"x4","troot((x6*x4)*troot(x4*(x4*x4)))","x9*(x6*x4)",1,1,1
"S2",21,FALSE,FALSE,FALSE,FALSE,4,0.537075438630361,0.537075438630361,0.000912550557247824,0.00158328549904553,653.175791298236,0.999999915300645,4,733.491,"troot(x4)*troot(x4)","(troot(x4)*troot(x4))*x6","x9",1,0.999999979811742,0.544925476009025
"S3",21,TRUE,FALSE,FALSE,FALSE,8,0.539729784819953,0.482196007922447,0.00142795902609055,0.00264082100972667,717.931665099044,0.999999764365125,9,733.987,"x4","troot((x6*x4)*x4)","(x6*x4)*x7",1,1,0.999999999999752
"S4",21,FALSE,FALSE,FALSE,FALSE,4,0.537075438630361,0.537075438630361,0.000916525084071584,0.00158416234186664,683.955183587773,0.999999915206804,4,795.861,"x6*troot(x4*x4)","troot(x4*x4)","x9",1,1,0.537257327187858
"S5",21,TRUE,FALSE,FALSE,FALSE,3,0.782114214660598,0.709485619547464,0.000889846605572244,0.00184861155156677,682.554649827532,0.999999884534308,4,717.695,"troot(x6*x4)*troot(x4)","x6*x4","x4",1,0.999999443703025,0.999998966404571
"S6",21,TRUE,FALSE,FALSE,FALSE,3,0.994644746673362,0.992859662231149,0.000830225316896557,0.0018045106583725,687.881431327976,0.999999889977746,4,770.116,"troot((x6*x4)*x4)","x4","x7*x4",1,0.999731607546417,0.568778685179354
