"Experiment","Run","F1","F2","F3","F4","Count_FP","Correlation","Correlation_FP","MAE","RMSE","LMP","R2","Count_P","Time","First","Second","Third","FirstM","SecondM","ThirdM"
"S1",30,FALSE,FALSE,FALSE,FALSE,14,0.39531871635786,0.39531871635786,0.0372289162784405,0.233482334400432,625.775225845195,0.998158084555357,14,2608.342,"troot(x4)","x4","p0(p3(x4))*x4",1,1,1
"S2",30,FALSE,FALSE,FALSE,FALSE,4,0.476428525390681,0.476428525390681,0.00222269279840384,0.00905573865001434,684.145379958623,0.999997229173093,4,1857.389,"troot(x4*x4)","troot(x4*(x4*(x6*x9)))","p3(x7)",1,1,0.961064739687816
"S3",30,FALSE,TRUE,FALSE,FALSE,6,0.251534799581536,0.126790658269011,0.00274632896881798,0.00947062772162675,685.178870384559,0.999996969465959,7,2381.609,"troot(x4*(x4*x9))","x6*troot(x4*(x4*x9))","x7*x7",0.999999999995754,0.999999999939597,0.971788302379394
"S4",30,FALSE,FALSE,FALSE,FALSE,6,0.482995156113163,0.482995156113163,0.00155075572273288,0.00241562560970171,684.667953992209,0.999999802839057,6,2357.935,"troot(x4)*troot(x4)","(troot(x4)*troot(x4))*x7","(troot(x4)*troot(x4))*x9",1,1,1
"S5",30,FALSE,FALSE,FALSE,FALSE,6,0.482995156113163,0.482995156113163,0.00156746421749983,0.0024475197503892,700.057650136979,0.999999797598351,6,2344.737,"troot(x4*x4)","x9*troot(x4*x4)","troot(x4*x4)*x7",1,1,1
