"Experiment","Run","F1","F2","F3","F4","Count_FP","Correlation","Correlation_FP","MAE","LMP","R2","Count_P","Time","First","Second","Third","FirstM","SecondM","ThirdM"
"P1",45,FALSE,FALSE,FALSE,FALSE,3,0.64150431355363,0.64150431355363,0.000987406562739262,683.748086912524,0.999999907910861,3,NA,"troot(x4*x4)","troot(x4*x4)*x6","x6",1,1,0.120040455370923
"P3",45,FALSE,FALSE,FALSE,FALSE,20,0.450223138742638,0.450223138742638,0.0238767026673227,589.859816843251,0.99918886158507,20,NA,"x4","x4*x3","x4*(x4*x3)",1,0.502080123149091,0.502080123149091
"P5",45,FALSE,FALSE,FALSE,FALSE,5,0.414563800477888,0.414563800477888,0.000910621467308478,683.955183587772,0.999999915368372,5,NA,"troot(x4*x4)","troot(x4*x4)*x6","x9",1,1,0.598638759074702
