"Experiment","Run","Correlation","MAE","RMSE","LMP","R2","Count_P","Time","First","Second","Third","FirstM","SecondM","ThirdM"
"S1",6,0.922072982786994,2.51387620570076,3.91498597077732,-1335.08413141203,0.848720570853528,27,4918.459,"p3(sigmoid(p0(1+(x8+(x8+(x13*x8)))))*p0(p0(x10)))","troot(x6*(x5*troot(x11)))","x6",1,1,1
"S2",6,0.821250062317897,3.41394456521539,7.02961637659267,-1244.55781420648,0.512266364175335,24,5409.964,"x1","(x5*x1)*sigmoid(x13)","exp_dbl(x6*x1)",1,1,1
"S3",6,0.882017147613881,2.99356293048275,5.05890839713614,-1250.72829208986,0.747400150185384,15,5236.854,"troot(x7)*((p3(x6*x11)*(x6*x5))*x6)","((x13*x9)*x9)*p3(x9*x6)","sigmoid(exp_dbl(x9))",1,1,1
"S4",6,0.908247921314149,2.58869429389188,4.2189695519237,-1279.16852307516,0.824315988650709,24,5384.115,"x12*x13","x9","x13*x1",1,1,1
"S5",6,0.808909256572937,3.50463358711837,8.01228188784905,-1245.21092676749,0.3663755937835,32,5024.439,"sigmoid(x13)*x1","x8","p3(p0(x10))",1,1,1
"S6",6,0.86337120981372,3.18002838112914,5.71385638782008,-1321.24379940152,0.67776100230413,27,4768.066,"exp_dbl(x6)*x12","p0(x10)","exp_dbl(sigmoid(x3)*(exp_dbl(x13)*x1))*p3(troot(troot(x6)))",1,1,1
