"Experiment","Run","Correlation","MAE","RMSE","LMP","R2","Count_P","Time","First","Second","Third","FirstM","SecondM","ThirdM"
"S1",27,-0.28154415995659,180.740194168288,1518.4968637734,-1835.74344852862,-22757.6897432287,15,3388.169,"x1","exp_dbl(x13)","x6*x10",1,1,1
"S2",27,0.877219219285989,3.48084414199015,4.90689304033386,-3207.11066734751,0.762352833997194,15,3446.973,"x1","x2","x4",1,1,1
"S3",27,0.868619072520298,3.16731456242125,5.00416344011256,-2131.00958303182,0.752837586069286,15,3432.517,"x1","x11*x10","x6*x10",1,1,1
"S4",27,0.874714179345512,3.4886692296324,4.9441002235344,-2781.67191647893,0.758735186295699,15,3398.52,"x1","x2","p0(x5)",1,1,1
"S5",27,0.844012718114498,3.30036258367999,5.40156523441052,-2553.12539093609,0.712022400246881,15,3449.842,"x1","x6*x4","exp_dbl(x6)",1,1,1
"S6",27,0.870322037870394,3.32023897020646,4.98244014232928,-2615.54846691448,0.754978814608822,15,3456.489,"x1","x2","x5*x9",1,1,1
