"Experiment","Run","F1","F2","F3","F4","Count_FP","Correlation","Correlation_FP","MAE","LMP","R2","Count_P","Time","First","Second","Third","FirstM","SecondM","ThirdM"
"P1",15,FALSE,FALSE,FALSE,FALSE,5,0.664069959232533,0.664069959232533,0.0543982759740562,-99.877214903911,0.999284817771357,5,NA,"troot(x4*x4)","x3*x4","x4",0.999340789414707,0.564964598491931,0.39181061196206
"P2",15,FALSE,FALSE,FALSE,FALSE,2,0.604544956779782,0.604544956779782,0.0380387745199528,-96.7669448270558,0.999890599379213,2,NA,"troot(x4*x4)","x4*x2","NA",0.999999999656922,0.985302680743957,"NA"
"P3",15,FALSE,FALSE,FALSE,FALSE,6,0.417281180881819,0.417281180881819,0.0628171050404844,-99.877214903911,0.998504538139306,6,NA,"troot(x4*x4)","x4*x3","x6",0.998413731591335,0.871058625855422,0.160560364727915
"P4",15,FALSE,FALSE,FALSE,FALSE,4,0.461216420809483,0.461216420809483,0.0334579619800133,-96.7669448270558,0.999949902451193,4,NA,"troot(x4*x4)","x2*x4","x4",0.936316421930031,0.896182340894399,0.150485980974528
"P5",15,FALSE,FALSE,FALSE,TRUE,1,0.996429109555188,0.992859297690051,0.0432268038298804,-94.3406692127019,0.999811788438862,2,NA,"troot((x4*x7)*x4)","x4","NA",0.915491623411875,0.153413921196647,"NA"
"P6",15,FALSE,FALSE,FALSE,FALSE,3,0.381478412441251,0.381478412441251,0.034511061062569,-96.7669448270558,0.999941575833204,3,NA,"troot(x4*x4)","x2*x4","x7",0.940326500101063,0.921672335200368,0.167638144490821
