"Experiment","Run","F1","F2","F3","F4","Count_FP","Correlation","Correlation_FP","MAE","RMSE","LMP","R2","Count_P","Time","First","Second","Third","FirstM","SecondM","ThirdM"
"S1",24,FALSE,FALSE,FALSE,FALSE,3,0.547638320953985,0.547638320953985,0.000875002602722266,0.00161814807204035,675.186902062727,0.999999911529566,3,2283.815,"troot((x6*x4)*(x6*x4))","troot(x4)*troot(x4)","x3",1,0.999998048672257,0.122548478875538
"S2",24,TRUE,FALSE,FALSE,FALSE,6,0.40104390372356,0.301217887677487,0.00124075151353828,0.00302541908035972,699.928030032203,0.999999690733614,7,2314.54200000002,"troot((x4*x4)*x6)","troot(x4*x4)","x8*x4",1,0.999999999999727,0.999999759919224
"S3",24,FALSE,FALSE,FALSE,FALSE,14,0.436958197264497,0.436958197264497,1.18280353432857,8.62120914766571,510.623297291086,-1.51129653826871,14,2379.55599999998,"x9*(x4*x10)","troot(x4)","x9*(x2*x4)",1,1,1
"S4",24,FALSE,FALSE,FALSE,FALSE,5,0.358243645301953,0.358243645301953,0.000911071387548861,0.00157547473180685,673.695386157929,0.999999916134272,5,2212.86200000002,"(troot(x4)*troot(x4))*x6","troot(x4)*troot(x4)","x9",1,1,0.514284588008683
"S5",24,FALSE,FALSE,FALSE,FALSE,3,0.668521412733855,0.668521412733855,0.000928422551774105,0.00162367221986609,673.551428537306,0.999999910924482,3,2370.734,"troot(x4)*troot(x4)","x6*(troot(x4)*troot(x4))","x9",1,0.999999997407498,0.522495219004576
"S6",24,TRUE,FALSE,FALSE,FALSE,3,0.747535088878121,0.663380118504161,0.000835562181792919,0.00181129147834532,687.881431327977,0.99999988914933,4,2154.13300000003,"x4","troot((x4*x4)*x6)","x7*x4",1,1,0.999999941166205
