"Experiment","Run","F1","F2","F3","F4","Count_FP","Correlation","Correlation_FP","MAE","RMSE","LMP","R2","Count_P","Time","First","Second","Third","FirstM","SecondM","ThirdM"
"S1",3,TRUE,FALSE,FALSE,FALSE,2,0.995239780774171,0.992859671161257,0.00083095838442848,0.00180352473017909,687.684548542455,0.999999890097938,3,951.497999999963,"x4","troot(x4*(x4*x6))","x4*x6",1,1,1
"S2",3,FALSE,FALSE,FALSE,FALSE,5,0.631122619590905,0.631122619590905,0.00165935723442499,0.00234442889389912,687.755089056289,0.999999814289796,5,1123.69699999999,"troot(x4*x4)","x7*troot(x4*x4)","troot(x4*x4)*x9",1,1,1
"S3",3,FALSE,FALSE,FALSE,FALSE,6,0.54294747624101,0.54294747624101,0.00171050964893264,0.00323777546100797,693.472443118555,0.999999645794671,6,925.579000000027,"troot(x4*x4)","troot(x4*x4)*x9","x7*(x7*troot(x4*x4))",1,1,1
"S4",3,FALSE,FALSE,FALSE,FALSE,6,0.543291565763375,0.543291565763375,0.00153465412486455,0.00242135742292388,697.519928711661,0.999999801902297,6,1066.71399999998,"x9*troot(x4*x4)","troot(x4*x4)*x7","troot(x4*x4)",1,1,0.999999901908997
"S5",3,FALSE,FALSE,FALSE,FALSE,15,0.444090348243362,0.444090348243362,1.02766998722656,7.46537246301177,455.622914553993,-0.883061901781911,15,1009.11199999996,"(x5*x4)*x4","sin_deg(x4)","x4",1,1,1
"S6",3,FALSE,FALSE,FALSE,FALSE,4,0.464312945592157,0.464312945592157,0.00105359330938063,0.00212919166980349,643.953055629763,0.999999846823849,4,1069.52099999995,"troot(x6*x4)*troot(x6*x4)","(troot(x6*x4)*troot(x6*x4))*x6","x6",1,0.999992613766313,0.998005375061178
