"Experiment","Run","F1","F2","F3","F4","Count_FP","Correlation","Correlation_FP","MAE","RMSE","LMP","R2","Count_P","Time","First","Second","Third","FirstM","SecondM","ThirdM"
"S1",12,FALSE,FALSE,FALSE,FALSE,5,0.594431252658928,0.594431252658928,0.00183094241760697,0.00320014049839864,679.374896866463,0.999999653981174,5,2034.646,"(troot(x4)*troot(x4))*x9","((troot(x4)*troot(x4))*x7)*x7","troot(x4)*troot(x4)",1,1,1
"S2",12,FALSE,TRUE,FALSE,FALSE,7,0.0914353077211277,-0.0383595979553802,0.00385861425668492,0.0161678612448589,681.08214297703,0.999991167842957,8,2460.747,"(troot(x4)*troot(x4))*troot(x9)","x8*(troot(x4)*troot(x4))","x8",1,1,0.999999999939553
"S3",12,FALSE,FALSE,FALSE,FALSE,6,0.405796642653798,0.405796642653798,0.00145809461892158,0.00304715811376104,692.774193303471,0.999999686273203,6,2438.871,"troot(x4*x4)","x6*troot(x4*x4)","troot(x4*(x4*x8))",1,1,0.999160557324402
"S4",12,FALSE,FALSE,FALSE,FALSE,3,0.386714825555368,0.386714825555368,0.00113365463036602,0.00210601076868029,689.413732545669,0.999999850141007,3,2480.995,"troot(x4*(x6*(x4*troot(x9))))","troot(x4*(x4*x8))","x1*(x4*(x4*x9))",1,1,0.999999999999864
"S5",12,FALSE,TRUE,FALSE,FALSE,6,0.242148173797675,0.115839594854508,0.00162704170556364,0.0025443793206139,684.783588908376,0.999999781261439,7,1998.169,"x7*(p3(x6)*troot((x9*x4)*x4))","troot((x9*x4)*x4)","x7",1,1,0.930378647894775
"S6",12,FALSE,FALSE,FALSE,FALSE,5,0.592525122582957,0.592525122582957,0.00155062972157187,0.00240748355751186,700.057650136979,0.99999980416591,5,1770.75,"troot(x4*x4)","x9*troot(x4*x4)","x7*troot(x4*x4)",1,1,1
