"Experiment","Run","F1","F2","F3","F4","Count_FP","Correlation","Correlation_FP","MAE","RMSE","LMP","R2","Count_P","Time","First","Second","Third","FirstM","SecondM","ThirdM"
"S1",16,FALSE,FALSE,FALSE,FALSE,14,0.693684976055077,0.693684976055077,0.13266211563954,0.957020934711406,626.316377549881,0.969054000662515,14,2532.495,"x4*p0(x4)","x4","x3*((x4*x10)*x10)",1,1,1
"S2",16,TRUE,FALSE,FALSE,FALSE,2,0.995239780774171,0.992859671161257,0.000830983584576471,0.00180417406046167,687.684548542455,0.999999890018787,3,2206.579,"troot((x4*x6)*x4)","x4","x4*x6",1,0.999987456870399,0.999836648483385
"S3",16,FALSE,FALSE,FALSE,FALSE,8,0.442906905026784,0.442906905026784,0.00196453073259354,0.00353561556167978,620.383296147402,0.999999577631317,8,1944.492,"x4*(x2*x4)","x4","x7*x4",1,1,1
"S4",16,FALSE,FALSE,FALSE,FALSE,4,0.748419530681168,0.748419530681168,0.00167499706952145,0.00248782201698373,699.010338532581,0.999999790877747,4,1745.358,"x7*troot(x4*x4)","troot(x4*x4)","troot(x4*x4)*x9",1,1,1
"S5",16,FALSE,FALSE,FALSE,FALSE,5,0.583971723035826,0.583971723035826,0.00146837698515082,0.0025272931036415,688.097973988958,0.999999784189356,5,1712.676,"(troot(x4)*troot(x4))*x7","x1*(x2*x4)","(x9*troot(x4))*troot(x4)",1,1,1
"S6",16,FALSE,FALSE,FALSE,FALSE,5,0.358243645301953,0.358243645301953,0.000901260638153809,0.00158100426441332,673.695386157928,0.999999915544543,5,2118.925,"x6*(troot(x4)*troot(x4))","troot(x4)*troot(x4)","x9",1,1,0.611369612315905
