"Experiment","Run","F1","F2","F3","F4","Count_FP","Correlation","Correlation_FP","MAE","LMP","R2","Count_P","Time","First","Second","Third","FirstM","SecondM","ThirdM"
"P1",36,TRUE,FALSE,FALSE,TRUE,1,0.668140111623942,0.00442141345149907,0.0362651760067775,-94.3406692127019,0.999927471481288,3,NA,"troot(x4*(x4*x7))","troot((x4*x6)*x4)","x10",0.520697216831827,0.433289409970538,0.112329829322384
"P3",36,TRUE,FALSE,FALSE,FALSE,0,1,NA,0.0312726439084943,-94.5244319535552,0.999966412729743,1,NA,"troot(x4*(x6*x4))",NA,NA,0.898371620571924,NA,NA
"P4",36,TRUE,FALSE,FALSE,TRUE,1,0.997619406370126,0.992859297690051,0.03575633616929,-94.3406692127019,0.99992993192533,3,NA,"troot(x4*(x7*x4))","troot((x6*x4)*x4)","x4",0.519926098775274,0.433284948227783,0.121216957121043
"P5",36,FALSE,FALSE,FALSE,TRUE,1,0.996429109555188,0.992859297690051,0.0434263207257688,-94.3406692127019,0.999813293087145,2,NA,"troot((x7*x4)*x4)","x4",NA,0.993986911490735,0.152350848586373,NA
