"Experiment","Run","F1","F2","F3","F4","Count_FP","Correlation","Correlation_FP","MAE","LMP","R2","Count_P","Time","First","Second","Third","FirstM","SecondM","ThirdM"
"P1",36,FALSE,FALSE,FALSE,FALSE,10,0.50957651267254,0.50957651267254,0.0443305195585895,-106.94056071426,0.999620684603088,10,500.201000000001,"x2*x4","x4","p3(x4)",0.975865065948654,0.806343656210188,0.794466928564682
"P3",36,FALSE,FALSE,FALSE,FALSE,6,0.295178094834639,0.295178094834639,0.11059476215369,-103.594302692051,0.993832242617491,6,379.717999999993,"x4","troot(x4)*x4","x10*(x4*x8)",1,1,0.9999768397733
"P4",36,TRUE,FALSE,FALSE,FALSE,1,0.462258623933997,-0.075482752132005,0.0314431395869776,-94.5244319535552,0.99996362218149,2,328.040999999997,"troot((x6*x4)*x4)","x6",NA,0.999999999999998,0.110841964840605,NA
"P5",36,FALSE,FALSE,FALSE,FALSE,4,0.715723221996778,0.715723221996778,0.0955561207452707,-99.5125191073178,0.995985408809084,4,366.650000000009,"x4","x10*x4","x4*troot(x4)",0.999999999948563,0.999999999894967,0.999635756974287
