"Data","n","p","Experiment","Run","Correlation","MAE","RMSE","LMP","R2","Count_P","Time","First","Second","Third","FirstM","SecondM","ThirdM"
"225_puma8NH",8192,9,"S2",18,0.822469509183015,0.0994836301847528,0.130913408791713,3658.89837409182,0.675684182937647,13,18257.991,"x2","(x2*x2)*x3","(x3*x3)*x2",1,1,1
"227_cpu_small",8192,13,"S2",18,0.984542817655617,0.0254756109372829,0.0336578986794197,11779.6947659071,0.969306808909743,20,29262.508,"x1","x3","troot((x6*x10)*x10)",1,1,1
"228_elusage",55,3,"S2",18,0.898942590210108,0.0892141894685697,0.112501554701031,26.5367829286274,0.798417249461211,5,485.369999999995,"x1","x1","sin_deg(x1)",0.56956251662532,0.569225399753402,0.410549953761574
"229_pwLinear",200,11,"S2",18,0.966295670065028,0.0394374297380525,0.0502378325950323,152.078844067548,0.932140399842841,15,823.604000000007,"x2","x1*x2","x1*x3",1,0.999999999815683,0.999999798551596
"230_machine_cpu",209,7,"S2",18,0.96964186194424,0.0282613253809697,0.0667452212143696,289.383994776064,0.785689045154776,6,516.300000000003,"cos_deg(x4)","(x3*x6)*x2","x2",0.999999999999998,0.999999999999985,0.999928875828307
"294_satellite_image",6435,37,"S2",18,0.650793858791908,0.344612606503929,0.425494953008951,1775.65697889853,-0.260528282706732,20,15851.345,"x25","x3","x25*cos_deg(x3)",1,1,1
"4544_GeographicalOriginalofMusic",1059,118,"S2",18,0.686011093782323,0.0795036175134823,0.110014625782694,1040.15174328927,0.404004736197779,15,7122.68700000001,"x42","x100","x99",1,1,0.999999999998518
"485_analcatdata_vehicle",48,5,"S2",18,0.809850573370466,0.0816930192282189,0.13278287801836,8.79184674723402,0.647384768180626,4,645.881999999998,"x1","x3","x2",0.970812424801683,0.927529293735134,0.559438020354034
