"Experiment","Run","F1","F2","F3","F4","Count_FP","Correlation","Correlation_FP","MAE","RMSE","LMP","R2","Count_P","Time","First","Second","Third","FirstM","SecondM","ThirdM"
"S1",28,FALSE,FALSE,FALSE,FALSE,5,0.865852860767065,0.865852860767065,0.0717167212909895,0.286398808684116,-99.5125191073179,0.997228569129878,5,2148.70999999996,"x4","x10*x4","x4*troot(x4)",0.612594934992689,0.538658151957911,0.537249852394152
"S2",28,TRUE,FALSE,FALSE,TRUE,0,0.999999460710163,NA,0.0369070853257835,0.0463927755529947,-94.3406692127019,0.999927278580471,2,2272.29800000001,"troot(x7*(x4*x4))","troot(x6*(x4*x4))","NA",0.563414982104634,0.436585028650665,"NA"
"S3",28,FALSE,FALSE,FALSE,FALSE,4,0.722952775676917,0.722952775676917,0.0947492562754332,0.341408660450864,-99.5125191073179,0.996061682701342,4,2182.22499999998,"x4","x4*troot(x4)","x4*x10",1,0.99999999987911,0.999875005245912
"S4",28,FALSE,FALSE,FALSE,FALSE,2,0.604544956779782,0.604544956779782,0.0337154711704896,0.0398598426206471,-96.7669448270558,0.999946317492291,2,2214.48100000003,"x4*x2","troot(x4*x4)","NA",0.929241371010439,0.929241367915881,"NA"
"S5",28,FALSE,FALSE,FALSE,FALSE,3,0.788552607527299,0.788552607527299,0.0692107226877939,0.241684812499441,-99.877214903911,0.998026394457255,3,2249.48199999996,"troot(x4*x4)","x4*x3","x4",1,0.996931467542178,0.156718735466246
"S6",28,FALSE,FALSE,FALSE,TRUE,0,0.999998921420326,NA,0.0446220255379185,0.0763176941063688,-94.3406692127019,0.999803205881029,1,2308.84700000001,"troot((x7*x4)*x4)","NA","NA",1,"NA","NA"
