"Experiment","Run","F1","F2","F3","F4","Count_FP","Correlation","Correlation_FP","MAE","LMP","R2","Count_P","Time","First","Second","Third","FirstM","SecondM","ThirdM"
"P1",10,FALSE,FALSE,FALSE,FALSE,3,0.377869053809186,0.377869053809186,0.036499643165416,-96.7669448270558,0.999882951437795,3,585.489999999991,"troot(x4*x4)","x2*x4","x6",0.999999988475983,0.972053022157696,0.282530556235006
"P2",10,FALSE,FALSE,FALSE,FALSE,5,0.452567015058878,0.452567015058878,0.0628313159085543,-99.877214903911,0.99860518349402,5,607.589999999967,"troot(x4*x4)","x4*x3","x4",1,0.868402329450551,0.142598651446147
"P3",10,FALSE,FALSE,FALSE,FALSE,3,0.788552607527299,0.788552607527299,0.0694387999067355,-99.877214903911,0.998003824206971,3,559.809999999939,"troot(x4*x4)","x4*x3","x4",0.997241895630071,0.996802802015022,0.148385490547913
"P4",10,FALSE,FALSE,FALSE,FALSE,4,0.722952775676917,0.722952775676917,0.0942868774355608,-99.5125191073178,0.996063850431576,4,573.229999999981,"x4","x4*x10","troot(x4)*x4",0.999999999977717,0.999999999977669,0.999999993367542
"P5",10,FALSE,FALSE,FALSE,FALSE,4,0.720245756702868,0.720245756702868,0.0922397451050665,-99.5125191073178,0.996110017942465,4,571.859999999986,"x4","x4*x10","x4*troot(x4)",1,0.999974333224966,0.984698943139822
"P6",10,FALSE,FALSE,FALSE,FALSE,2,0.686399262445923,0.686399262445923,0.0713960529634279,-105.007113618834,0.99785334533614,2,606.969999999972,"troot(x4)*troot(x4)","x4*x3","NA",1,0.999995397906244,"NA"
