"Experiment","Run","F1","F2","F3","F4","Count_FP","Correlation","Correlation_FP","MAE","LMP","R2","Count_P","Time","First","Second","Third","FirstM","SecondM","ThirdM"
"P1",10,FALSE,FALSE,FALSE,FALSE,5,0.577080888052594,0.577080888052594,0.0943538934512988,-99.5125191073178,0.996081835990301,5,537.470000000088,"x4","x4*x10","x4*troot(x4)",1,0.999999990276251,0.987717703338961
"P2",10,FALSE,FALSE,FALSE,TRUE,1,0.462258084644161,-0.075482752132005,0.0440973688530032,-94.3406692127019,0.99980821061738,2,557.070000000065,"troot(x4*(x4*x7))","x6","NA",1,0.126772427231661,"NA"
"P3",10,FALSE,FALSE,FALSE,FALSE,3,0.985488592981159,0.985488592981159,0.0930044575247721,-99.5125191073178,0.996059276884112,3,489.640000000014,"x4","x4*x10","troot(x4)*x4",1,0.999999999949876,0.999999993122137
"P4",10,FALSE,FALSE,FALSE,FALSE,3,0.985488592981159,0.985488592981159,0.093045533332329,-99.5125191073178,0.996056868563962,3,555.619999999995,"x4","x4*x10","x4*troot(x4)",0.999999995405092,0.999999764194575,0.999999561000457
"P5",10,FALSE,FALSE,FALSE,FALSE,4,0.284507143719764,0.284507143719764,0.0369573211107814,-101.896843541979,0.999880887260825,4,526.069999999949,"troot(x4)*troot(x4)","x2*x4","x6",1,0.999999528652629,0.192582301091876
"P6",10,TRUE,FALSE,FALSE,FALSE,1,0.996429648845025,0.992859297690051,0.0321090284124583,-94.5244319535552,0.999963241380611,2,554.420000000158,"troot(x4*(x6*x4))","x4","NA",0.999999999999951,0.106792636819044,"NA"
