"Experiment","Run","F1","F2","F3","F4","Count_FP","Correlation","Correlation_FP","MAE","RMSE","LMP","R2","Count_P","Time","First","Second","Third","FirstM","SecondM","ThirdM"
"S1",11,FALSE,TRUE,FALSE,FALSE,7,0.131050453286395,0.00691485411921074,0.00328944675343413,0.0120310851687405,688.869618809329,0.999995109297583,8,1010.23700000002,"sigmoid(x5)","x5","x8*troot((x9*x4)*x4)",1,1,1
"S2",11,FALSE,TRUE,FALSE,FALSE,6,0.459486468940168,0.369400939187416,0.00170912424425575,0.00340614637205966,683.064702360009,0.99999960799803,7,1039.23800000001,"troot(x4*(x9*x4))","x6*troot(x4*(x9*x4))","x5*x5",1,0.999999346820045,0.999327478868316
"S3",11,FALSE,FALSE,FALSE,FALSE,4,0.39456437213635,0.39456437213635,0.000957811771810665,0.00162840859290746,683.748086912524,0.999999910404044,4,954.832999999984,"troot(x4*x4)","troot(x4*x4)*x6","x3",1,1,0.210290007823042
"S4",11,FALSE,FALSE,FALSE,FALSE,4,0.537075438630361,0.537075438630361,0.000912996005484826,0.00158718699499551,683.955183587773,0.999999914882702,4,1120.04700000002,"troot(x4*x4)","troot(x4*x4)*x6","x9",1,0.999973768559478,0.579316242111369
"S5",11,FALSE,FALSE,FALSE,FALSE,9,0.66345961168254,0.66345961168254,0.0418076909822886,0.28617357155121,570.667707651476,0.997232926575951,9,1052.57300000003,"((troot(x4)*sigmoid(x4))*troot(troot(x4)))*troot(troot(x4))","troot(troot(x4))*(x4*x7)","troot(x4)",1,1,1
"S6",11,FALSE,FALSE,FALSE,TRUE,7,0.606325612915715,0.550086568843627,0.00233146040004169,0.00434738082799607,625.603504750751,0.999999361417508,8,1212.14600000001,"troot((x4*x7)*x4)","x4","x4*x7",1,1,1
