"Experiment","Run","F1","F2","F3","F4","Count_FP","Correlation","Correlation_FP","MAE","LMP","R2","Count_P","Time","First","Second","Third","FirstM","SecondM","ThirdM"
"P1",7,FALSE,FALSE,FALSE,FALSE,2,0.984008608849547,0.984008608849547,0.257562839554383,-38.349774074753,0.962959135623087,2,2.174,"x4","x4*x4","NA",1,1,"NA"
"P2",7,FALSE,FALSE,FALSE,FALSE,5,NA,NA,9.07585774544296e+298,-123.611485707819,-Inf,5,1.536,"x4","x8","x9",1,0.992978205903114,0.987727057474341
"P3",7,FALSE,FALSE,FALSE,FALSE,2,0.984008608849547,0.984008608849547,0.257564051660129,-38.349774074753,0.962955255075618,2,2.825,"x4*x4","x4","NA",1,0.999999999772753,"NA"
"P4",7,FALSE,FALSE,FALSE,FALSE,2,0.983334017404506,0.983334017404506,0.208552532648344,-66.2432028506402,0.990347839087363,2,1.63900000000001,"x4","troot(1+(x4+((x8*x3)+x3)))","NA",1,1,"NA"
"P5",7,FALSE,FALSE,FALSE,FALSE,2,0.982401464192023,0.982401464192023,0.228459927102645,-31.5762099246959,0.99021580499723,2,2.095,"x4","troot(x4)","NA",1,1,"NA"
"P6",7,FALSE,FALSE,FALSE,FALSE,3,0.986959087886416,0.986959087886416,0.251370842192421,-54.8720146838067,0.970977634651715,3,1.48400000000001,"x4*x6","x4","(x4*x6)*(x4*x6)",1,1,1
