"Experiment","Run","F1","F2","F3","F4","Count_FP","Correlation","Correlation_FP","MAE","LMP","R2","Count_P","Time","First","Second","Third","FirstM","SecondM","ThirdM"
"P1",7,FALSE,FALSE,FALSE,FALSE,3,0.643793148878751,0.643793148878751,0.164539271057261,-61.9528485847528,0.994145113487003,3,1.512,"x4","x4*x10","(x4*x10)*x8",1,0.999999960549372,0.999716038551459
"P2",7,FALSE,FALSE,FALSE,FALSE,8,0.45611975907394,0.45611975907394,0.104056341274764,-39.3391533570603,0.997759543988553,8,1.072,"x4","x4*x4","p3(x4)",1,1,0.999999999999923
"P3",7,FALSE,FALSE,FALSE,FALSE,3,0.981481613229138,0.981481613229138,0.117605685124107,-36.7954000543428,0.998904093454235,3,1.74799999999999,"troot(x4)","x4*x10","x7*x4",0.999999997460837,0.99998564032065,0.999984362044152
"P4",7,FALSE,FALSE,FALSE,FALSE,2,0.984008608849547,0.984008608849547,0.257562859905887,-38.349774074753,0.962959135381095,2,1.039,"x4","x4*x4","NA",1,1,"NA"
"P5",7,FALSE,FALSE,FALSE,FALSE,7,0.207247339860307,0.207247339860307,0.303527267356811,-46.1544832080321,0.950730578931224,7,2.31099999999998,"x4","p3(x4)","x9",1,1,0.781628967185664
"P6",7,FALSE,FALSE,FALSE,FALSE,5,0.394123461130232,0.394123461130232,0.292608217621531,-53.0246922323259,0.96369687687507,5,1.22200000000001,"x5","x6","x7",1,1,1
