"Experiment","Run","F1","F2","F3","F4","Count_FP","Correlation","Correlation_FP","MAE","RMSE","LMP","R2","Count_P","Time","First","Second","Third","FirstM","SecondM","ThirdM"
"S1",13,FALSE,FALSE,FALSE,FALSE,9,0.775932590903173,0.775932590903173,0.330400063261269,2.3958050371781,600.420967151956,0.806061253963673,9,984.636999999988,"troot(x4*(x3*x4))","x4*x3","troot((x4*(x3*x4))*x6)",1,1,1
"S2",13,FALSE,FALSE,FALSE,FALSE,4,0.537076138150547,0.537076138150547,0.000867490282428374,0.00159327555867376,659.797205917958,0.999999914228417,4,1080.11100000003,"troot(x4)*troot(x4)","troot(x6*x4)*troot(x6*x4)","x5",1,0.999998772709743,0.394354340885138
"S3",13,FALSE,FALSE,FALSE,FALSE,6,0.543291565763375,0.543291565763375,0.00153465398551492,0.00242120383087929,697.519928711662,0.999999801927428,6,988.985000000044,"troot(x4*x4)","troot(x4*x4)*x7","x9*troot(x4*x4)",1,1,1
"S4",13,FALSE,FALSE,TRUE,FALSE,9,0.689080714328915,0.654534150176835,0.00243377381640618,0.00767917696743892,635.490425091675,0.999998007533684,10,1068.185,"troot(x4)","troot(x4*x9)*troot(x4*x9)","sigmoid(x7)",1,1,1
"S5",13,FALSE,FALSE,FALSE,FALSE,6,0.481761799130447,0.481761799130447,0.00133023391657908,0.00226703189025966,672.621360208452,0.999999826349158,6,1068.38099999999,"(troot(x4)*(troot(x4)*x9))*x7","troot(x4)*(troot(x4)*x9)","(troot(x4)*(troot(x4)*x9))*x9",1,1,1
"S6",13,FALSE,FALSE,FALSE,FALSE,6,0.660482237579128,0.660482237579128,0.00128896992385583,0.00210734411323951,646.188227334308,0.999999849951191,6,1177.14000000001,"(x9*troot(x4))*troot(x4)","x9*((x9*troot(x4))*troot(x4))","x5*(x1*(x4*x7))",1,0.999999999994594,0.986025638641459
