"Experiment","Run","F1","F2","F3","F4","Count_FP","Correlation","Correlation_FP","MAE","LMP","R2","Count_P","Time","First","Second","Third","FirstM","SecondM","ThirdM"
"P2",11,FALSE,FALSE,FALSE,FALSE,2,0.604544956779782,0.604544956779782,0.0389607058935664,-96.7669448270558,0.999877621350525,2,367.132000000001,"troot(x4*x4)","x2*x4",NA,1,0.999999999947093,NA
"P3",11,FALSE,FALSE,FALSE,FALSE,4,0.592519809008349,0.592519809008349,0.0695985350319843,-99.877214903911,0.997976276957816,4,412.932999999997,"x3*x4","troot(x4*x4)","x4",0.999998700323879,0.990366412205021,0.164929156589329
"P4",11,FALSE,FALSE,FALSE,TRUE,1,0.996429109555188,0.992859297690051,0.0440807077946462,-94.3406692127019,0.999801903949751,2,425.360999999997,"troot(x7*(x4*x4))","x4",NA,0.998664043082378,0.140597477875332,NA
"P5",11,FALSE,FALSE,FALSE,FALSE,9,0.545331235984453,0.545331235984453,0.0959714498585581,-109.725882639341,0.995400959354304,9,391.002999999997,"x4","x4*x4","troot(x4)",1,0.999660309232935,0.739421825150844
"P6",11,FALSE,FALSE,FALSE,FALSE,6,0.635124978641475,0.635124978641475,0.0459895025208425,-102.146901329513,0.999460944544574,6,400.65800000001,"x4*p0(x4)","x4","x4*x7",1,1,0.999999999999958
