"Experiment","Run","F1","F2","F3","F4","Count_FP","Correlation","Correlation_FP","MAE","RMSE","LMP","R2","Count_P","Time","First","Second","Third","FirstM","SecondM","ThirdM"
"S1",15,FALSE,FALSE,FALSE,FALSE,3,0.668521412733855,0.668521412733855,0.000932685534165781,0.00162270373612832,683.81122596715,0.999999911030713,3,741.053,"troot(x4*x4)","x6*troot(x4*x4)","x9",1,1,0.460280826528817
"S2",15,FALSE,FALSE,FALSE,FALSE,5,0.585804689297772,0.585804689297772,0.0016975504985861,0.0025082173463824,699.010338532581,0.999999787434896,5,759.439,"troot(x4*x4)","x7*troot(x4*x4)","troot(x4*x4)*x9",1,1,1
"S3",15,FALSE,FALSE,FALSE,FALSE,4,0.537075438630361,0.537075438630361,0.000917682175225484,0.00158984258454541,683.955183587772,0.999999914597637,4,716.199,"x6*troot(x4*x4)","troot(x4*x4)","x9",1,1,0.581384296140691
"S4",15,FALSE,FALSE,FALSE,FALSE,8,0.367920470269611,0.367920470269611,0.00198752502335606,0.00344541842871898,667.203860047587,0.99999959890654,8,812.342,"x9*troot(x4*x4)","(x9*troot(x4))*(x9*troot(x4))","(x9*troot(x4*x4))*x7",1,1,1
"S5",15,FALSE,FALSE,FALSE,FALSE,7,0.43873483603283,0.43873483603283,0.00167706429464587,0.00320507822184575,678.901882157108,0.999999652912557,7,757.382000000001,"troot(x4*x4)*x9","(troot(x4*x4)*x9)*x9","x8*(x5*x1)",1,0.999999999812365,0.999998911303058
"S6",15,FALSE,FALSE,FALSE,FALSE,9,0.711054727837226,0.711054727837226,0.00215223930041116,0.00642644969292879,578.947353500381,0.99999860458348,9,849.189,"troot(x4)","troot(troot(x4)*x4)*(troot(troot(x4)*x4)*x6)","troot(troot(x4)*x4)*x6",1,1,1
