"Experiment","Run","Correlation","MAE","RMSE","LMP","R2","Count_P","Time","First","Second","Third","FirstM","SecondM","ThirdM"
"S1",25,0.841082586495405,3.63597483234742,5.49909573973297,-3436.37561942016,0.701529083950274,15,3304.793,"x1","x5","x6",1,1,1
"S2",25,0.817039473425288,3.72017665383813,6.42721051006309,-2531.2851990623,0.592277661993584,15,7737.054,"x1","p0(x10)","p3(x8)",1,1,1
"S3",25,0.840670164665019,3.5654792073466,5.5218781630002,-3500.43524314537,0.699050866863572,15,8149.187,"x1","x2","x5",1,1,1
"S4",25,0.857964526143862,3.25386675994263,5.32206260785452,-2288.35734660305,0.720437178332225,15,3388.292,"x1","exp_dbl(x13)","(x6*x8)*x6",1,1,1
"S5",25,0.838307323230182,3.52354624857151,5.771387592541,-2263.10563507231,0.671239267266439,15,3435.073,"x1","troot(x1)","troot(x9)",1,1,1
"S6",25,0.830859834342174,3.43284520139051,5.64914857334421,-2365.32064025325,0.685018207197673,15,3416.274,"x1","exp_dbl(sigmoid(x6))","x5",1,1,1
