"Experiment","Run","F1","F2","F3","F4","Count_FP","Correlation","Correlation_FP","MAE","LMP","R2","Count_P","Time","First","Second","Third","FirstM","SecondM","ThirdM"
"P1",13,FALSE,FALSE,FALSE,FALSE,3,0.64150431355363,0.64150431355363,0.000982813030958118,683.748086912524,0.999999909066224,3,NA,"troot(x4*x4)","x6*troot(x4*x4)","x6",0.999999997187543,0.999819615171722,0.121123209773622
"P2",13,FALSE,TRUE,FALSE,FALSE,5,0.524374962327968,0.429250025302225,0.00167457472747344,693.78667839463,0.999999782692417,6,NA,"troot(x4*x4)","troot(x4*x4)*x7","troot((x9*x4)*x4)",0.997766550305877,0.997601721942135,0.997601721942135
"P3",13,TRUE,FALSE,FALSE,FALSE,3,0.727559147547627,0.636745530063503,1.33929297412849e+79,687.684548542455,-3.2727028659805e+158,4,NA,"troot((x4*x6)*x4)","x4","x4*x6",1,0.950736548970014,0.939505004583914
"P4",13,FALSE,FALSE,FALSE,FALSE,6,0.489084505566341,0.489084505566341,0.0015869494977829,694.055935628514,0.999999810226917,6,NA,"troot(x4*x4)","x9*troot(x4*x4)","(x6*troot(x4*x4))*x7",0.999848062258728,0.9998070215069,0.999807021487584
"P5",13,FALSE,FALSE,FALSE,FALSE,5,0.581165036346332,0.581165036346332,NA,697.213736987774,NA,5,NA,"troot(x4*x4)","x9*troot(x4*x4)","x7*troot(x4*x4)",1,0.999999719047445,0.999999719047445
"P6",13,FALSE,FALSE,FALSE,FALSE,4,0.484579364876817,0.484579364876817,0.000912623869748144,673.551428537307,0.999999912410684,4,NA,"troot(x4)*troot(x4)","(troot(x4)*troot(x4))*x6","x9",1,0.998910933986716,0.517394666026803
