"Experiment","Run","F1","F2","F3","F4","Count_FP","Correlation","Correlation_FP","MAE","LMP","R2","Count_P","Time","First","Second","Third","FirstM","SecondM","ThirdM"
"P1",13,FALSE,FALSE,FALSE,FALSE,12,0.410975879083932,0.410975879083932,0.00823385007968535,608.848521925464,0.99993956247125,12,383.038,"(x2*x4)*(x4*x6)","troot(x4)","x4",1,1,1
"P2",13,FALSE,TRUE,FALSE,FALSE,5,0.524374962327968,0.429250025302225,0.00167759757592495,693.78667839463,0.999999781698673,6,406.524000000001,"troot(x4*x4)*x7","troot(x4*x4)","troot((x9*x4)*x4)",1,1,1
"P3",13,FALSE,FALSE,FALSE,FALSE,7,NA,NA,2.42415569458155e+298,182.825071723646,-Inf,7,416.898999999998,"x4*x10","x4","sin_deg(x4)",1,1,1
"P4",13,FALSE,FALSE,FALSE,FALSE,6,0.489084505566341,0.489084505566341,0.00158669265854146,694.055935628514,0.99999981035048,6,372.103999999999,"x9*troot(x4*x4)","troot(x4*x4)","(x6*troot(x4*x4))*x7",1,1,0.999999999980681
"P5",13,FALSE,TRUE,FALSE,FALSE,9,NA,NA,NA,584.383503220834,NA,10,497.354999999996,"x4*(x3*x4)","x4","troot(x4*(x9*x4))",1,1,1
"P6",13,FALSE,FALSE,FALSE,FALSE,5,0.26328198003522,0.26328198003522,0.00277815656644934,595.662668196011,0.999999363008082,5,348.417000000001,"(troot(x4)*troot(x4))*p3(x9)","troot(x4)*troot(x4)","x1",1,1,0.985490218379384
