"Experiment","Run","F1","F2","F3","F4","Count_FP","Correlation","Correlation_FP","MAE","LMP","R2","Count_P","Time","First","Second","Third","FirstM","SecondM","ThirdM"
"P1",13,FALSE,FALSE,FALSE,FALSE,3,0.64150431355363,0.64150431355363,0.000982813030958118,683.748086912524,0.999999909066224,3,378.965,"troot(x4*x4)","x6*troot(x4*x4)","x6",0.999999997187543,0.999819615171722,0.121123209773622
"P2",13,TRUE,FALSE,FALSE,FALSE,2,0.641505520012678,0.462258280019017,0.000818015195491249,684.777371260963,0.999999909810033,3,421.370000000003,"troot(x6*(x4*x4))","troot(x4*x4)","x6",1,0.994085231352182,0.135883738689238
"P3",13,TRUE,FALSE,FALSE,FALSE,3,0.727559147547627,0.636745530063503,0.000810223916425517,687.684548542455,0.999999900542485,4,381.425999999999,"troot((x4*x6)*x4)","x4","x4*x6",1,0.950736548970014,0.939505004583914
"P4",13,FALSE,FALSE,TRUE,FALSE,9,0.430566162036939,0.367295758741306,0.00198101595992991,647.061761091444,0.999999657182418,10,408.326999999997,"x9*x4","troot(x9*x4)*troot(x9*x4)","x4",1,1,1
"P5",13,FALSE,FALSE,FALSE,FALSE,5,0.581165036346332,0.581165036346332,0.00148871954297344,697.213736987774,0.999999787656252,5,468.016000000003,"troot(x4*x4)","x9*troot(x4*x4)","x7*troot(x4*x4)",1,1,1
"P6",13,FALSE,FALSE,FALSE,FALSE,4,0.484579364876817,0.484579364876817,0.00091266019836961,673.551428537307,0.999999912373554,4,403.458999999988,"(troot(x4)*troot(x4))*x6","troot(x4)*troot(x4)","x9",1,1,0.517396514169761
