"Experiment","Run","F1","F2","F3","F4","Count_FP","Correlation","Correlation_FP","MAE","LMP","R2","Count_P","Time","First","Second","Third","FirstM","SecondM","ThirdM"
"P3",44,FALSE,FALSE,FALSE,FALSE,11,0.680396141104384,0.680396141104384,0.00322089561810764,618.96795818057,0.999992099975872,11,NA,"x4","x4*troot(x4)","x4*x4",0.999999999999144,0.999999999998698,0.999968466192653
"P6",44,TRUE,FALSE,FALSE,FALSE,4,0.629660350904289,0.537075438630361,0.000829358948382893,679.647472546039,0.999999913608315,5,NA,"troot(x4*x4)","troot((x4*x4)*x6)","(troot(x4)*x6)*troot(x4)",0.999999999999997,0.694700524976523,0.305299475023473
