"Experiment","Run","F1","F2","F3","F4","Count_FP","Correlation","Correlation_FP","MAE","RMSE","LMP","R2","Count_P","Time","First","Second","Third","FirstM","SecondM","ThirdM"
"S4",32,FALSE,FALSE,FALSE,FALSE,3,0.733983070416538,0.733983070416538,0.0388385928472994,0.058832089439111,-96.7669448270559,0.999883052704895,3,2906.945,"troot(x4*x4)","x2*x4","x4",1,0.982607409415272,0.100633756680082
"S5",32,FALSE,FALSE,FALSE,FALSE,5,0.988103537540709,0.988103537540709,0.0457022307356216,0.0911581395823931,-100.720409257459,0.999719228810241,5,2623.377,"troot(x4*x4)","x4","x4*x9",0.999994805032588,0.999374371671173,0.839862507379332
"S6",32,FALSE,FALSE,FALSE,FALSE,3,0.985488592981159,0.985488592981159,0.0930712980667208,0.341645837685468,-99.5125191073179,0.99605620888789,3,2166.818,"x4","x10*x4","x4*troot(x4)",1,0.999999999410585,0.999999976052129
