"Experiment","Run","F1","F2","F3","F4","Count_FP","Correlation","Correlation_FP","MAE","RMSE","LMP","R2","Count_P","Time","First","Second","Third","FirstM","SecondM","ThirdM"
"S1",3,FALSE,FALSE,FALSE,FALSE,5,0.573462860287722,0.573462860287722,0.0965970648514066,0.34692460310831,-99.5125191073179,0.995933396443788,5,2311.17499999999,"x4","x10*x4","troot(x4)*x4",0.999999999554459,0.997635994117752,0.980179365059266
"S2",3,FALSE,FALSE,FALSE,TRUE,2,0.303615814638486,-0.0445757387524339,0.0475093894249525,0.0843214584997748,-94.3406692127019,0.999759764128604,3,2281.28899999999,"troot(x7*(x4*x4))","x2","x10",1,0.212882622676236,0.182334214745415
"S3",3,TRUE,FALSE,FALSE,FALSE,0,1,NA,0.03184484567254,0.0328935725314105,-94.5244319535552,0.999963441890918,1,2134.80099999998,"troot(x6*(x4*x4))","NA","NA",1,"NA","NA"
"S4",3,FALSE,FALSE,FALSE,TRUE,1,0.996429109555188,0.992859297690051,0.0446950132032346,0.0764565003770828,-94.3406692127019,0.999802489373555,2,2304.82700000005,"troot(x4*(x4*x7))","x4","NA",0.999999669891556,0.151235064175164,"NA"
"S5",3,FALSE,FALSE,FALSE,FALSE,2,0.604544956779782,0.604544956779782,0.0390470984685787,0.061081364723996,-96.7669448270559,0.99987393947848,2,2202.12,"troot(x4*x4)","x4*x2","NA",1,0.999999992643591,"NA"
"S6",3,FALSE,FALSE,FALSE,FALSE,4,0.722952775676917,0.722952775676917,0.094640701960364,0.341405174692307,-99.5125191073178,0.99606176312082,4,2248.09000000003,"x4","troot(x4)*x4","x10*x4",1,1,0.999999999999998
