"Experiment","Run","F1","F2","F3","F4","Count_FP","Correlation","Correlation_FP","MAE","RMSE","LMP","R2","Count_P","Time","First","Second","Third","FirstM","SecondM","ThirdM"
"S1",5,FALSE,FALSE,FALSE,TRUE,5,0.488063929750831,0.385676920821481,1.72739618949196e+222,Inf,638.457020030123,-Inf,6,754.033,"x9*troot(((x6*x4)*sin_deg(x3))+(x4*x4))","troot(1+(x4*x4))","x5*x5",1,1,0.999999999726676
"S2",5,TRUE,FALSE,FALSE,FALSE,2,0.983258008676125,0.97488702040718,7.60136086724176,55.8451216609149,662.413246290985,-104.37367304856,3,794.512,"x5*x4","troot(1+((x6*x4)*x4))","p3(x5*x4)",1,1,0.999999923348757
"S3",5,FALSE,FALSE,FALSE,FALSE,3,0.714245288772719,0.714245288772719,0.00122621103761227,0.00173922780389366,663.001318236872,0.999999897794428,3,700.132,"troot(((x4*x6)*x6)*x4)","troot(1+((x4*x4)+x4))","x5",1,1,0.961106542679647
"S4",5,FALSE,FALSE,FALSE,FALSE,14,0.52309116566985,0.52309116566985,0.0766693275216802,0.536587176209445,604.745195606389,0.990271582180674,14,879.395,"x10*x4","x4","troot(x4)",1,1,1
"S5",5,FALSE,FALSE,FALSE,FALSE,3,0.714244403037591,0.714244403037591,0.00097616630438516,0.00160002927358922,683.748086912524,0.999999913499724,3,730.642,"troot(x4*x4)","x6*troot(x4*x4)","x5",1,1,0.422263338843346
"S6",5,FALSE,FALSE,FALSE,FALSE,7,0.440227884925261,0.440227884925261,0.00164500468158899,0.00240928264177154,695.312635688231,0.999999803873111,7,840.029,"troot(x4*x4)","x9*troot(x4*x4)","x7*troot(x4*x4)",1,1,1
