"Experiment","Run","F1","F2","F3","F4","Count_FP","Correlation","Correlation_FP","MAE","LMP","R2","Count_P","Time","First","Second","Third","FirstM","SecondM","ThirdM"
"P1",13,FALSE,FALSE,FALSE,FALSE,3,0.371839007534399,0.371839007534399,0.0383164949292256,-96.7669448270558,0.999909708932184,3,NA,"troot(x4*x4)","x4*x2","x2",0.999842083553948,0.918314110207525,0.16318482188618
"P2",13,FALSE,FALSE,FALSE,TRUE,2,0.665759877520625,0.498640355570775,0.0444053018623165,-94.3406692127019,0.999792000919508,3,NA,"troot(x4*(x4*x7))","x10","x4",0.998196254033362,0.14689866638909,0.11828453497636
"P3",13,FALSE,FALSE,FALSE,FALSE,3,0.733983070416538,0.733983070416538,0.0331226615204941,-96.7669448270558,0.999955757325149,3,NA,"troot(x4*x4)","x4*x2","x4",0.940807797142939,0.877696444564821,0.1587724849834
"P4",13,TRUE,FALSE,FALSE,FALSE,0,1,NA,0.0312000289580238,-94.5244319535552,0.999966989250935,1,NA,"troot(x4*(x6*x4))","NA","NA",0.904002751414705,"NA","NA"
"P5",13,FALSE,FALSE,FALSE,FALSE,4,0.262715586591847,0.262715586591847,0.0399354607217193,-96.7669448270558,0.999879793282901,4,NA,"troot(x4*x4)","x4*x2","x2",0.998826886944098,0.962215722817026,0.199232809538568
"P6",13,FALSE,FALSE,FALSE,TRUE,3,0.800487033167485,0.733983070416538,0.0421720048365012,-94.3406692127019,0.999818426417427,4,NA,"troot(x4*(x4*x7))","troot(x4*x4)","x2*x4",0.849795307165659,0.150204692834341,0.147342125593272
