"Experiment","Run","F1","F2","F3","F4","Count_FP","Correlation","Correlation_FP","MAE","LMP","R2","Count_P","Time","First","Second","Third","FirstM","SecondM","ThirdM"
"P1",13,FALSE,FALSE,FALSE,FALSE,3,0.371839007534399,0.371839007534399,0.0400035158314912,-96.7669448270558,0.999871687559777,3,594.839999999967,"troot(x4*x4)","x4*x2","x2",1,0.977035736143805,0.170818314787411
"P2",13,FALSE,FALSE,FALSE,FALSE,3,0.651563512936131,0.651563512936131,0.0364949588285017,-100.723720798733,0.999911208896378,3,610.559999999939,"troot(x4*x4)","x4*x8","x4",0.999999999992709,0.999999999987061,0.712043892744956
"P3",13,FALSE,FALSE,FALSE,FALSE,3,0.788552607527299,0.788552607527299,0.0696047324760196,-99.877214903911,0.997823918993278,3,588.530000000028,"troot(x4*x4)","x4*x3","x4",0.985155552522129,0.922135768319689,0.220926347688359
"P4",13,TRUE,FALSE,FALSE,FALSE,0,1,NA,0.0321163231243739,-94.5244319535552,0.999963217896475,1,605.670000000042,"troot(x4*(x6*x4))","NA","NA",1,"NA","NA"
"P5",13,FALSE,FALSE,FALSE,FALSE,6,0.685960718173133,0.685960718173133,0.0596313057465893,-104.667556857871,0.999142651790887,6,543.540000000037,"x4","x4*troot(x4)","x4*x4",0.999999998041524,0.999868055089145,0.998716873675182
"P6",13,FALSE,FALSE,FALSE,FALSE,3,0.377869053809186,0.377869053809186,0.0366909514888964,-96.7669448270558,0.999883483219391,3,599.699999999953,"troot(x4*x4)","x2*x4","x6",1,0.978080717585617,0.211933182409826
