"Experiment","Run","F1","F2","F3","F4","Count_FP","Correlation","Correlation_FP","MAE","RMSE","LMP","R2","Count_P","Time","First","Second","Third","FirstM","SecondM","ThirdM"
"S1",6,TRUE,FALSE,FALSE,TRUE,1,0.635475343487986,-0.0935728909563669,0.0392620302060713,0.0521202058916034,-94.3406692127019,0.999908214541615,3,672.015,"troot((x4*x7)*x4)","troot((x4*x6)*x4)","x2",0.512173482361019,0.487826528835606,0.305919438084255
"S2",6,FALSE,FALSE,FALSE,FALSE,2,0.604544956779782,0.604544956779782,0.0389624139279607,0.060237934758668,-96.7669448270558,0.999877396806264,2,735.054,"troot(x4*x4)","x2*x4","NA",1,0.999999995427015,"NA"
"S3",6,FALSE,FALSE,FALSE,FALSE,6,0.81090795023053,0.81090795023053,0.0491466732660524,0.137577043769675,-102.146901329513,0.999360480807988,6,738.514,"x4","p0(x4)*x4","x7*x4",1,1,0.518672725062118
"S4",6,TRUE,FALSE,FALSE,FALSE,0,1,NA,0.0315063831941335,0.0332785238240818,-94.5244319535552,0.999962581209728,1,766.252,"troot(x4*(x4*x6))","NA","NA",1,"NA","NA"
"S5",6,FALSE,FALSE,FALSE,FALSE,3,0.371839007534399,0.371839007534399,0.0401034984842411,0.0617605660728924,-96.7669448270559,0.999871120402315,3,724.075,"troot(x4*x4)","x4*x2","x2",1,0.980360564622299,0.191516923519512
"S6",6,FALSE,FALSE,FALSE,FALSE,2,0.604544956779782,0.604544956779782,0.0389872822744892,0.0612921560350035,-96.7669448270558,0.999873067909437,2,747.173,"troot(x4*x4)","x4*x2","NA",1,1,"NA"
