"Experiment","Run","F1","F2","F3","F4","Count_FP","Correlation","Correlation_FP","MAE","RMSE","LMP","R2","Count_P","Time","First","Second","Third","FirstM","SecondM","ThirdM"
"S1",10,TRUE,FALSE,FALSE,FALSE,2,0.995239647353662,0.992859471030492,0.000814849475008154,0.00174410407986276,687.881431327977,0.999999897220516,3,884.622999999963,"troot((x6*x4)*x4)","x4","x7*x4",1,0.960121445393233,0.956499831912103
"S2",10,FALSE,FALSE,FALSE,FALSE,11,0.398388349277675,0.398388349277675,0.00814219372441069,0.0327019252830509,600.678967482721,0.999963866645679,11,1087.05099999998,"x4","x4*sin_deg(x10)","troot(x4)",1,1,1
"S3",10,TRUE,FALSE,FALSE,FALSE,1,0.999999656085019,0.999999312170039,0.000808910888173855,0.00163352591789303,684.777371260963,0.999999909840043,2,947.043999999994,"troot((x4*x4)*x6)","troot(x4*x4)","NA",1,0.999948813896886,"NA"
"S4",10,TRUE,FALSE,FALSE,FALSE,4,0.584588880627351,0.480736100784189,0.000820540642227863,0.00155205766333818,684.777371260962,0.999999918608821,5,1013.98200000002,"troot((x4*x6)*x4)","troot(x4*x4)","x6",1,0.935076911536633,0.220179478442938
"S5",10,FALSE,FALSE,FALSE,FALSE,12,0.425980874552731,0.425980874552731,0.0333832157806777,0.189777265251242,460.585016678996,0.998783113693879,12,1079.598,"(x4*x4)*x7","x10","x2*x4",1,1,1
"S6",10,FALSE,FALSE,FALSE,FALSE,6,0.478993243115308,0.478993243115308,0.00174392497170668,0.00314929637677797,683.899347257496,0.999999664888985,6,1038.34599999996,"troot(x4*x4)","troot(x4*x4)*x9","x7*((troot(x4*x4)*x9)*sin_deg(x7))",1,1,1
