"Experiment","Run","F1","F2","F3","F4","Count_FP","Correlation","Correlation_FP","MAE","RMSE","LMP","R2","Count_P","Time","First","Second","Third","FirstM","SecondM","ThirdM"
"S1",8,FALSE,FALSE,FALSE,FALSE,5,0.58407742397289,0.58407742397289,0.00147781295376112,0.00252352984879401,698.126686852167,0.999999784831581,5,1889.314,"troot(x4*x4)*x7","x9*troot(x4*x4)","troot(x4*x4)",1,1,1
"S2",8,TRUE,FALSE,FALSE,FALSE,3,0.782114214660598,0.709485619547464,0.000895139134304084,0.00184926135873829,687.684548542455,0.999999884453119,4,2372.783,"troot((x6*x4)*x4)","x4","x6*x4",1,0.999999999999999,0.999999999999998
"S3",8,TRUE,FALSE,FALSE,FALSE,3,0.782114114595216,0.709485486126955,0.000895819860407279,0.00185557272879005,682.751532613054,0.99999988366307,4,1934.301,"troot(x6*x4)*troot(x4)","x4","x7*x4",1,1,0.999999942736867
"S4",8,TRUE,FALSE,FALSE,FALSE,2,0.995239647353662,0.992859471030492,0.000829686728371335,0.00180509998227021,682.751532613054,0.999999889905871,3,2354.298,"troot(x4)*troot(x4*x6)","x4","x4*x7",1,1,0.999999998562476
"S5",8,FALSE,FALSE,FALSE,FALSE,11,0.330331376163339,0.330331376163339,0.0350278891429987,0.224483323595112,567.098836933228,0.998297332669262,11,2562.687,"troot(x4)*p0(x4)","troot(((troot(x4)*p0(x4))*x4)*troot(x4))","x4",1,1,1
"S6",8,FALSE,FALSE,FALSE,FALSE,4,0.537075438630361,0.537075438630361,0.000918250097431612,0.00159003303340285,683.955183587772,0.999999914577175,4,2434.094,"troot(x4*x4)","x6*troot(x4*x4)","x9",1,1,0.57451903183963
