"Experiment","Run","F1","F2","F3","F4","Count_FP","Correlation","Correlation_FP","MAE","LMP","R2","Count_P","Time","First","Second","Third","FirstM","SecondM","ThirdM"
"P1",30,FALSE,FALSE,FALSE,FALSE,4,0.394565264519246,0.394565264519246,0.00181613307537295,626.905644940331,0.999999648701596,4,NA,"troot((troot(x7)*(x9*x4))*x4)","troot(x4*x4)","x7",0.999999999898966,0.999999701126695,0.999304232866118
"P2",30,FALSE,TRUE,FALSE,FALSE,2,0.664571385450879,0.496857254447978,5.70064610120343e+239,698.05808829132,-Inf,3,NA,"troot(x4*(x4*x9))","troot(x4*(x7*x4))*x6","p3(x5)",0.999999815071505,0.999999815071505,0.999999246248857
"P3",30,FALSE,FALSE,FALSE,FALSE,11,0.692338353325024,0.692338353325024,0.204791862406692,617.857495622736,0.927041280101248,11,NA,"x4","x2*x4","x4*(x4*exp_dbl(x3))",1,1,1
"P4",30,FALSE,FALSE,FALSE,FALSE,4,0.537075438630361,0.537075438630361,2.83665037124264e+260,683.955183587772,-Inf,4,NA,"troot(x4*x4)","x6*troot(x4*x4)","x9",0.999999999998844,0.988729290587296,0.543999825949196
"P5",30,FALSE,FALSE,FALSE,FALSE,3,0.368288483911306,0.368288483911306,NA,647.338963481653,NA,3,NA,"troot(1+((x2*x8)+(x6*(x4*x4))))","x5","x4*(x2*x8)",0.999999999999999,0.923103632934639,0.912594628300957
"P6",30,FALSE,FALSE,FALSE,FALSE,3,0.641499520354309,0.641499520354309,0.00105302795028248,654.212853059608,0.999999847161205,3,NA,"troot(((x4*x6)*x6)*x4)","troot(((x4*x6)*x6)*x4)*x6","x6",1,0.999999999991563,0.998113673624863
