"Experiment","Run","F1","F2","F3","F4","Count_FP","Correlation","Correlation_FP","MAE","RMSE","LMP","R2","Count_P","Time","First","Second","Third","FirstM","SecondM","ThirdM"
"S1",11,TRUE,FALSE,FALSE,FALSE,0,1,NA,0.0321608796892537,0.0330016651408598,-94.5244319535552,0.999963201226621,1,2420.68699999998,"troot((x6*x4)*x4)","NA","NA",1,"NA","NA"
"S2",11,TRUE,FALSE,FALSE,FALSE,2,0.276981452303876,-0.0845278215441859,0.0333814608253567,0.0426791734036669,-94.5244319535552,0.999938454878274,3,2194.28899999999,"troot((x4*x6)*x4)","x2","x6",1,0.378243638000132,0.154657144046407
"S3",11,TRUE,FALSE,FALSE,FALSE,1,0.50221070672575,0.00442141345149907,0.0314698368997138,0.0345122791460073,-99.6543306684783,0.999959755279382,2,2279.98099999997,"troot(x6)*troot(x4*x4)","x10","NA",0.998759141855166,0.30213144565534,"NA"
"S4",11,FALSE,FALSE,FALSE,FALSE,4,0.267238121297937,0.267238121297937,0.0360278080459183,0.0514995442190684,-96.7669448270559,0.999910387538501,4,2194.66600000003,"troot(x4*x4)","x4*x2","x6",1,0.952939422870795,0.192687405029917
"S5",11,FALSE,FALSE,FALSE,FALSE,3,0.404503775670354,0.404503775670354,0.0388983710451251,0.0607507083598213,-96.7669448270559,0.999875300610203,3,2138.47399999999,"troot(x4*x4)","x2*x4","x10",1,0.973940076921738,0.177297434717188
"S6",11,FALSE,FALSE,FALSE,FALSE,3,0.371839007534399,0.371839007534399,0.0400821823345384,0.0619530704999901,-96.7669448270558,0.999870315728386,3,2267.66399999999,"troot(x4*x4)","x4*x2","x2",1,0.98051375541138,0.178045655580489
