"Experiment","Run","F1","F2","F3","F4","Count_FP","Correlation","Correlation_FP","MAE","LMP","R2","Count_P","Time","First","Second","Third","FirstM","SecondM","ThirdM"
"P5",2,FALSE,FALSE,FALSE,FALSE,19,0.540367989838717,0.540367989838717,0.00891003331279328,587.467258292908,0.999922617189353,19,NA,"troot(x4)","x9*x4","x6",1,0.999998297295698,0.99997482990084
"P1",2,FALSE,FALSE,FALSE,FALSE,4,0.516812614245192,0.516812614245192,0.000973107303304583,683.748086912524,0.999999913530829,4,NA,"troot(x4*x4)","x6*troot(x4*x4)","x5",1,0.999999999999965,0.390928220580244
"P2",2,FALSE,TRUE,FALSE,FALSE,3,0.476433377067405,0.301911286937646,0.00130519857912673,686.265971629195,0.99999986512111,4,NA,"troot(x4*(x9*x4))","(x6*(troot(x4*(x9*x4))*x9))*x7","x1*x4",0.919774259882157,0.919774259882157,0.919773449629676
"P3",2,FALSE,FALSE,FALSE,FALSE,11,0.363692966003939,0.363692966003939,0.011190246365308,630.879118478442,0.999811883561451,11,NA,"troot(x4)*troot(x4)","x7","(x7*(troot(x4)*troot(x4)))*x6",0.878373191242911,0.87837319123398,0.8783729946078
"P4",2,FALSE,FALSE,FALSE,FALSE,4,0.537075438630361,0.537075438630361,0.000917216289414228,683.955183587772,0.999999914680514,4,NA,"troot(x4*x4)","x6*troot(x4*x4)","x9",1,0.99999998308439,0.571517972042631
"P6",2,FALSE,FALSE,FALSE,FALSE,6,0.543068673440582,0.543068673440582,0.00166425242675387,684.270053827115,0.999999699892815,6,NA,"troot(x4*x4)","x9*troot(x4*x4)","(x9*(troot(x4*x4)*x7))*x7",1,1,1
