"Experiment","Run","F1","F2","F3","F4","Count_FP","Correlation","Correlation_FP","MAE","LMP","R2","Count_P","Time","First","Second","Third","FirstM","SecondM","ThirdM"
"P5",2,FALSE,FALSE,FALSE,FALSE,10,0.522202805805722,0.522202805805722,0.0163760156207057,587.467258292908,0.999668867532332,10,384.140000000014,"troot(x4)","troot(troot(x4))","x4*x4",1,1,1
"P1",2,FALSE,FALSE,FALSE,FALSE,9,0.448503837316626,0.448503837316626,0.0178412514023165,582.224321866797,0.999597298670927,9,606.340000000026,"troot(1+((x4*x4)*troot(x4)))","x4","x4*(x3*x3)",1,1,1
"P2",2,FALSE,FALSE,FALSE,FALSE,2,0.999997846396447,0.999997846396447,0.000990966443278872,673.488289482678,0.999999907620005,2,645.020000000019,"troot(x4)*troot(x4)","(troot(x4)*troot(x4))*x6","NA",1,1,"NA"
"P3",2,FALSE,FALSE,FALSE,FALSE,5,0.177888798610746,0.177888798610746,0.00359185675200158,495.165574323795,0.9999988037263,5,569.47000000003,"sin_deg(x6)","x8*(troot(1+(x4+(sin_deg(x4*x4)+((x4*x4)+x6))))*x7)","troot(1+(x4+(sin_deg(x4*x4)+((x4*x4)+x6))))",1,1,1
"P4",2,FALSE,FALSE,FALSE,FALSE,4,0.537075438630361,0.537075438630361,0.000917216289414226,683.955183587772,0.999999914680514,4,680.800000000047,"troot(x4*x4)","x6*troot(x4*x4)","x9",1,0.99999998308439,0.571517972042631
"P6",2,FALSE,FALSE,FALSE,FALSE,6,0.543068673440582,0.543068673440582,0.00166425242675387,684.270053827115,0.999999699892815,6,659.960000000079,"troot(x4*x4)","x9*troot(x4*x4)","(x9*(troot(x4*x4)*x7))*x7",1,1,1
