"Experiment","Run","F1","F2","F3","F4","Count_FP","Correlation","Correlation_FP","MAE","LMP","R2","Count_P","Time","First","Second","Third","FirstM","SecondM","ThirdM"
"P5",2,FALSE,FALSE,FALSE,FALSE,12,0.577857018387693,0.577857018387693,0.00644457338694091,587.085143386116,0.999970842069931,12,425.589999999997,"sigmoid(troot(x4))","troot(x4)","troot(x4)*x4",1,1,1
"P1",2,FALSE,FALSE,FALSE,FALSE,11,0.707020481598625,0.707020481598625,0.128399636446568,566.008993595311,0.970667586890421,11,574.98000000004,"x4","troot(1+((troot(x4)*x4)+(((troot(x4)*x4)*x4)+(x6+exp_dbl((x2*x4)*x4)))))","x6",1,1,1
"P2",2,FALSE,TRUE,FALSE,FALSE,3,0.476433377067405,0.301911286937646,0.00135023764625195,686.265971629195,0.999999855774718,4,604.580000000016,"troot(x4*(x9*x4))","(x6*(troot(x4*(x9*x4))*x9))*x7","x1*x4",1,1,0.999999119074629
"P3",2,FALSE,FALSE,FALSE,FALSE,5,0.234765108780472,0.234765108780472,0.00133087533566394,628.902004563989,0.999999868883682,5,577.650000000023,"troot(1+((x4*(x6*x4))+(((x6*x4)*troot(troot(x4)))+x7)))","x5","x2*x4",1,0.999970844333014,0.998157318842191
"P4",2,FALSE,TRUE,FALSE,FALSE,8,0.579490761698512,0.52692715097874,0.00869186322156291,633.109550040623,0.99993297348105,9,587.160000000033,"(x4*x7)*(troot(x9*x4)*troot(x4))","troot(x9*x4)*troot(x4)","x4*x7",1,1,1
"P6",2,FALSE,FALSE,FALSE,FALSE,6,0.210866538160429,0.210866538160429,0.00175918494474453,634.973974950293,0.999999564490709,6,626.339999999967,"troot(1+((x10*x4)+((x6*x4)*x4)))","x10","x3*x4",1,1,1
