"Experiment","Run","F1","F2","F3","F4","Count_FP","Correlation","Correlation_FP","MAE","LMP","R2","Count_P","Time","First","Second","Third","FirstM","SecondM","ThirdM"
"P5",2,FALSE,FALSE,FALSE,FALSE,10,0.352273822152091,0.352273822152091,0.0220296552178572,409.804683318928,0.999684751935161,10,502.339999999997,"sigmoid(troot(x4))*troot(x4)","x4","sin_deg(x4)*(x4*(x10*x8))",1,1,1
"P1",2,FALSE,FALSE,FALSE,FALSE,4,0.516812614245192,0.516812614245192,0.000973107303304619,683.748086912524,0.999999913530829,4,543.47000000003,"troot(x4*x4)","x6*troot(x4*x4)","x5",1,1,0.390928220580257
"P2",2,TRUE,FALSE,FALSE,FALSE,4,0.372567665350482,0.215709581688102,0.00082223219717163,679.647472546039,0.999999909821377,5,576.599999999977,"troot((x4*x6)*x4)","troot(x4)*troot(x4)","x6",0.998136440804501,0.995413520371457,0.25364639983039
"P3",2,FALSE,FALSE,FALSE,FALSE,12,0.445216755135604,0.445216755135604,0.0037560018432112,615.566886376371,0.999993114420821,12,537.75,"x4","troot(x4)*troot(x4)","x8*(x2*x4)",1,1,1
"P4",2,FALSE,FALSE,FALSE,FALSE,12,0.630703777316959,0.630703777316959,0.00741473875257166,541.767368947246,0.999968009376702,12,669.660000000033,"troot(1+((troot(x4)*x6)+troot(1+x4)))","x6","x4",1,1,1
"P6",2,FALSE,FALSE,FALSE,FALSE,9,0.742396139104447,0.742396139104447,0.0395985897380959,602.557794165217,0.997385139387686,9,581.489999999991,"troot(x4)*troot(troot(x4)*x4)","troot(x4*(x6*x6))","x4",1,1,1
