"Experiment","Run","F1","F2","F3","F4","Count_FP","Correlation","Correlation_FP","MAE","RMSE","LMP","R2","Count_P","Time","First","Second","Third","FirstM","SecondM","ThirdM"
"S1",31,FALSE,FALSE,FALSE,FALSE,11,0.798699446700222,0.798699446700222,0.0808423225587131,0.580003095415593,659.745050698971,0.988633617714611,11,2010.718,"x4","x4*p0(x4)","troot(x4*(x4*p0(x4)))",1,1,1
"S2",31,FALSE,FALSE,FALSE,FALSE,6,0.510571219560542,0.510571219560542,0.00148317181686891,0.00244185491502922,696.794670929409,0.999999798534193,6,2007.328,"x7*troot(x4*x4)","x9*troot(x4*x4)","troot(x4*x4)",1,1,1
"S3",31,FALSE,FALSE,FALSE,FALSE,3,0.547638320953985,0.547638320953985,4.69515100033601e+290,Inf,670.057003347804,-Inf,3,2363.792,"troot(x6*x4)*troot(x6*x4)","troot(x4)*troot(x4)","x3",1,1,0.109760163052164
"S4",31,FALSE,FALSE,FALSE,FALSE,15,0.30363423656421,0.30363423656421,0.062960379498533,0.400054406182495,484.073110893936,0.994592459858285,15,1948.568,"troot(x3*x4)","x4","x3*troot(x4*(x3*x4))",1,1,1
"S5",31,FALSE,FALSE,FALSE,FALSE,5,0.414331498166861,0.414331498166861,0.00105902423838809,0.00212344052702572,654.212853059608,0.999999847650217,5,2366.291,"troot(((x4*x6)*x4)*x6)","x6*troot(((x4*x6)*x4)*x6)","x6",1,1,0.998459735009706
"S6",31,FALSE,FALSE,FALSE,FALSE,8,0.830107981611877,0.830107981611877,15.2854657216851,112.307574856768,648.704183676506,-425.166918674472,8,2671.181,"p3(p3(p0(x4*x9)))","p3(p3(p0(x4*x9)))*troot(x4*x7)","p3(x5*x4)",1,1,1
