"Experiment","Run","F1","F2","F3","F4","Count_FP","Correlation","Correlation_FP","MAE","RMSE","LMP","R2","Count_P","Time","First","Second","Third","FirstM","SecondM","ThirdM"
"S1",2,FALSE,FALSE,FALSE,FALSE,2,0.604544956779782,0.604544956779782,0.0389617492556416,0.0601858522804074,-101.896843541979,0.999877608723147,2,2135.81599999999,"x2*x4","troot((x4*x4))","NA",0.999966682604334,0.999962338499683,"NA"
"S2",2,FALSE,FALSE,FALSE,TRUE,2,0.276981092777318,-0.0845278215441859,0.0460516849402573,0.0803758845356046,-94.3406692127019,0.999781720391287,3,2329.72200000001,"troot(x4*(x4*x7))","x2","x6",1,0.268767945433427,0.15925837481738
"S3",2,FALSE,FALSE,FALSE,FALSE,5,0.582782424944276,0.582782424944276,0.166099153982129,0.715535187766627,-105.167841837259,0.982700895284079,5,2208.54299999995,"x8*x4","x10*x4","x4",0.999997644494342,0.987469084208803,0.987459222685325
"S4",2,FALSE,FALSE,FALSE,FALSE,3,0.995239551497518,0.995239551497518,0.0449409997062312,0.0738051563417931,-100.717970320674,0.999815950329214,3,2228.00200000004,"troot(x4*x4)","x4","x6*x4",1,0.999988804372954,0.999987034960279
"S5",2,FALSE,FALSE,FALSE,FALSE,4,0.267238121297937,0.267238121297937,0.0373116844225062,0.0607825620884363,-96.7669448270559,0.999875169807386,4,2274.26300000004,"x2*x4","troot(x4*x4)","x6",0.99999999999556,0.99999999999556,0.211041541246937
"S6",2,FALSE,FALSE,FALSE,FALSE,3,0.985488592981159,0.985488592981159,0.0930401931927833,0.341580821854823,-99.5125191073179,0.996057709766456,3,2303.91700000002,"x10*x4","troot(x4)*x4","x4",1,1,1
