"Experiment","Run","Correlation","MAE","RMSE","LMP","R2","Count_P","Time","First","Second","Third","FirstM","SecondM","ThirdM"
"S1",13,0.892591332598597,2.86326925747595,4.55027262067498,-968.889448538322,0.795640754081741,16,5172.623,"x9*p0(x13)","x11","x8",1,0.999999999999792,0.999999508379723
"S2",13,0.850015202706079,3.25951727468616,6.14418627993305,-965.28799245686,0.627395406003012,19,5136.924,"exp_dbl(x13)*x1","x13*x10","x6",1,0.999999980569849,0.999999726616458
"S3",13,0.800835448225079,3.80163525671789,7.37127954699844,-969.150352810074,0.46370318219596,18,5677.794,"x1","x6*x6","x6*x10",1,1,1
"S4",13,0.815139845334388,3.68210198908733,7.55048973426732,-967.815878520125,0.437309348791302,18,4268.239,"x6","x10*x6","x1*sigmoid(x13)",1,1,0.999999999987107
"S5",13,0.834870791635495,3.4895821196997,6.70488244660209,-961.009007114045,0.55628736800742,22,4588.6,"x1*sigmoid(x13)","x11","x10",1,0.999999999999999,0.999999999999986
"S6",13,0.887400244397453,2.86918568823503,4.64344236127652,-976.959852737854,0.787186303712127,12,3891.071,"x6","x10","x11",1,1,1
