"Experiment","Run","F1","F2","F3","F4","Count_FP","Correlation","Correlation_FP","MAE","LMP","R2","Count_P","Time","First","Second","Third","FirstM","SecondM","ThirdM"
"P1",36,TRUE,FALSE,FALSE,FALSE,2,0.995239780774171,0.992859671161257,0.000812265638410086,687.684548542456,0.999999899338793,3,NA,"troot(x6*(x4*x4))","x4","x4*x6",1,0.948537105103156,0.9434314651682
"P3",36,FALSE,FALSE,FALSE,FALSE,11,0.886184682005533,0.886184682005533,0.0104531242656368,616.122552780343,0.999861442787119,11,NA,"x4","troot(x4)","x6",1,0.999999999999996,0.999999319174019
"P4",36,FALSE,FALSE,FALSE,FALSE,5,0.592525122582957,0.592525122582957,0.0015501199992569,700.057650136979,0.999999803824361,5,NA,"troot(x4*x4)","x7*troot(x4*x4)","troot(x4*x4)*x9",1,0.999999949212409,0.999999949212409
"P5",36,FALSE,FALSE,FALSE,FALSE,6,0.852174445276782,0.852174445276782,0.00116793089339191,612.687055221487,0.999999836523353,6,NA,"x4","troot(x4)*(troot(x4)*p0(troot(x4)))","troot(x4)*p0(troot(x4))",1,0.999999999998924,0.999999999998924
"P6",36,FALSE,FALSE,FALSE,FALSE,3,0.645113672185694,0.645113672185694,0.000974385035924945,683.748086912524,0.999999908598688,3,NA,"troot(x4*x4)","x6*troot(x4*x4)","x7",1,0.999999999523228,0.184334453716011
