"Experiment","Run","F1","F2","F3","F4","Count_FP","Correlation","Correlation_FP","MAE","LMP","R2","Count_P","Time","First","Second","Third","FirstM","SecondM","ThirdM"
"P1",38,FALSE,FALSE,FALSE,FALSE,4,0.391857353162302,0.391857353162302,0.000966260842162242,673.488289482677,0.999999910633656,4,399.236000000001,"troot(x4)*troot(x4)","(troot(x4)*troot(x4))*x6","x3",1,1,0.201944534343833
"P2",38,FALSE,FALSE,FALSE,FALSE,3,0.547637388260404,0.547637388260404,0.000969009709324558,683.748086912524,0.999999909980248,3,386.663999999997,"troot(x4*x4)","troot(x4*x4)*x6","x3",1,1,0.177834243313674
"P3",38,FALSE,FALSE,FALSE,FALSE,3,0.64150431355363,0.64150431355363,0.00098367931953618,683.748086912524,0.999999908888962,3,373.754000000001,"troot(x4*x4)","troot(x4*x4)*x6","x6",1,1,0.110945695672725
"P4",38,FALSE,FALSE,FALSE,FALSE,14,NA,NA,2.13507020350165e+303,396.339001002666,-Inf,14,408.52900000001,"((x2*x4)*x10)*(x4*x10)","x4*x10","x4",1,1,1
"P5",38,FALSE,FALSE,FALSE,FALSE,8,0.699474663488652,0.699474663488652,0.00289994898837514,582.543011376775,0.999996068163294,8,455.418000000005,"x4*x9","p0(x4*x6)","troot((x9*(x4*p0(x4)))*x4)",1,1,1
"P6",38,FALSE,FALSE,FALSE,FALSE,12,0.646966754336681,0.646966754336681,0.200801030062294,580.250294641364,0.927907021639791,12,432.95199999999,"p3(troot(x4)*p0(x4))","x8*(x4*x4)","(troot(x4)*p0(x4))*x9",1,1,1
