"Experiment","Run","F1","F2","F3","F4","Count_FP","Correlation","Correlation_FP","MAE","LMP","R2","Count_P","Time","First","Second","Third","FirstM","SecondM","ThirdM"
"P1",38,FALSE,FALSE,FALSE,FALSE,11,0.629752837962845,0.629752837962845,0.031542440997246,382.558179373381,0.998737830097239,11,367.926000000003,"sin_deg(troot(1+(1+(x4+x2))))*x4","x2*x4","x4",1,1,1
"P2",38,FALSE,FALSE,FALSE,FALSE,13,0.778637267123418,0.778637267123418,0.00828080214611466,600.299347575329,0.999928057420729,13,429.280999999995,"troot(x4)*troot(x4*troot(x4))","x4","troot(x4*troot(x4))",1,1,1
"P3",38,FALSE,FALSE,FALSE,TRUE,12,0.81436582959913,0.798896405280696,0.423681756354951,602.83998620999,0.678440270270977,13,402.405999999995,"troot(x4)*(x10*x4)","x10*x4","x4",1,1,1
"P4",38,FALSE,TRUE,FALSE,FALSE,5,0.310308718088834,0.172370532215264,0.0019428987452224,679.711590347084,0.999999672445818,6,417.171999999991,"x6*troot((x4*x9)*x4)","troot((x4*x9)*x4)","x7*x5",1,1,0.999999999997946
"P5",38,FALSE,FALSE,FALSE,FALSE,10,0.524116031629163,0.524116031629163,0.00372609093874179,589.890009913712,0.999997471917659,10,397.466,"x4*x9","x7","troot(x4)",1,1,1
"P6",38,FALSE,FALSE,FALSE,FALSE,3,0.664575296486038,0.664575296486038,0.00163434246278832,605.599974694058,0.999999844495336,3,377.481,"troot(1+(x5+((x4*x4)+x1)))","x6*troot(1+(x5+((x4*x4)+x1)))","p3(x5)",1,1,0.431508807823898
