"Experiment","Run","F1","F2","F3","F4","Count_FP","Correlation","Correlation_FP","MAE","RMSE","LMP","R2","Count_P","Time","First","Second","Third","FirstM","SecondM","ThirdM"
"S1",10,TRUE,FALSE,FALSE,FALSE,1,0.467672661882095,-0.0646546762358107,0.0318783434344272,0.0332131065524313,-94.5244319535552,0.999962728177139,2,689.592,"troot(x6*(x4*x4))","x7","NA",0.99999996157339,0.119551735256287,"NA"
"S2",10,FALSE,FALSE,FALSE,FALSE,4,0.790268183929891,0.790268183929891,0.0562495322417991,0.144007034905614,-104.667556857871,0.999299304944877,4,759.814,"x4","x2*x4","x4*x4",0.999999999987432,0.999942373042401,0.999786512753971
"S3",10,FALSE,FALSE,FALSE,FALSE,3,0.733983070416538,0.733983070416538,0.038881970700479,0.0592767202391208,-96.7669448270558,0.999881278337813,3,775.232,"troot(x4*x4)","x2*x4","x4",1,0.958490631177184,0.116144211376092
"S4",10,FALSE,FALSE,FALSE,FALSE,4,0.740221798098744,0.740221798098744,0.0921675453741322,0.340079232642629,-99.5125191073178,0.996092294196302,4,790.839,"x4","x10*x4","troot(x4)*x4",0.999999999791784,0.995192947458492,0.989042729791933
"S5",10,FALSE,FALSE,FALSE,FALSE,3,0.295548172262786,0.295548172262786,0.0369077643715277,0.0634963284401367,-101.646585233027,0.999863774357995,3,668.719,"troot(x4*x4)","x4*(x2*x8)","x6",1,0.99999998154019,0.22596403263899
"S6",10,FALSE,FALSE,FALSE,FALSE,2,0.604544956779782,0.604544956779782,0.0389615422472274,0.0601943196627459,-96.7669448270558,0.999877574282939,2,767.056,"troot(x4*x4)","x2*x4","NA",1,0.999991156144319,"NA"
