"Experiment","Run","F1","F2","F3","F4","Count_FP","Correlation","Correlation_FP","MAE","RMSE","LMP","R2","Count_P","Time","First","Second","Third","FirstM","SecondM","ThirdM"
"S1",6,FALSE,FALSE,FALSE,FALSE,2,0.604544956779782,0.604544956779782,0.0389872249909484,0.0612891493256893,-96.7669448270559,0.999873080362533,2,2088.77600000001,"troot(x4*x4)","x2*x4","NA",1,0.99999386228373,"NA"
"S2",6,FALSE,FALSE,FALSE,TRUE,1,0.996429109555188,0.992859297690051,0.0438489480336963,0.0770493250061777,-94.3406692127019,0.999799414602846,2,2198.554,"troot(x4*(x7*x4))","x4","NA",1,0.17653885339983,"NA"
"S3",6,FALSE,FALSE,FALSE,FALSE,3,0.284002128515961,0.284002128515961,0.038253101246673,0.0597911839840937,-96.7669448270559,0.999879208620082,3,2305.56900000002,"troot(x4*x4)","x4*x2","x3",0.999999974350383,0.999958730058344,0.104391019250434
"S4",6,FALSE,FALSE,FALSE,TRUE,2,0.665759877520625,0.498640355570775,0.0446494911389028,0.0796318350842217,-94.3406692127019,0.999785742968347,3,2351.41999999998,"troot(x4*(x4*x7))","x10","x4",1,0.190016407213653,0.130760254892159
"S5",6,FALSE,FALSE,FALSE,FALSE,2,0.604544956779782,0.604544956779782,0.0389929996214539,0.0605084624883091,-96.7669448270559,0.999876293115,2,2219.57199999999,"troot(x4*x4)","x4*x2","NA",1,0.986258704745808,"NA"
"S6",6,FALSE,FALSE,FALSE,TRUE,2,0.665759877520625,0.498640355570775,0.0438498823701763,0.076981730997038,-94.3406692127019,0.999799766388508,3,2183.12100000004,"troot(x4*(x4*x7))","x10","x4",1,0.188993916113206,0.130221179230152
