"Experiment","Run","F1","F2","F3","F4","Count_FP","Correlation","Correlation_FP","MAE","LMP","R2","Count_P","Time","First","Second","Third","FirstM","SecondM","ThirdM"
"P1",3,FALSE,FALSE,FALSE,FALSE,2,0.984008608849547,0.984008608849547,0.257552978251293,-38.349774074753,0.962957270062503,2,2.53,"x4","x4*x4","NA",1,1,"NA"
"P2",3,FALSE,FALSE,FALSE,FALSE,2,0.59051711604176,0.59051711604176,0.5846417842145,-110.904559202026,0.882212148509157,2,1.369,"troot(x4)","x4*x2","NA",1,1,"NA"
"P3",3,FALSE,FALSE,FALSE,FALSE,10,0.34958046314824,0.34958046314824,0.30192419297603,-41.3051196252664,0.938606381256076,10,2.80499999999999,"p3(x4)","x9*x4","p3(x4)*x4",0.999999999994671,0.999999879063848,0.999998911960427
"P4",3,FALSE,FALSE,FALSE,FALSE,7,0.177181672886103,0.177181672886103,0.296716697720973,-60.1893893729279,0.948869664119289,7,1.48399999999999,"p3(x4*x2)","x4","x4*x2",1,1,1
"P5",3,FALSE,FALSE,FALSE,FALSE,6,0.0868567212953815,0.0868567212953815,0.50384887435639,-127.858179371478,0.975980036350263,6,1.959,"x4","x9","x10",1,1,1
"P6",3,FALSE,FALSE,FALSE,FALSE,2,0.984008608921335,0.984008608921335,0.293616646068198,-47.1766107996417,0.945160598029769,2,1.81,"x4","x4*(x4*x9)","NA",1,1,"NA"
