"Experiment","Run","F1","F2","F3","F4","Count_FP","Correlation","Correlation_FP","MAE","LMP","R2","Count_P","Time","First","Second","Third","FirstM","SecondM","ThirdM"
"P1",3,FALSE,FALSE,FALSE,FALSE,2,0.982401464192023,0.982401464192023,0.224185199440812,-31.5762099246959,0.991624600106884,2,1.975,"troot(x4)","x4","NA",1,0.913216236113618,"NA"
"P2",3,FALSE,FALSE,FALSE,FALSE,4,0.484851908795849,0.484851908795849,0.620850169682275,-135.470054805138,0.937932206687753,4,1.489,"(x6*x8)*x7","x4","x5*x8",1,1,0.999999991634843
"P3",3,FALSE,FALSE,FALSE,FALSE,2,0.983128295796468,0.983128295796468,0.23248022164409,-61.4169401236078,0.990129500460153,2,1.94799999999999,"troot(1+(x2+(x4+x10)))","x4","NA",1,0.999999999946217,"NA"
"P4",3,FALSE,FALSE,FALSE,FALSE,5,-0.212997510286804,-0.212997510286804,0.426200867823445,-104.057212583967,0.892888544094933,5,1.626,"x9","pm05(1+(x6+(x9+(x4+(x8*x4)))))","x8*x4",1,1,0.999999999999954
"P5",3,FALSE,FALSE,FALSE,FALSE,5,0.357701010041653,0.357701010041653,5.81381768724255e+286,-123.118310908056,-Inf,5,2.38499999999999,"x4","x8","sin(x7)*x4",1,1,1
"P6",3,FALSE,FALSE,FALSE,FALSE,4,0.228799670584053,0.228799670584053,366.091037391873,-121.03263286848,-243754.208782361,4,1.95699999999999,"x4","x8*x6","x8",1,0.999986891183898,0.999876803737088
