"Experiment","Run","F1","F2","F3","F4","Count_FP","Correlation","Correlation_FP","MAE","RMSE","LMP","R2","Count_P","Time","First","Second","Third","FirstM","SecondM","ThirdM"
"S1",8,FALSE,FALSE,FALSE,FALSE,4,0.48252037151739,0.48252037151739,0.000919288850430518,0.00161653746191979,683.81122596715,0.999999911705595,4,2499.21500000003,"x6*troot(x4*x4)","troot(x4*x4)","x9",1,1,0.579185508746095
"S2",8,FALSE,TRUE,FALSE,FALSE,4,0.465090986818457,0.3313638216589,0.00135278506368086,0.00208594825991182,695.628405985769,0.999999852982613,5,2498.69900000002,"troot(x4*(x9*x4))","x6*troot(x4*(x7*x4))","x5",1,1,0.692137553833231
"S3",8,FALSE,FALSE,FALSE,FALSE,4,0.457734979059521,0.457734979059521,0.000909635692395077,0.0018293412538234,664.145265943882,0.999999886929037,4,2451.14000000001,"(x6*troot(x4))*troot(x4)","troot((x6*x4)*(x6*x4))","x6",1,1,0.89168054022599
"S4",8,FALSE,FALSE,FALSE,FALSE,5,0.600529492068939,0.600529492068939,0.00172078997536043,0.00242277683103808,694.413008035452,0.999999801669978,5,2336.23400000005,"troot(x4*x4)","x9*troot(x4*x4)","x7*troot(x4*x4)",1,1,1
"S5",8,FALSE,TRUE,FALSE,FALSE,4,0.366050151227523,0.207562777170233,0.00133855561228332,0.00204833601355354,686.265971629195,0.999999858236627,5,2432.95699999999,"troot(x4*(x9*x4))","(x7*(x9*troot(x4*(x9*x4))))*x6","x4*x1",1,0.99999995906289,0.999999080411881
"S6",8,TRUE,FALSE,FALSE,FALSE,3,0.747535188943503,0.663380251924671,0.00083725736056885,0.00181050251094634,687.684548542455,0.999999889245878,4,2320.103,"troot((x6*x4)*x4)","x4","x6*x4",1,0.999999999067879,0.999999999001962
