"Experiment","Run","F1","F2","F3","F4","Count_FP","Correlation","Correlation_FP","MAE","LMP","R2","Count_P","Time","First","Second","Third","FirstM","SecondM","ThirdM"
"P1",21,FALSE,FALSE,FALSE,FALSE,9,0.339125433314465,0.339125433314465,6.0073967599707e+281,641.328163713304,-Inf,9,NA,"x8*x4","troot(x4*x4)","x4*(x8*x4)",0.999999999999998,0.999999999999998,0.999999999999998
"P2",21,FALSE,FALSE,FALSE,FALSE,6,0.653296354872146,0.653296354872146,0.00154481992768125,686.462219760741,0.99999980137067,6,NA,"troot(x4*x4)","x2*troot(x4*x1)","troot(x4*x4)*x9",0.981771542114825,0.866856244396314,0.866856244396226
"P3",21,FALSE,FALSE,FALSE,FALSE,8,0.306814999013092,0.306814999013092,0.00159144440461039,676.932819976938,0.999999786737874,8,NA,"troot(x4*x4)","x9*troot(x4*x4)","x7*(x9*troot(x4*x4))",1,1,1
"P4",21,FALSE,FALSE,FALSE,FALSE,3,0.714244403037591,0.714244403037591,NA,673.488289482677,NA,3,NA,"troot(x4)*troot(x4)","x6*(troot(x4)*troot(x4))","x5",0.999999999999821,0.999999999917165,0.39562479199686
"P5",21,FALSE,FALSE,FALSE,FALSE,10,0.884114148461625,0.884114148461625,0.481719341978802,624.619825847592,0.580806502600554,10,NA,"troot(x4)*troot(x4)","x7*x4","(x7*x4)*(x5*x4)",1,0.999999999985723,0.999999999985723
"P6",21,FALSE,FALSE,FALSE,FALSE,6,0.490639548850475,0.490639548850475,0.00162200517014025,696.004625273762,0.999999630029744,6,NA,"troot(x4*x4)","x9*troot(x4*x4)","troot(x4*x4)*(x7*x7)",1,0.999994152214594,0.999994152214594
