"Experiment","Run","F1","F2","F3","F4","Count_FP","Correlation","Correlation_FP","MAE","LMP","R2","Count_P","Time","First","Second","Third","FirstM","SecondM","ThirdM"
"P1",21,FALSE,FALSE,FALSE,FALSE,10,NA,NA,9.36817149253758e+300,597.134720517374,-Inf,10,427.906000000001,"troot(x4*((troot(x4)*x4)*sigmoid(x8)))","x4*sigmoid(x8)","x4",1,1,1
"P2",21,TRUE,FALSE,FALSE,FALSE,3,0.524357185739558,0.365809580986078,0.000888922320376156,682.544048809652,0.999999884839108,4,395.287,"troot(x4)*troot(x4*x6)","x8*x4","x4",1,1,0.999339443129468
"P3",21,FALSE,FALSE,FALSE,FALSE,10,0.799610512690536,0.799610512690536,0.0445179506242196,467.328573026757,0.996802124421917,10,457.571000000004,"x9*x4","x4","troot(1+(x9*x4))*(x9*x4)",1,1,1
"P4",21,FALSE,FALSE,FALSE,FALSE,3,0.714244403037591,0.714244403037591,0.00098085672891651,673.488289482677,0.99999991234959,3,388.738000000012,"troot(x4)*troot(x4)","x6*(troot(x4)*troot(x4))","x5",1,0.999999999917344,0.395624791996931
"P5",21,FALSE,FALSE,FALSE,FALSE,15,0.383684521087914,0.383684521087914,1.81108585342347,471.905053775218,-4.61011559333903,15,407.554999999993,"troot(x4)*((x2*x4)*x4)","x3","x4",1,1,1
"P6",21,FALSE,FALSE,FALSE,FALSE,6,0.490639548850475,0.490639548850475,0.00162201121608809,696.004625273762,0.999999630026077,6,420.429000000004,"troot(x4*x4)","x9*troot(x4*x4)","troot(x4*x4)*(x7*x7)",1,1,1
