"Experiment","Run","F1","F2","F3","F4","Count_FP","Correlation","Correlation_FP","MAE","LMP","R2","Count_P","Time","First","Second","Third","FirstM","SecondM","ThirdM"
"P1",21,FALSE,FALSE,FALSE,FALSE,8,0.537812619337565,0.537812619337565,0.0369379047058906,566.05276632761,0.998013659928119,8,386.776,"x8*x4","troot(x4*x4)","x3*(x4*x4)",1,1,0.999999995609623
"P2",21,FALSE,FALSE,FALSE,FALSE,3,0.668521412733855,0.668521412733855,0.000930421772735622,683.811225967151,0.999999910991906,3,380.259999999998,"troot(x4*x4)","x6*troot(x4*x4)","x9",1,1,0.493161524079336
"P3",21,FALSE,FALSE,FALSE,FALSE,8,0.306814999013092,0.306814999013092,0.00159144440461039,676.932819976938,0.999999786737874,8,415.476000000002,"troot(x4*x4)","x9*troot(x4*x4)","x7*(x9*troot(x4*x4))",1,1,1
"P4",21,FALSE,FALSE,FALSE,FALSE,6,NA,NA,NA,585.302276100545,NA,6,408.042000000001,"x4*x6","troot(1+(x3+((x9*((x4*x9)*(x4*x6)))+((x4*x9)+p3(x4)))))","troot(sigmoid(x8)*((x4*x9)*((x4*x9)*x8)))",1,1,1
"P5",21,FALSE,FALSE,FALSE,FALSE,10,0.884114148461625,0.884114148461625,0.481719341985649,624.619825847592,0.580806502588563,10,385.091,"x7*x4","(x7*x4)*(x5*x4)","x10*x4",1,1,1
"P6",21,FALSE,FALSE,FALSE,FALSE,5,0.416729415657127,0.416729415657127,0.00091271593032018,683.955183587773,0.999999915214524,5,376.422000000006,"troot(x4*x4)","x6*troot(x4*x4)","x9",1,0.994775778288089,0.53341224978786
