"Experiment","Run","F1","F2","F3","F4","Count_FP","Correlation","Correlation_FP","MAE","LMP","R2","Count_P","Time","First","Second","Third","FirstM","SecondM","ThirdM"
"P1",33,TRUE,FALSE,FALSE,FALSE,6,0.72820754975557,0.682908808048166,0.0013341906697442,725.572343899142,0.999999810183163,7,NA,"x4","troot((x4*x4)*x6)","x6*x4",1,1,1
"P2",33,FALSE,FALSE,FALSE,FALSE,9,0.455215628835339,0.455215628835339,0.0154700319996384,619.418368695386,0.999746711396285,9,NA,"x4","x4*x2","troot(x4)*troot(x4)",1,1,0.999999999999944
"P3",33,FALSE,FALSE,FALSE,FALSE,14,0.485649902137272,0.485649902137272,NA,582.738426842858,NA,14,NA,"x4","p0(x4)*x4","x8*x4",1,0.999999999999992,0.999963352193255
"P4",33,TRUE,FALSE,FALSE,FALSE,3,0.782114214660598,0.709485619547464,0.000879895969466157,687.684548542455,0.999999890668492,4,NA,"troot(x4*(x4*x6))","x4","x6*x4",0.979634223350919,0.967114528165537,0.96711380268849
"P5",33,FALSE,FALSE,FALSE,FALSE,4,0.537075438630361,0.537075438630361,0.00091815943927975,683.955183587772,0.999999914609117,4,NA,"x6*troot(x4*x4)","troot(x4*x4)","x9",1,1,0.581235449245612
"P6",33,FALSE,TRUE,FALSE,FALSE,5,0.357722951014935,0.229267611726586,0.00190848183077612,687.02626207678,0.999998991620246,6,NA,"x7","troot((x9*x4)*x4)","x7*x9",0.969770977677044,0.963672454065177,0.963672452406185
