"Experiment","Run","F1","F2","F3","F4","Count_FP","Correlation","Correlation_FP","MAE","LMP","R2","Count_P","Time","First","Second","Third","FirstM","SecondM","ThirdM"
"P1",33,FALSE,FALSE,FALSE,FALSE,4,0.518871579906203,0.518871579906203,0.000965562193474134,655.654965799864,0.999999915445977,4,349.9,"troot(x4)*troot(x4)","(troot(x4)*x6)*troot(1+x4)","x5",1,1,0.591522938688058
"P2",33,FALSE,FALSE,FALSE,FALSE,12,0.499993388070254,0.499993388070254,0.0236756443605665,567.460418914167,0.999243635634716,12,374.959999999999,"x9","x4","p3(p0(troot(troot(x4))))",1,1,1
"P3",33,FALSE,FALSE,FALSE,FALSE,10,0.466697373410783,0.466697373410783,0.011045541254748,550.254964364053,0.999891438713529,10,381.241999999998,"troot(troot(x4))*x4","x4","exp_dbl(troot(x4))",1,1,1
"P4",33,FALSE,FALSE,FALSE,FALSE,10,0.699657148578288,0.699657148578288,0.0257826915355536,624.018577532092,0.998920615962919,10,397.873999999996,"x4*p0(x4)","x4","troot(p0(x4))*x4",1,1,1
"P5",33,FALSE,FALSE,FALSE,FALSE,14,0.482944003911885,0.482944003911885,0.0488885135344444,581.722705094523,0.996222994385414,14,385.788,"x4*(x4*troot(x4))","x4","troot(x4)*(x3*x4)",1,1,1
"P6",33,FALSE,FALSE,FALSE,FALSE,3,0.645113672185694,0.645113672185694,0.000976085542394256,683.748086912524,0.999999908638866,3,445.898000000001,"troot(x4*x4)","troot(x4*x4)*x6","x7",1,1,0.16787601405304
