"Experiment","Run","F1","F2","F3","F4","Count_FP","Correlation","Correlation_FP","MAE","RMSE","LMP","R2","Count_P","Time","First","Second","Third","FirstM","SecondM","ThirdM"
"S1",20,FALSE,FALSE,FALSE,FALSE,3,0.371839007534399,0.371839007534399,0.0403124713313817,0.062289374329631,-96.7669448270558,0.999868903960049,3,759.349,"troot(x4*x4)","x2*x4","x2",1,0.999994695872112,0.207845963582638
"S2",20,FALSE,FALSE,FALSE,FALSE,3,0.985488592981159,0.985488592981159,0.093095205792226,0.341815516375652,-99.5125191073178,0.996052290540817,3,753.876,"x4","troot(x4)*x4","x4*x10",0.999999999985142,0.99999997067279,0.991326794687093
"S3",20,TRUE,FALSE,FALSE,FALSE,1,0.453213554521817,-0.0935728909563669,0.0340395707131649,0.044345449811099,-94.5244319535552,0.999933555388757,2,688.081,"troot((x4*x6)*x4)","x2","NA",0.999999999999999,0.40472939241212,"NA"
"S4",20,FALSE,FALSE,FALSE,FALSE,3,0.404503775670354,0.404503775670354,0.0388561443630955,0.0597636505920035,-101.896843541979,0.999879319841518,3,779.015,"troot(x4)*troot(x4)","x4*x2","x10",0.999897874236766,0.979685587032739,0.187433907038874
"S5",20,FALSE,FALSE,FALSE,FALSE,2,0.604544956779782,0.604544956779782,0.0389640292530493,0.0601869567303845,-101.896843541979,0.999877604231185,2,715.729,"troot(x4)*troot(x4)","x2*x4","NA",1,0.999998118193527,"NA"
"S6",20,FALSE,FALSE,FALSE,FALSE,5,0.617730445720596,0.617730445720596,0.222338498157954,1.21451326791026,-112.923043084072,0.950161362258744,5,805.422,"x4","x4*x4","p3(x4)*x8",1,1,0.999999999999995
