"Experiment","Run","F1","F2","F3","F4","Count_FP","Correlation","Correlation_FP","MAE","LMP","R2","Count_P","Time","First","Second","Third","FirstM","SecondM","ThirdM"
"P1",31,FALSE,FALSE,FALSE,FALSE,4,0.719904083482836,0.719904083482836,0.0746174955968917,-109.172338923405,0.998913877976864,4,413.768,"troot(x4)","troot((x9*x4)*troot(x4))","x4",0.999999974935469,0.999997672231957,0.999997655041071
"P2",31,FALSE,FALSE,FALSE,FALSE,3,0.985488592981159,0.985488592981159,0.0920938141490415,-99.5125191073179,0.996067792332715,3,354.57,"x4","x4*x10","x4*troot(x4)",1,0.999999940951972,0.979795604888425
"P3",31,FALSE,FALSE,FALSE,FALSE,8,0.465199849325689,0.465199849325689,0.0491603747178087,-102.237348925172,0.999526886936393,8,416.228999999999,"x4","x4*p0(x4)","x6*x4",1,1,0.999999996306925
"P4",31,FALSE,FALSE,FALSE,FALSE,3,0.37183915154489,0.37183915154489,0.0368262294061473,-105.820360654725,0.999925012099972,3,361.519999999997,"x4*x2","troot(x4*x4)*x9","x2",0.999993803302779,0.993572897596098,0.393953544926954
