"Experiment","Run","F1","F2","F3","F4","Count_FP","Correlation","Correlation_FP","MAE","LMP","R2","Count_P","Time","First","Second","Third","FirstM","SecondM","ThirdM"
"P1",6,FALSE,FALSE,FALSE,FALSE,3,0.985488592981159,0.985488592981159,0.0930784580867686,-99.5125191073178,0.996054548905935,3,354.199,"x4","x10*x4","troot(x4)*x4",1,0.999999999999821,0.999804122624199
"P2",6,TRUE,FALSE,FALSE,FALSE,0,1,NA,0.0321164864776198,-94.5244319535552,0.999963216998229,1,381.670999999998,"troot(x4*(x4*x6))",NA,NA,1,NA,NA
"P3",6,FALSE,FALSE,FALSE,FALSE,6,0.467054600347744,0.467054600347744,0.221538429435369,-113.151803855465,0.952089180800839,6,386.478000000003,"x4*x4","x4","p3(x8*x4)",0.999999985369501,0.999971358246687,0.874439559827287
"P6",6,FALSE,FALSE,FALSE,TRUE,2,0.639125155659457,0.458688272779023,0.0427114733995229,-94.3406692127019,0.999806670855671,3,384.080999999991,"troot(x4*(x4*x7))","x4","x6",1,0.155052201921469,0.133655866777572
