"Experiment","Run","F1","F2","F3","F4","Count_FP","Correlation","Correlation_FP","MAE","RMSE","LMP","R2","Count_P","Time","First","Second","Third","FirstM","SecondM","ThirdM"
"S1",22,FALSE,FALSE,FALSE,FALSE,5,0.585885781836651,0.585885781836651,0.00149316894470163,0.00255361055214558,687.02190325226,0.999999779671355,5,711.017,"(troot(x4)*troot(x4))*x7","troot(x4)*troot(x4)","(troot(x4)*troot(x4))*x9",1,1,1
"S2",22,TRUE,FALSE,FALSE,FALSE,2,0.635475473737891,0.453213210606836,0.000809144650347783,0.00163341836306842,684.777371260963,0.999999909851915,3,860.195,"troot(x4*x4)","troot((x4*x4)*x6)","x2",0.999967601456801,0.998271207511038,0.100719282628428
"S3",22,FALSE,FALSE,FALSE,FALSE,4,0.537075438630361,0.537075438630361,0.000917709733222212,0.00158984321853422,683.955183587772,0.999999914597569,4,723.492,"troot(x4*x4)","x6*troot(x4*x4)","x9",0.999999999999232,0.999999999988818,0.581584940822608
"S4",22,FALSE,FALSE,FALSE,FALSE,15,0.298870749210187,0.298870749210187,1.89428545939646,13.8508164204621,588.449709143543,-5.4820500816467,15,905.598,"x4","x2*x4","exp_dbl(troot(sin_deg(x4)))",1,1,1
"S5",22,TRUE,FALSE,FALSE,FALSE,4,0.824263290370864,0.78032911296358,1.41159876725104e+267,Inf,690.240715647425,-Inf,5,945.244,"troot((x4*x6)*x4)","x4","x4*x6",1,0.999574751312193,0.941879025798721
"S6",22,TRUE,FALSE,FALSE,FALSE,3,0.782114114595216,0.709485486126955,0.000897960654301366,0.00185315388827258,687.881431327976,0.999999883966176,4,793.425,"troot((x6*x4)*x4)","x4*x7","x4",1,0.999996605583146,0.995610892030872
