"Experiment","Run","F1","F2","F3","F4","Count_FP","Correlation","Correlation_FP","MAE","RMSE","LMP","R2","Count_P","Time","First","Second","Third","FirstM","SecondM","ThirdM"
"S1",19,FALSE,FALSE,FALSE,FALSE,4,0.537075438630361,0.537075438630361,0.000928857419007939,0.00159669918584546,683.955183587772,0.99999991385941,4,684.315,"x6*troot(x4*x4)","troot(x4*x4)","x9",1,1,0.589830046452708
"S2",19,FALSE,FALSE,FALSE,FALSE,6,0.772723345342574,0.772723345342574,0.000889152002007815,0.00139908874644743,627.036583906225,0.999999933861832,6,815.808,"troot(x4*x4)","x9*troot(x4*x4)","troot((x3*x4)*x4)*x9",1,1,0.999999999999992
"S3",19,FALSE,FALSE,FALSE,FALSE,5,0.414563800477888,0.414563800477888,0.000958981730880677,0.00160136175561235,673.695386157928,0.999999913355592,5,760.085,"troot(x4)*troot(x4)","x6*(troot(x4)*troot(x4))","x9",1,0.999998024403566,0.655149852721917
"S4",19,FALSE,FALSE,FALSE,FALSE,11,0.778966805382089,0.778966805382089,0.0318796213500566,0.216515130393339,619.608806991189,0.9984160621473,11,813.044,"troot(x4)*p0(x4)","x9*(exp_dbl(x6)*((troot(x4)*x6)*(troot(x4)*p0(x4))))","x4",1,1,1
"S5",19,FALSE,FALSE,FALSE,FALSE,4,0.537075438630361,0.537075438630361,0.000921946922847041,0.00159201867710041,683.955183587772,0.999999914363689,4,792.222,"x6*troot(x4*x4)","troot(x4*x4)","x9",1,1,0.583758161916927
"S6",19,FALSE,FALSE,FALSE,FALSE,8,0.567346548459446,0.567346548459446,0.00270638108007034,0.00455686067687263,585.645407389561,0.999999298394254,8,795.029,"troot(x4)","p3(troot(x4))*x7","troot((p3(troot(x4))*p3(troot(x4)))*troot(x4))*x9",1,1,1
