"Experiment","Run","F1","F2","F3","F4","Count_FP","Correlation","Correlation_FP","MAE","LMP","R2","Count_P","Time","First","Second","Third","FirstM","SecondM","ThirdM"
"P5",23,FALSE,FALSE,FALSE,FALSE,11,0.803104678150568,0.803104678150568,0.0461144504079166,630.253150961932,0.996568936341937,11,NA,"troot(x4*x4)","x4*x4","x7*x4",1,1,1
"P1",23,TRUE,FALSE,FALSE,FALSE,2,0.995239780774171,0.992859671161257,0.000826430795246326,687.684548542456,0.999999893483764,3,NA,"troot(x4*(x4*x6))","x4","x4*x6",0.980858912849951,0.980517262198659,0.974808975972443
"P2",23,FALSE,FALSE,FALSE,FALSE,7,0.456442102620634,0.456442102620634,0.00154130583108888,697.519928711664,0.999999802067826,7,NA,"troot(x4*x4)","x9*troot(x4*x4)","x7*troot(x4*x4)",0.99994036032511,0.99994036032511,0.999929572916824
"P3",23,TRUE,FALSE,FALSE,FALSE,2,0.581862395201627,0.372793592802441,0.00141900087485991,672.400418290715,0.999998753876526,3,NA,"troot(x4)*troot(x6*x4)","x4*x3","x9*(x4*x3)",0.999999999968627,0.982119623824796,0.777945240039807
"P4",23,FALSE,FALSE,FALSE,FALSE,4,0.48252037151739,0.48252037151739,0.00092402374873692,683.81122596715,0.999999911102426,4,NA,"troot(x4*x4)","troot(x4*x4)*x6","x9",0.999999999920481,0.999999999920481,0.522401936324681
"P6",23,FALSE,FALSE,FALSE,FALSE,7,0.456147168744321,0.456147168744321,0.00170907759423971,693.472443118555,0.999999639281117,7,NA,"x5","troot(x4*x4)","troot(x4*x4)*x9",0.998302809904197,0.996944935007536,0.996944935007536
