"Experiment","Run","F1","F2","F3","F4","Count_FP","Correlation","Correlation_FP","MAE","LMP","R2","Count_P","Time","First","Second","Third","FirstM","SecondM","ThirdM"
"P5",23,FALSE,FALSE,FALSE,FALSE,10,0.500892267564614,0.500892267564614,0.0320502406751298,544.635803787573,0.998586276045444,10,570.059999999998,"sigmoid(troot(troot(x4)))","(troot(x4)*(sigmoid(troot(troot(x4)))*(x7*x4)))*x3","x6*(x7*x4)",1,1,1
"P1",23,FALSE,FALSE,FALSE,FALSE,14,0.385830880688662,0.385830880688662,18.4830416728715,419.023510199362,-607.432327393759,14,657.780000000028,"x3","x4","x7",1,1,1
"P2",23,FALSE,FALSE,FALSE,FALSE,6,0.489377595949743,0.489377595949743,0.00162234351279345,695.312635688231,0.999999807115425,6,622.860000000044,"x7*troot(x4*x4)","troot(x4*x4)","x9*troot(x4*x4)",1,1,1
"P3",23,FALSE,FALSE,FALSE,FALSE,7,0.21256181649849,0.21256181649849,0.00164790633335363,648.215354132582,0.999999738762319,7,618.890000000014,"troot((exp_dbl(troot(x8))*x4)*x4)","(x9*troot((x8*x4)*x4))*x6","x5",1,1,0.999997751771722
"P4",23,FALSE,FALSE,FALSE,FALSE,4,0.516809019345701,0.516809019345701,0.00105472862508253,643.953055629763,0.99999984829684,4,665.239999999991,"x6*(troot(x6*x4)*troot(x6*x4))","troot(x6*x4)*troot(x6*x4)","x6",1,1,0.998272224126225
"P6",23,FALSE,FALSE,FALSE,FALSE,6,0.483862439693526,0.483862439693526,0.00171415324117574,677.304385222522,0.999999787997355,6,658.109999999986,"x7*(troot(x4)*troot(x4))","troot(x4)*troot(x4)","(troot(x4)*troot(x4))*x9",1,1,1
