"Experiment","Run","F1","F2","F3","F4","Count_FP","Correlation","Correlation_FP","MAE","RMSE","LMP","R2","Count_P","Time","First","Second","Third","FirstM","SecondM","ThirdM"
"S1",13,FALSE,FALSE,FALSE,FALSE,5,0.581165036346332,0.581165036346332,2.05397711710275e+286,Inf,697.213736987774,-Inf,5,2258.32,"troot(x4*x4)*x7","troot(x4*x4)","troot(x4*x4)*x9",1,1,1
"S2",13,FALSE,FALSE,FALSE,FALSE,6,0.512027737583856,0.512027737583856,0.00148471613388529,0.00252164842578077,702.411599397027,0.9999997851523,6,2084.234,"troot(x4*x4)*x9","troot(x4*x4)","troot(x4*x4)*x7",1,1,1
"S3",13,FALSE,TRUE,FALSE,FALSE,5,0.316522844002416,0.179827483311562,0.00277743430086378,0.0118776156008944,684.258682100767,0.999995233274229,6,2113.205,"troot(x4*(x9*x4))","troot(x4*(x9*x4))*x6","p3(x7)",1,1,0.999999999541038
"S4",13,FALSE,FALSE,FALSE,FALSE,9,0.438302796884159,0.438302796884159,0.001566835047685,0.00236412121300129,671.123767886736,0.999999811156902,9,2349.932,"x9*x4","x9","x4",1,1,1
"S5",13,FALSE,FALSE,FALSE,FALSE,13,0.420662328671153,0.420662328671153,0.196574327033747,1.40179791486149,457.372372188122,0.933605446420428,13,2472.895,"p0((x3*x4)*x10)","(x2*x4)*p0((x3*x4)*x10)","(x3*x4)*x10",1,1,1
"S6",13,FALSE,FALSE,FALSE,FALSE,5,0.416729415657127,0.416729415657127,0.000914481777946278,0.00158510210941594,673.695386157929,0.999999915106171,5,2231.969,"troot(x4)*troot(x4)","x6*(troot(x4)*troot(x4))","x9",1,1,0.532379566666909
