"Experiment","Run","F1","F2","F3","F4","Count_FP","Correlation","Correlation_FP","MAE","LMP","R2","Count_P","Time","First","Second","Third","FirstM","SecondM","ThirdM"
"P1",19,FALSE,FALSE,TRUE,FALSE,6,0.563317871082931,0.49053755098048,459.99206625983,644.366934261531,-386047.319147606,7,371.464,"troot((x9*x4)*(x9*x4))","x7","x9*x7",1,0.999999999999996,0.999999874711325
"P2",19,FALSE,FALSE,FALSE,FALSE,3,0.668139968108379,0.668139968108379,0.000882749420901862,670.057003347804,0.999999910516162,3,352.757000000001,"troot(x4)*troot(x4)","troot(x6*x4)*troot(x6*x4)","x10",1,1,0.103289559391096
"P3",19,FALSE,FALSE,FALSE,FALSE,10,0.537298602920761,0.537298602920761,0.527729839925212,526.851121352341,0.505895043757081,10,465.017999999996,"x4*p0(1+(x3*x4))","x4","p0(x4)",1,1,1
"P4",19,FALSE,FALSE,FALSE,FALSE,13,0.432066962478998,0.432066962478998,0.589566766402026,378.545131900347,0.387319175507737,13,366.120999999999,"p0(x4)","x4","(x4*x3)*x4",1,1,1
"P5",19,FALSE,FALSE,FALSE,FALSE,11,0.563129648166408,0.563129648166408,0.0474894621185132,541.326635399174,0.996941035578679,11,381.15800000001,"p0(x4)","exp_dbl(troot(x4))","x4",1,1,1
"P6",19,FALSE,FALSE,FALSE,FALSE,13,0.748156911401033,0.748156911401033,0.0125560565975735,535.603489713974,0.999774028127802,13,427.903000000006,"troot(x4*(x4*x10))","x4","(p3(p0(1+x4))*p0(x4))*x4",1,1,1
