"Experiment","Run","F1","F2","F3","F4","Count_FP","Correlation","Correlation_FP","MAE","LMP","R2","Count_P","Time","First","Second","Third","FirstM","SecondM","ThirdM"
"P1",19,FALSE,FALSE,FALSE,FALSE,9,0.576091052505162,0.576091052505162,0.0188152882023924,563.831302323769,0.999558400839894,9,443.620000000001,"troot(x4)*troot(x4)","troot(x4)*((x4*x3)*x10)","x7",1,1,1
"P2",19,FALSE,TRUE,FALSE,FALSE,4,0.37804850859831,0.222560723883716,0.00209705286814176,684.554214315403,0.999999589783295,5,441.492999999999,"troot((x9*x4)*x4)","x7*(x9*troot((x9*x4)*x4))","x9*(p3(x8)*x5)",1,1,0.999999999999728
"P3",19,FALSE,FALSE,FALSE,FALSE,11,NA,NA,NA,269.570797776324,NA,11,362.919000000002,"troot(x8*x4)*troot(x8*x4)","x5*(x5*x4)","x5*sigmoid(x8*x4)",1,1,1
"P4",19,FALSE,FALSE,FALSE,FALSE,3,0.668521412733855,0.668521412733855,0.000928422551236797,673.551428537306,0.999999910924482,3,361.140000000014,"(troot(x4)*troot(x4))*x6","troot(x4)*troot(x4)","x9",0.999999999991289,0.999999999990998,0.515779521869685
"P5",19,FALSE,FALSE,FALSE,FALSE,11,0.63352178271988,0.63352178271988,0.0396789828825011,536.737580335764,0.998527841922953,11,580.417999999991,"p3(p0(p3(x4)))","x4*x4","(x9*troot(x4))*x4",1,1,1
"P6",19,FALSE,FALSE,FALSE,FALSE,10,0.688240851784835,0.688240851784835,4.47677241819558,634.044214589136,-35.5324940112526,10,397.606999999989,"x4","p0(x4)","troot(x4)",1,1,1
