"Experiment","Run","F1","F2","F3","F4","Count_FP","Correlation","Correlation_FP","MAE","RMSE","LMP","R2","Count_P","Time","First","Second","Third","FirstM","SecondM","ThirdM"
"S1",23,FALSE,FALSE,FALSE,FALSE,2,0.604544956779782,0.604544956779782,0.0374305711321442,0.0512303759457372,-101.896843541979,0.999911321830124,2,2655.402,"troot(x4)*troot(x4)","x4*x2","NA",1,0.953898682271874,"NA"
"S2",23,FALSE,FALSE,FALSE,TRUE,0,0.999998921420326,NA,0.0445918074060899,0.0761468293170866,-94.3406692127019,0.999804086084368,1,2679.548,"troot((x4*x7)*x4)","NA","NA",0.998115527959034,"NA","NA"
"S3",23,FALSE,FALSE,FALSE,FALSE,5,0.406578713632249,0.406578713632249,0.0377157156962234,0.0598192390728804,-96.7669448270559,0.999879095238553,5,2659.187,"troot(x4*x4)","x4*x2","x6",1,0.981337862082565,0.200370712971189
"S4",23,FALSE,FALSE,FALSE,FALSE,3,0.371839007534399,0.371839007534399,0.0389873154346679,0.0612884300066911,-96.7669448270558,0.999873083341696,3,3010.547,"troot(x4*x4)","x4*x2","x2",0.999999999995109,0.999964716604941,0.16589176113372
"S5",23,TRUE,FALSE,FALSE,FALSE,3,0.463180467330559,0.284240623107412,0.0316742119192676,0.0329531877703744,-94.5244319535552,0.999963309257385,4,2653.976,"troot((x6*x4)*x4)","x6","x7",0.999934638309967,0.109470881882631,0.106482402332599
"S6",23,FALSE,FALSE,FALSE,FALSE,3,0.381478412441251,0.381478412441251,0.0388152443249942,0.0601207165173511,-96.7669448270558,0.999877873494188,3,2224.784,"troot(x4*x4)","x2*x4","x7",1,0.999999999999994,0.16659824440058
