"Experiment","Run","F1","F2","F3","F4","Count_FP","Correlation","Correlation_FP","MAE","LMP","R2","Count_P","Time","First","Second","Third","FirstM","SecondM","ThirdM"
"P5",24,FALSE,FALSE,FALSE,FALSE,13,0.387994999044777,0.387994999044777,0.00277758507348274,586.696263265579,0.999998079321116,13,NA,"x4","x4*x8","troot(x4)",1,1,1
"P1",24,FALSE,FALSE,FALSE,TRUE,7,0.858695204638324,0.838508959383752,0.00227388284076933,652.362521728814,0.999999270047608,8,NA,"x4","x9*x4","x9*(x7*x4)",1,1,1
"P2",24,TRUE,FALSE,FALSE,FALSE,1,0.999999656085019,0.999999312170039,0.000809164025927882,684.777371260963,0.999999909880198,2,NA,"troot(x4*x4)","troot(x6*(x4*x4))","NA",0.999999999995299,0.997406335194201,"NA"
"P3",24,TRUE,FALSE,FALSE,FALSE,3,0.417504696133308,0.223339594844411,0.00138836600423607,677.708491696212,0.999998874632438,4,NA,"troot((x6*x4)*x4)","x4*x3","x6*(x4*x3)",1,0.946512642836027,0.791736736486998
"P4",24,FALSE,FALSE,FALSE,FALSE,3,0.635474267278842,0.635474267278842,0.000972812506380137,683.748086912524,0.999999910697045,3,NA,"troot(x4*x4)","x6*troot(x4*x4)","x2",1,0.942672004270328,0.137744929289272
"P6",24,TRUE,FALSE,FALSE,FALSE,4,0.249060519770955,0.0613256497136934,0.0015465304855291,683.367275562542,0.999999748455636,5,NA,"troot((x4*x4)*x6)","(x9*troot((x4*x4)*x6))*x8","x5*(x9*troot((x8*x4)*x4))",0.918509822093659,0.918509822086363,0.91850953550119
