"Experiment","Run","F1","F2","F3","F4","Count_FP","Correlation","Correlation_FP","MAE","LMP","R2","Count_P","Time","First","Second","Third","FirstM","SecondM","ThirdM"
"P1",21,FALSE,FALSE,FALSE,FALSE,3,0.985488592981159,0.985488592981159,0.0892915077868426,-99.5125191073178,0.99642685755595,3,NA,"x4","x4*troot(x4)","x4*x10",0.955953936594127,0.955951447910637,0.955914426432551
"P2",21,FALSE,FALSE,FALSE,FALSE,3,0.733983070416538,0.733983070416538,0.0346564884483848,-96.7669448270559,0.99994353185096,3,NA,"troot(x4*x4)","x4*x2","x4",0.939662914623504,0.924880965849258,0.100134420500373
"P3",21,TRUE,FALSE,FALSE,FALSE,0,1,NA,0.0326095697837085,-94.5244319535552,0.999960627833133,1,NA,"troot((x4*x6)*x4)",NA,NA,0.993222073255299,NA,NA
