"Experiment","Run","F1","F2","F3","F4","Count_FP","Correlation","Correlation_FP","MAE","LMP","R2","Count_P","Time","First","Second","Third","FirstM","SecondM","ThirdM"
"P1",21,FALSE,FALSE,FALSE,FALSE,3,0.985488592981159,0.985488592981159,0.0930188044463234,-99.5125191073178,0.996058380773223,3,383.308999999999,"x4","x4*troot(x4)","x4*x10",0.999999998047925,0.999999112371516,0.999975422495328
"P2",21,FALSE,FALSE,FALSE,FALSE,3,0.371839007534399,0.371839007534399,0.0390432352390667,-96.7669448270559,0.99989901370556,3,356.351999999999,"troot(x4*x4)","x4*x2","x2",1,0.96853843968634,0.171339593225592
"P3",21,TRUE,FALSE,FALSE,FALSE,1,0.50221070672575,0.00442141345149907,0.031368652010275,-99.6543306684783,0.999958402021846,2,345.845999999998,"troot(((x4*x6)*x4))","x10",NA,1,0.320155568388909,NA
