"Experiment","Run","F1","F2","F3","F4","Count_FP","Correlation","Correlation_FP","MAE","LMP","R2","Count_P","Time","First","Second","Third","FirstM","SecondM","ThirdM"
"P1",21,FALSE,FALSE,FALSE,FALSE,3,0.979066889241219,0.979066889241219,0.145868276421744,-111.864385014183,0.994902413843438,3,410.216999999999,"x4*x4","x6*troot(x4)","x4",1,0.999957286448816,0.999849529670559
"P2",21,FALSE,FALSE,FALSE,FALSE,4,0.720245756702868,0.720245756702868,0.093094515961524,-99.5125191073179,0.996052617929891,4,376.834999999999,"x4*troot(x4)","x4","x4*x10",1,1,0.999999999999609
"P3",21,FALSE,FALSE,FALSE,TRUE,2,0.303615832297572,-0.0445757387524339,0.0474051487800823,-104.514236619964,0.999763872139562,3,391.481,"troot(1+((x4*x7)*x4))","x2","x10",0.999999999999956,0.221309141388229,0.172115256561876
