"Experiment","Run","F1","F2","F3","F4","Count_FP","Correlation","Correlation_FP","MAE","LMP","R2","Count_P","Time","First","Second","Third","FirstM","SecondM","ThirdM"
"P1",16,FALSE,FALSE,FALSE,TRUE,3,0.480449220107468,0.307265986336515,0.0424068625176249,-94.3406692127019,0.999809533584155,4,NA,"troot((x4*x7)*x4)","x10","x4",0.913984314018709,0.186123279199053,0.151230291486407
"P2",16,TRUE,FALSE,FALSE,TRUE,1,0.997619406370126,0.992859297690051,0.0401492684395167,-94.3406692127019,0.999871154883341,3,NA,"troot(x4*(x7*x4))","troot(x6*(x4*x4))","x4",0.730065633446477,0.188743497249395,0.120905778575546
"P3",16,FALSE,FALSE,FALSE,FALSE,4,0.551592656175278,0.551592656175278,0.0386124535539519,-96.7669448270558,0.999883686853469,4,NA,"troot(x4*x4)","x4*x2","x10",0.99999935961995,0.96027232149459,0.166381387241073
"P4",16,TRUE,FALSE,FALSE,FALSE,0,1,NA,0.0311863515042683,-94.5244319535552,0.9999633988317,1,NA,"troot((x6*x4)*x4)","NA","NA",0.992320251508206,"NA","NA"
"P5",16,FALSE,FALSE,FALSE,FALSE,5,0.865852860767065,0.865852860767065,0.0715920609584964,-99.5125191073178,0.997411505653525,5,NA,"x4","x10*x4","x4*troot(x4)",0.771780868423668,0.668010541933765,0.663537986460776
"P6",16,FALSE,FALSE,FALSE,FALSE,3,0.371839007534399,0.371839007534399,0.0406480541041689,-96.7669448270558,0.999863038719095,3,NA,"troot(x4*x4)","x2*x4","x2",0.949858159981739,0.943704847017594,0.204516982230884
