"Experiment","Run","F1","F2","F3","F4","Count_FP","Correlation","Correlation_FP","MAE","LMP","R2","Count_P","Time","First","Second","Third","FirstM","SecondM","ThirdM"
"P1",16,FALSE,FALSE,FALSE,TRUE,3,0.480449220107468,0.307265986336515,0.0431447838188474,-94.3406692127019,0.999791967508266,4,565.839999999967,"troot((x4*x7)*x4)","x10","x4",0.999999999999999,0.203639467706711,0.154065717917265
"P2",16,FALSE,FALSE,FALSE,FALSE,2,0.604544956779782,0.604544956779782,0.0389639964710831,-96.7669448270558,0.999877604792672,2,573.660000000033,"troot(x4*x4)","x2*x4","NA",1,1,"NA"
"P3",16,FALSE,FALSE,FALSE,FALSE,4,0.736887645860214,0.736887645860214,0.040971069217107,-100.717970320674,0.999874340482344,4,547.210000000079,"troot(x4*x4)","x4","x8*x4",1,0.848312534966083,0.602087059566435
"P4",16,FALSE,FALSE,FALSE,TRUE,1,0.462258084644161,-0.075482752132005,0.0436046572000722,-99.4705679276249,0.999809279279641,2,583.650000000023,"troot(x7)*troot(x4*x4)","x6","NA",0.999999973225089,0.138706954918946,"NA"
"P5",16,FALSE,FALSE,FALSE,FALSE,3,0.985488592981159,0.985488592981159,0.0922489999363256,-99.5125191073178,0.996067417054519,3,551.490000000107,"x4","x4*x10","troot(x4)*x4",1,0.99999995837807,0.986609285329817
"P6",16,FALSE,TRUE,FALSE,FALSE,2,0.45907342454333,0.188610313086654,0.0428020226013553,-101.881380727833,0.999819225852393,3,602.889999999898,"troot(x4*(x4*x9))","x4*x3","x10",1,0.86244746758307,0.153654489734216
