"Experiment","Run","F1","F2","F3","F4","Count_FP","Correlation","Correlation_FP","MAE","RMSE","LMP","R2","Count_P","Time","First","Second","Third","FirstM","SecondM","ThirdM"
"S1",12,FALSE,FALSE,FALSE,FALSE,1,0.99999974420151,0.99999974420151,0.0643721671469007,0.318062659168736,-24.0166299391974,0.996581882349057,1,2589.998,"troot(x4*x4)*x9","NA","NA",0.941103490629849,"NA","NA"
"S2",12,FALSE,FALSE,FALSE,FALSE,2,0.996429304930045,0.996429304930045,0.123647446215116,0.648240531096293,-26.7809518466237,0.985801776794404,2,2526.243,"troot(x4*x4)","x4","NA",0.99739948236456,0.145489496869907,"NA"
"S3",12,FALSE,FALSE,FALSE,FALSE,2,0.982174997577265,0.982174997577265,0.192113979705023,0.343299397497323,-30.4828786087661,0.996017940744431,2,2455.009,"troot(x6*x4)","x4","NA",1,0.999999999999918,"NA"
"S4",12,FALSE,FALSE,FALSE,TRUE,0,0.999998921420326,NA,0.0184453926290677,0.07234479148664,-25.8088754674101,0.999823161763881,1,2609.972,"troot(x4)*troot(x4*x7)","NA","NA",0.999999999979773,"NA","NA"
"S5",12,FALSE,FALSE,FALSE,FALSE,2,0.996429304930045,0.996429304930045,0.123930801938119,0.649359025971765,-26.7809518466237,0.985752738390864,2,2501.666,"troot(x4*x4)","x4","NA",0.999735665614726,0.141528591860003,"NA"
"S6",12,FALSE,FALSE,FALSE,FALSE,1,0.99999974420151,0.99999974420151,0.0644697927705263,0.318646505793481,-29.1465286541205,0.996569322005721,1,2672.355,"x9*(troot(x4)*troot(x4))","NA","NA",0.94138618343952,"NA","NA"
