"Experiment","Run","F1","F2","F3","F4","Count_FP","Correlation","Correlation_FP","MAE","LMP","R2","Count_P","Time","First","Second","Third","FirstM","SecondM","ThirdM"
"P2",11,FALSE,FALSE,FALSE,FALSE,10,0.648389208054294,0.648389208054294,0.0568353272251037,584.005234946353,0.994478332177976,10,391.708999999999,"x4","p0(x4)","(x4*x8)*p0(x4)",1,1,1
"P3",11,FALSE,FALSE,FALSE,FALSE,5,0.603810676252051,0.603810676252051,0.00105736385252284,624.982501728103,0.999999884808562,5,347.554000000004,"troot(1+(x4+x3))*troot(1+(x4+x3))","troot(1+(x6*x4))*troot(1+(x6*x4))","x3",1,1,0.998753685811278
"P4",11,TRUE,FALSE,FALSE,FALSE,1,0.999999656085019,0.999999312170039,0.000808625539760762,684.777371260963,0.99999990984029,2,367.925999999999,"troot(x6*(x4*x4))","troot(x4*x4)",NA,1,0.994556030567789,NA
"P5",11,FALSE,FALSE,FALSE,TRUE,5,0.46865939434919,0.362391488934962,0.00704773139825622,642.625625170257,0.999935999363226,6,393.476999999999,"troot(x4*(x4*x7))","troot((x4*x6)*(x4*x6))","troot(x4*(x4*x7))*x7",1,1,0.999999999997827
