"Experiment","Run","Correlation","MAE","RMSE","LMP","R2","Count_P","Time","First","Second","Third","FirstM","SecondM","ThirdM"
"S1",23,0.893768524440768,3.29091699764031,4.67105159468529,-2815.73247610718,0.784648061453417,15,3401.148,"p3(sigmoid(x8))","x1*x5","x6",1,1,1
"S2",23,0.512923766473915,4.12263942818563,9.88263332982079,-1638.52530857509,0.0360271077922194,15,5361.44,"x1","x13*x9","x5*x5",1,1,1
"S3",23,0.886002944669892,3.05595753840379,4.66948339835495,-2250.87856741376,0.784792635934392,14,8398.333,"p0(x10)","troot(x13)*x8","x5",1,1,1
"S4",23,0.828402109555062,3.77035396219018,5.66165493051977,-3204.36454185278,0.683622019707994,14,7748.848,"x1","x2","x8*x10",1,1,1
"S5",23,0.856310633756374,3.23273418868887,5.22077492479417,-2481.71909857358,0.730977008369933,15,3417.322,"x1","x4","x5",1,1,1
"S6",23,0.867769793339234,3.5543760385041,5.09467992887003,-3278.95253804172,0.743815254318719,15,8147.015,"x6","exp_dbl(x8)","x10",1,1,1
