"Experiment","Run","F1","F2","F3","F4","Count_FP","Correlation","Correlation_FP","MAE","RMSE","LMP","R2","Count_P","Time","First","Second","Third","FirstM","SecondM","ThirdM"
"S1",26,TRUE,FALSE,FALSE,FALSE,0,1,NA,0.032307442728623,0.0332653413551837,-94.5244319535552,0.999962610848923,1,701.666,"troot(x4*(x6*x4))","NA","NA",0.997346710268809,"NA","NA"
"S2",26,FALSE,FALSE,FALSE,FALSE,3,0.371839007534399,0.371839007534399,0.0402054175907372,0.0626404025566305,-96.7669448270559,0.999867422228115,3,825.37,"troot(x4*x4)","x2*x4","x2",1,0.999998252102377,0.170816013387432
"S3",26,FALSE,FALSE,FALSE,FALSE,2,0.604544956779782,0.604544956779782,0.0388944342300054,0.0592930664535578,-96.7669448270558,0.999881212851149,2,806.643,"troot(x4*x4)","x2*x4","NA",1,0.974173360855168,"NA"
"S4",26,FALSE,FALSE,FALSE,TRUE,2,0.63309510938467,0.449643203366842,0.0463853637491825,0.0812554924518254,-94.3406692127019,0.999776916685084,3,754.874,"troot((x4*x7)*x4)","x2","x4",0.998738304902468,0.216849208464225,0.119799258333286
"S5",26,FALSE,FALSE,FALSE,FALSE,5,0.672587776080866,0.672587776080866,0.0624022172460215,0.193408464516611,-99.877214903911,0.998736100360513,5,762.677,"troot(x4*x4)","x3*x4","x4",0.980983027911304,0.759540653038487,0.356937458169023
"S6",26,FALSE,FALSE,FALSE,FALSE,4,0.736887645860214,0.736887645860214,0.0401628054463971,0.0594892071297736,-100.717970320674,0.999880425658667,4,759.386,"troot(x4*x4)","x4","x8*x4",0.999999951512497,0.845788424022554,0.57584537167999
