"Experiment","Run","Correlation","MAE","RMSE","LMP","R2","Count_P","Time","First","Second","Third","FirstM","SecondM","ThirdM"
"S1",28,0.891186355890027,2.82261708584522,4.67939733738332,-1313.63001134825,0.783877837695386,28,5715.368,"x6*((x9*x6)*(x10*x6))","troot(x1)","x5*x7",1,1,1
"S2",28,0.801143188753057,3.38387629935268,8.36932653752061,-1298.61297471055,0.308645996623643,29,5003.454,"troot(1+x6)","x1","x9",1,1,1
"S3",28,0.881688850550711,2.79856250562005,5.00791754571501,-1277.19603645837,0.75246660624108,25,5770.305,"x8","x5*x13","p0(p0(troot(x11)))",1,1,1
"S4",28,0.877253288727708,2.82962794979053,5.21893107719806,-1237.2612815779,0.731166999246587,25,5162.416,"x7","x13","troot(x13)",1,1,1
"S5",28,0.870079160314519,3.00754210210402,5.4205866803055,-1297.33570156421,0.709990620583312,24,5165.701,"x11","troot(x13)*p3(x10)","troot(x13)",1,1,1
"S6",28,0.859485413750649,3.16703582643523,5.89130538618927,-1269.13276639822,0.657435363304038,21,4978.326,"(p0(x10)*(p3(p3(x6))*x11))*x6","x8*x8","x12",1,1,1
