"Experiment","Run","F1","F2","F3","F4","Count_FP","Correlation","Correlation_FP","MAE","RMSE","LMP","R2","Count_P","Time","First","Second","Third","FirstM","SecondM","ThirdM"
"S1",7,FALSE,FALSE,FALSE,FALSE,2,0.604544956779782,0.604544956779782,0.038961623976054,0.0601886280914082,-96.7669448270558,0.999877597433355,2,709.1,"troot(x4*x4)","x2*x4","NA",1,0.999936870506794,"NA"
"S2",7,FALSE,FALSE,FALSE,FALSE,5,0.590394399378471,0.590394399378471,2.08017324640101e+215,Inf,-100.717970320674,-Inf,5,766.05,"troot(x4*x4)","x4","x8*x4",1,0.810191418693832,0.651550618888618
"S3",7,FALSE,FALSE,FALSE,FALSE,3,0.733983070416538,0.733983070416538,0.0388793333821611,0.0600402056043344,-101.896843541979,0.999878200367633,3,728.534,"troot(x4)*troot(x4)","x2*x4","x4",1,0.981554084758602,0.101549334011681
"S4",7,FALSE,FALSE,FALSE,FALSE,2,0.686399262445923,0.686399262445923,0.0711981216104493,0.252226207246202,-99.877214903911,0.99785047720677,2,802.482,"troot(x4*x4)","x4*x3","NA",1,0.999995111617585,"NA"
"S5",7,FALSE,FALSE,FALSE,FALSE,2,0.604544956779782,0.604544956779782,0.0387811953005485,0.061071624778326,-96.7669448270559,0.99987397967813,2,710.697,"x2*x4","troot(x4*x4)","NA",1,1,"NA"
"S6",7,FALSE,FALSE,FALSE,FALSE,3,0.788552607527299,0.788552607527299,0.071088539047778,0.250427204803341,-99.877214903911,0.997881030781107,3,787.827,"troot(x4*x4)","x4*x3","x4",1,0.976589415870892,0.155630562439318
