"Experiment","Run","Correlation","MAE","RMSE","LMP","R2","Count_P","Time","First","Second","Third","FirstM","SecondM","ThirdM"
"S1",15,0.914287321291028,2.60055030374108,4.09276765542661,-1266.96703100449,0.834669249156894,29,5524.617,"(x10*p3(x6))*x6","x8*x10","troot(p0(x10)*x6)",1,1,1
"S2",15,0.859579885777778,2.963779525859,6.14110751559398,-1305.79469867376,0.627768726169786,21,4999.461,"p3(x8)","troot(x6)","p3(x6)",1,1,1
"S3",15,0.888727654849185,2.75692903907905,4.71051021010404,-1292.16723403489,0.780994331523094,19,4606.38,"p3(x10)","x1*p3(x5)","x11",1,1,1
"S4",15,0.858827565568837,2.98286173665269,5.6419133811055,-1325.42387169176,0.685824521423216,14,5054.167,"p0(troot(p0(x6)))*(x3*x12)","troot(1+x6)*(((x1*exp_dbl(x13))*troot(x1))*sigmoid(x6))","x5",1,1,1
"S5",15,0.856095731874709,3.09040033817407,5.6855874297927,-1317.14155680263,0.680941630615039,26,4681.753,"p3(x6)","p3(sigmoid(sigmoid(x13)))*((x1*x10)*sigmoid(x13))","x6",1,1,1
"S6",15,0.866565160673983,3.04535705464139,5.59830208454684,-1309.89513729559,0.690662824744943,20,4558.949,"x7","troot(p3(p3(x6)))","x11",1,1,1
