"Experiment","Run","F1","F2","F3","F4","Count_FP","Correlation","Correlation_FP","MAE","LMP","R2","Count_P","Time","First","Second","Third","FirstM","SecondM","ThirdM"
"P1",6,FALSE,FALSE,FALSE,FALSE,5,0.658475787148908,0.658475787148908,1.29738624901694,-115.507313233071,-1.88372504603757,5,588.550000000047,"x4","x9*x4","troot((x4*x2)*x4)",0.999999999357623,0.999996400027027,0.99996537749354
"P2",6,FALSE,FALSE,FALSE,FALSE,2,0.604544956779782,0.604544956779782,0.038961852994506,-96.7669448270558,0.999877591469118,2,596.330000000075,"troot(x4*x4)","x4*x2","NA",1,0.999999973638083,"NA"
"P3",6,FALSE,FALSE,FALSE,FALSE,5,0.983920345037123,0.983920345037123,0.0775362941113994,-102.367590429956,0.996872790527905,5,594.29999999993,"x10*x4","x4","x4*x4",0.999999999999805,0.999999999834669,0.999999982567829
"P4",6,FALSE,FALSE,FALSE,FALSE,4,0.260008567617798,0.260008567617798,0.037934465372902,-96.7669448270558,0.999872806141555,4,602.579999999958,"troot(x4*x4)","x2*x4","x6",1,0.999999953195592,0.26002548206768
"P5",6,FALSE,FALSE,FALSE,FALSE,5,0.564759869478915,0.564759869478915,0.038627713664031,-117.06957118213,0.999886308002073,5,598.220000000088,"troot(x4)*troot(x4)","x6*(troot(x4)*troot(x4))","x2",0.999999996525914,0.999987288612038,0.276291815063165
"P6",6,FALSE,FALSE,FALSE,FALSE,3,0.788552607527299,0.788552607527299,0.0694018921073384,-105.007113618834,0.998008149235085,3,617.530000000028,"x3*x4","troot(x4)*troot(x4)","x4",0.999817981326369,0.999817770509623,0.186344748128262
