"Experiment","Run","F1","F2","F3","F4","Count_FP","Correlation","Correlation_FP","MAE","LMP","R2","Count_P","Time","First","Second","Third","FirstM","SecondM","ThirdM"
"P2",10,FALSE,FALSE,FALSE,FALSE,4,0.467023559465697,0.467023559465697,0.000826726718384282,683.748086912524,0.999999951937115,4,NA,"troot(x4*x4)","troot(x4*x4)*x6","x1",0.999999999999996,0.979987127434467,0.188903406201864
"P4",10,FALSE,FALSE,FALSE,FALSE,6,0.434257014150517,0.434257014150517,0.0015381922596374,700.057650136979,0.999999805946117,6,NA,"troot(x4*x4)","x7*troot(x4*x4)","troot(x4*x4)*x9",1,0.999999912040014,0.999999912040014
"P6",10,FALSE,FALSE,FALSE,FALSE,5,0.358243645301953,0.358243645301953,0.000909152762603381,673.695386157928,0.999999916163163,5,NA,"x6*(troot(x4)*troot(x4))","troot(x4)*troot(x4)","x9",1,1,0.537259217488637
