"Experiment","Run","F1","F2","F3","F4","Count_FP","Correlation","Correlation_FP","MAE","LMP","R2","Count_P","Time","First","Second","Third","FirstM","SecondM","ThirdM"
"P2",10,FALSE,FALSE,FALSE,FALSE,4,0.467023559465697,0.467023559465697,0.000959356414018413,683.748086912524,0.999999909194635,4,419.718000000001,"troot(x4*x4)*x6","troot(x4*x4)","x1",1,1,0.192761109726409
"P4",10,FALSE,FALSE,FALSE,FALSE,6,0.434257014150517,0.434257014150517,0.00153819233507558,700.057650136979,0.999999805946094,6,383.686999999998,"x7*troot(x4*x4)","troot(x4*x4)","troot(x4*x4)*x9",1,1,1
"P6",10,FALSE,FALSE,FALSE,FALSE,5,0.358243645301953,0.358243645301953,0.000909152762603381,673.695386157928,0.999999916163163,5,387.328999999998,"x6*(troot(x4)*troot(x4))","troot(x4)*troot(x4)","x9",1,1,0.537259217488637
