"Experiment","Run","F1","F2","F3","F4","Count_FP","Correlation","Correlation_FP","MAE","LMP","R2","Count_P","Time","First","Second","Third","FirstM","SecondM","ThirdM"
"P5",16,FALSE,FALSE,FALSE,FALSE,4,0.518871607604619,0.518871607604619,0.000970365963735344,673.488289482678,0.999999912479541,4,541.440000000002,"troot(x4)*troot(x4)","x6*(troot(x4)*troot(x4))","x5",0.999856903725931,0.988747041791905,0.322325498784636
"P1",16,FALSE,FALSE,FALSE,FALSE,14,0.202234963355293,0.202234963355293,0.0311476631265612,465.334176067713,0.999002179546274,14,615.169999999984,"troot(x4)*troot(1+((x2*x4)+x1))","x4","troot(x4)",1,1,1
"P2",16,FALSE,FALSE,FALSE,FALSE,6,0.543291565763375,0.543291565763375,0.00153710585277271,697.519928711663,0.999999801089462,6,583.890000000014,"troot(x4*x4)*x9","troot(x4*x4)","x5",1,1,0.999999999972514
"P3",16,FALSE,FALSE,FALSE,FALSE,11,0.273128128450696,0.273128128450696,0.00633985475792895,551.276478937848,0.999987305495235,11,525.630000000005,"troot(x4*troot(x4))","x4","troot((x4*((x8*x2)*x2))*x4)",1,1,1
"P4",16,FALSE,FALSE,FALSE,FALSE,5,0.358243645301953,0.358243645301953,0.000910216289232713,673.695386157929,0.999999915987625,5,598.309999999939,"(troot(x4)*troot(x4))*x6","troot(x4)*troot(x4)","x9",1,1,0.525254896417335
"P6",16,FALSE,FALSE,FALSE,FALSE,3,0.64150431355363,0.64150431355363,0.000984777711420417,683.748086912524,0.999999908121964,3,578.760000000009,"x6*troot(x4*x4)","troot(x4*x4)","x6",1,1,0.12012404475281
