"Experiment","Run","F1","F2","F3","F4","Count_FP","Correlation","Correlation_FP","MAE","LMP","R2","Count_P","Time","First","Second","Third","FirstM","SecondM","ThirdM"
"P5",16,FALSE,FALSE,FALSE,FALSE,9,0.437338293018043,0.437338293018043,0.00166954103380329,616.381123432605,0.999999697024691,9,662.140000000014,"(troot(x4)*x9)*troot(x4)","((troot(x4)*x9)*troot(x4))*x8","x7*troot(x4)",1,1,1
"P1",16,FALSE,FALSE,FALSE,FALSE,8,0.45700768642682,0.45700768642682,0.0344134128346251,243.938917244583,0.998913018966621,8,304.359999999986,"sin_deg(troot(x4))","x4","x8*x4",1,1,1
"P2",16,TRUE,FALSE,FALSE,FALSE,1,0.999999656085019,0.999999312170039,0.000806556035578886,684.777371260962,0.99999991102549,2,709.239999999991,"troot(x4*(x4*x6))","troot(x4*x4)","NA",1,1,"NA"
"P3",16,FALSE,FALSE,FALSE,FALSE,11,0.696517665012499,0.696517665012499,0.0295033605264365,594.082231775887,0.99884370038218,11,613.049999999988,"x4*(x4*x3)","sigmoid(troot(x4))","x4*x3",1,1,1
"P4",16,FALSE,FALSE,FALSE,TRUE,7,0.400065924152425,0.314361210257011,0.0016308077009965,674.370049677737,0.999999742221718,8,691.289999999921,"x9*troot((x4*x9)*(exp_dbl(x7)*x4))","x7*troot(x4*(x7*x4))","troot(x4*(x7*x4))",1,1,1
"P6",16,FALSE,FALSE,FALSE,FALSE,8,0.380341881605829,0.380341881605829,0.00173874538061393,673.893013595459,0.99999979594661,8,646.720000000088,"x9*(troot(x4)*troot(x4))","troot(x4)*troot(x4)","(troot(x4)*troot(x4))*x7",1,1,0.999999999301546
