"Experiment","Run","F1","F2","F3","F4","Count_FP","Correlation","Correlation_FP","MAE","RMSE","LMP","R2","Count_P","Time","First","Second","Third","FirstM","SecondM","ThirdM"
"S1",15,FALSE,FALSE,FALSE,FALSE,4,0.720245756702868,0.720245756702868,0.0931193881416156,0.342026087106587,-99.5125191073178,0.996047425178811,4,960.881999999983,"x4","troot(x4)*x4","x10*x4",1,1,0.998952916931884
"S2",15,FALSE,FALSE,FALSE,FALSE,2,0.604544956779782,0.604544956779782,0.0375448822776696,0.0510761635459194,-96.7669448270558,0.999911854900228,2,1021.984,"troot(x4*x4)","x4*x2","NA",1,0.957422035499304,"NA"
"S3",15,FALSE,FALSE,FALSE,FALSE,3,0.995239401024006,0.995239401024006,0.0448838628825749,0.073806515532145,-100.720409257459,0.999815943550261,3,940.684999999998,"x4*x9","x4","troot(x4*x4)",0.999999739386891,0.999993542897713,0.991444340040935
"S4",15,FALSE,FALSE,FALSE,FALSE,2,0.604544956779782,0.604544956779782,0.0374687630037377,0.0514543920494906,-96.7669448270559,0.999910544604874,2,1026.66700000002,"troot(x4*x4)","x2*x4","NA",1,0.953944901225382,"NA"
"S5",15,FALSE,TRUE,FALSE,FALSE,3,0.399401836520839,0.19920256620889,0.0461837857146438,0.121245566583932,-101.747721285537,0.999503300902909,4,908.372999999963,"troot((x9*x4)*x4)","x8*x4","x4",1,0.672288604361299,0.26815700206742
"S6",15,FALSE,FALSE,FALSE,FALSE,6,0.803148261115278,0.803148261115278,0.101026143930778,0.437327205717684,-103.889409415143,0.993537885835038,6,1040.935,"x4*x4","x4","x4*x10",1,1,1
