"Experiment","Run","Correlation","MAE","RMSE","LMP","R2","Count_P","Time","First","Second","Third","FirstM","SecondM","ThirdM"
"S1",18,0.838602373731215,3.35118329770267,6.6291763099481,-956.745714646634,0.566250890502272,23,5260.488,"x10*x6","x11","x8",1,0.999999999999782,0.999999772545958
"S2",18,0.830664196098726,3.4184740941621,6.64018030714085,-961.212891124181,0.564809705301711,16,4854.588,"x1*sigmoid(x13)","x10*x6","x6*x6",1,1,1
"S3",18,0.8852780321971,2.96209308277993,4.78708168643507,-965.818507918157,0.773816388912254,21,6013.342,"p3(x6)*x9","p0(x13)*x9","x11",1,1,0.999999608795105
"S4",18,0.896350363315699,2.83262684480699,4.48158393496523,-971.865405857442,0.801763999905125,13,4401.568,"x6*x6","x6*(x6*x9)","x6",1,1,1
"S5",18,0.826614314729119,3.66275486450006,7.07098571192486,-966.388645605136,0.506508841497052,20,4209.349,"x6","x10","x6*x10",1,1,1
"S6",18,0.797025181409122,3.86744484016149,7.41288210173195,-971.944539349619,0.457632518702924,15,3746.67,"x6*x10","sigmoid(x13)*x1","x11",1,1,0.999999999999691
