"Experiment","Run","F1","F2","F3","F4","Count_FP","Correlation","Correlation_FP","MAE","RMSE","LMP","R2","Count_P","Time","First","Second","Third","FirstM","SecondM","ThirdM"
"S1",4,FALSE,FALSE,FALSE,FALSE,7,0.486070042357344,0.486070042357344,0.00153196006209236,0.00241920521786592,697.901528862894,0.999999802254296,7,2311.13499999995,"troot(x4*x4)*x7","troot(x4*x4)","troot(x4*x4)*x9",1,1,1
"S2",4,FALSE,FALSE,FALSE,FALSE,15,0.450795745643484,0.450795745643484,0.916645923900581,6.64181813011375,621.817817275281,-0.490512403907081,15,2548.88,"x10*x4","x4","x7*(x3*x4)",1,1,1
"S3",4,FALSE,FALSE,FALSE,TRUE,7,0.346676335781707,0.160013445141019,0.00294750429153303,0.0117478937180236,665.442348153864,0.999995336825649,9,2246.48100000003,"x9*troot(x4*(x7*x4))","troot(x4*(x7*x4))","troot(x4*(x7*x4))*sigmoid(x7)",1,1,1
"S4",4,FALSE,FALSE,FALSE,FALSE,6,0.481105408226723,0.481105408226723,0.00151972531699627,0.0024200482148345,692.045028932149,0.999999802116459,6,2335.63400000002,"troot(x4*x4)*x9","troot(x4*x4)","(x5*x5)*(x5*x5)",1,1,0.999999963041116
"S5",4,FALSE,FALSE,FALSE,FALSE,15,0.362900945395414,0.362900945395414,4.88356734925749,35.7527593596353,525.042350859162,-42.1897576888195,15,2256.81199999998,"x4*x8","x3","x4",1,1,1
"S6",4,FALSE,FALSE,FALSE,FALSE,5,0.585510552498967,0.585510552498967,0.00146556599869979,0.00260664224122976,692.097475618705,0.999999770425053,5,2310.67700000003,"x9*troot(x4*x4)","troot(x4*x4)","x7*troot(x4*x4)",1,1,0.999604470208795
