"Experiment","Run","Correlation","MAE","RMSE","LMP","R2","Count_P","Time","First","Second","Third","FirstM","SecondM","ThirdM"
"S1",21,0.899197453580163,2.84835453232286,4.41328100695944,-964.427735109084,0.807760504025082,16,4681.143,"x9*troot(x13)","x6*(x6*x9)","x9*x13",0.999999999999989,0.999999999999981,0.999999999999979
"S2",21,0.898604527634042,2.80078059682996,4.42124878671162,-964.694092402456,0.807065735369325,15,4886.757,"x9*p0(x13)","p0(x6)","x6*(x6*x9)",1,0.999999999999903,0.999999993365238
"S3",21,0.86998673180144,3.10247703473804,5.00362569980499,-973.673381857766,0.752890702660285,18,5873.456,"sigmoid(p0(x13))*x9","x9*x6","x9",1,1,0.999999999999997
"S4",21,0.842858087902425,3.44303289536872,5.86483740127944,-974.666236473313,0.660506542713642,15,4142.825,"x1*sigmoid(x5*x13)","x11*x6","x11",1,0.999999999999878,0.999999999992521
"S5",21,0.809665506084226,3.73378567878505,7.38193181069793,-974.039817043686,0.462152053151304,23,4526.135,"x7*(x1*exp_dbl(x13))","x13","x10*x6",1,0.999999077139494,0.999999074220059
"S6",21,0.829318548530794,3.43026101795367,6.58473354991955,-975.248706441365,0.572047203362368,14,3649.696,"x1","x6*x11","x11",1,1,1
