"Experiment","Run","F1","F2","F3","F4","Count_FP","Correlation","Correlation_FP","MAE","LMP","R2","Count_P","Time","First","Second","Third","FirstM","SecondM","ThirdM"
"P1",46,FALSE,FALSE,FALSE,FALSE,8,0.736273961930989,0.736273961930989,0.00331485835931318,641.185569861671,0.999997660969965,8,NA,"troot(x4*x4)","x7*x4","x9",1,0.999999999999997,0.999999999963621
"P3",46,FALSE,FALSE,FALSE,FALSE,3,0.645113672185694,0.645113672185694,0.000969129011366056,683.748086912524,0.999999909479323,3,NA,"troot(x4*x4)","x6*troot(x4*x4)","x7",1,1,0.15555645040299
"P5",46,FALSE,FALSE,FALSE,FALSE,4,0.518871607604619,0.518871607604619,0.000971232604085432,683.748086912524,0.99999991257643,4,NA,"troot(x4*x4)*x6","troot(x4*x4)","x5",1,0.999999999652917,0.367577775008452
