"Experiment","Run","F1","F2","F3","F4","Count_FP","Correlation","Correlation_FP","MAE","RMSE","LMP","R2","Count_P","Time","First","Second","Third","FirstM","SecondM","ThirdM"
"S1",12,FALSE,FALSE,FALSE,TRUE,0,0.999998921420326,NA,0.0446962802674234,0.0764629117367125,-94.3406692127019,0.999802456247144,1,2222.43099999998,"troot((x4*x7)*x4)","NA","NA",0.999379194279298,"NA","NA"
"S2",12,TRUE,FALSE,FALSE,FALSE,1,0.453213554521817,-0.0935728909563669,0.0340534975708215,0.0410640246660589,-94.5244319535552,0.999943024957198,2,2321.891,"troot((x4*x4)*x6)","x2","NA",1,0.332366590262715,"NA"
"S3",12,FALSE,FALSE,FALSE,FALSE,3,0.371839007534399,0.371839007534399,0.0389893272394702,0.0613383651501642,-96.7669448270559,0.999872876445114,3,2228.82000000001,"troot(x4*x4)","x2*x4","x2",0.999998349378047,0.999998064273378,0.19328578125245
"S4",12,FALSE,FALSE,FALSE,FALSE,3,0.985488592981159,0.985488592981159,0.093067782724868,0.341644596900724,-99.5125191073179,0.996056237533853,3,2291.81400000001,"x4","troot(x4)*x4","x4*x10",1,0.999999974885352,0.999999959336326
"S5",12,FALSE,FALSE,FALSE,FALSE,2,0.604544956779782,0.604544956779782,0.0375242220792797,0.0509213967723831,-96.7669448270559,0.99991238827092,2,2166.31599999999,"troot(x4*x4)","x4*x2","NA",1,0.956444796913464,"NA"
"S6",12,FALSE,FALSE,FALSE,FALSE,4,0.715723221996778,0.715723221996778,0.0955638290046428,0.344710218622578,-99.5125191073178,0.995985144199168,4,2202.57800000004,"x4","troot(x4)*x4","x4*x10",1,0.999999981510093,0.999976616460255
