"Experiment","Run","F1","F2","F3","F4","Count_FP","Correlation","Correlation_FP","MAE","RMSE","LMP","R2","Count_P","Time","First","Second","Third","FirstM","SecondM","ThirdM"
"S1",40,FALSE,FALSE,FALSE,FALSE,12,0.601584034205461,0.601584034205461,0.030003534403681,0.18759037408881,616.177597850401,0.998810997590279,12,2605.653,"troot(x4*x9)*((x2*x4)*(x4*x5))","x4","p0(x4)*x4",1,1,1
"S2",40,FALSE,FALSE,FALSE,FALSE,4,0.537075438630361,0.537075438630361,7.33024699299708e+262,Inf,683.955183587773,-Inf,4,2128.917,"x6*troot(x4*x4)","troot(x4*x4)","x9",1,1,0.581584940818369
"S3",40,FALSE,FALSE,FALSE,FALSE,4,0.46496456610627,0.46496456610627,0.000969169080833047,0.00163686890893902,673.488289482677,0.999999909470643,4,1920.928,"x6*(troot(x4)*troot(x4))","troot(x4)*troot(x4)","x7",1,1,0.163675071573953
"S4",40,FALSE,FALSE,FALSE,FALSE,6,0.434257014150517,0.434257014150517,0.00153819233507558,0.00239651623827806,700.057650136979,0.999999805946094,6,1983.78,"x7*troot(x4*x4)","troot(x4*x4)","troot(x4*x4)*x9",1,1,1
"S5",40,FALSE,FALSE,FALSE,FALSE,4,0.464316524606722,0.464316524606722,0.00079759919347554,0.00165585365840055,655.967110827331,0.999999907358508,4,2504.141,"troot((x4*x6)*(x4*x6))*exp_dbl(x6)","troot((x4*x6)*(x4*x6))","x6",1,0.942509565169282,0.477783815561033
"S6",40,FALSE,FALSE,FALSE,FALSE,6,0.542395629426602,0.542395629426602,0.00153276154874128,0.00242336015707443,697.901528862889,0.999999801574464,6,2433.314,"x9*troot(x4*x4)","troot(x4*x4)","troot(x4*x4)*x7",1,1,0.999999999221437
