"Experiment","Run","F1","F2","F3","F4","Count_FP","Correlation","Correlation_FP","MAE","RMSE","LMP","R2","Count_P","Time","First","Second","Third","FirstM","SecondM","ThirdM"
"S1",4,FALSE,FALSE,FALSE,FALSE,5,0.592525122582957,0.592525122582957,0.00155042737294576,0.00240696964114017,700.057650136979,0.999999804249509,5,773.581,"troot(x4*x4)*x9","troot(x4*x4)*x7","troot(x4*x4)",1,1,1
"S2",4,TRUE,FALSE,FALSE,FALSE,3,0.782114114595216,0.709485486126955,0.000829745720530873,0.00182629675100589,671.260478723876,0.999999887305083,4,801.455,"(exp_dbl(p0(troot(x4)))*x4)*troot(x6)","x4","x4*x7",1,0.999999999961102,0.99999946034866
"S3",4,FALSE,FALSE,FALSE,FALSE,5,0.578492550727803,0.578492550727803,0.00148786445671584,0.00217510128245323,674.410276142837,0.999999840147069,5,770.453,"(troot(x4)*troot(x4))*x9","(x6*(troot(x4)*troot(x4)))*x7","troot(x4)*troot(x4)",1,1,1
"S4",4,FALSE,FALSE,FALSE,FALSE,5,0.364150630668307,0.364150630668307,0.00161906714179916,0.00292440896070119,688.818045230189,0.999999711039921,5,982.513,"troot(x4*(x9*(x6*x4)))","troot(x4)*troot(x4)","x5*x1",1,1,0.999999565918545
"S5",4,FALSE,FALSE,FALSE,FALSE,7,0.292623631184901,0.292623631184901,0.00189262339929929,0.00407503648007431,533.395432959839,0.999999438920194,7,730.768,"troot(1+(p0(1+(x8+x4))+(exp_dbl(p0(1+(x8+x4)))+((x2*(x4*p0(1+(x8+x4))))+((x6*x4)*x4)))))","x2*x4","x9",1,1,0.98019811306944
"S6",4,FALSE,FALSE,FALSE,FALSE,4,0.537075438630361,0.537075438630361,0.0009163809612813,0.00158706899370112,683.955183587773,0.999999914895358,4,794.435,"troot(x4*x4)","troot(x4*x4)*x6","x9",0.999959060187231,0.995730306161308,0.572519089132109
