"Experiment","Run","F1","F2","F3","F4","Count_FP","Correlation","Correlation_FP","MAE","LMP","R2","Count_P","Time","First","Second","Third","FirstM","SecondM","ThirdM"
"P1",10,FALSE,FALSE,FALSE,TRUE,1,0.996429109555188,0.992859297690051,0.0433939002420707,-94.3406692127019,0.999817352955993,2,NA,"troot(x4*(x4*x7))","x4",NA,0.912850788796163,0.141483153365422,NA
"P3",10,FALSE,FALSE,FALSE,FALSE,5,0.836963848521636,0.836963848521636,0.0359602298093869,-101.896843541979,0.999885385166616,5,NA,"troot(x4)*troot(x4)","x4*x2","x4",0.743470202828998,0.741073153659967,0.282588688254663
"P4",10,FALSE,FALSE,FALSE,FALSE,3,0.371839007534399,0.371839007534399,0.0355708786609575,-96.7669448270559,0.999933725801073,3,NA,"x4*x2","troot(x4*x4)","x2",0.923189048719286,0.923153817406259,0.204610806298831
"P6",10,FALSE,FALSE,FALSE,FALSE,3,0.450609143293148,0.450609143293148,0.0389941250875846,-96.7669448270558,0.999883124456363,3,NA,"troot(x4*x4)","x2*x4","x5",0.999625332875898,0.981026315113092,0.105038011690023
