"Experiment","Run","F1","F2","F3","F4","Count_FP","Correlation","Correlation_FP","MAE","LMP","R2","Count_P","Time","First","Second","Third","FirstM","SecondM","ThirdM"
"P1",1,FALSE,FALSE,FALSE,FALSE,2,0.475270087855677,0.475270087855677,0.407613678355943,-112.925763117136,0.980173196736068,2,1.844,"x4","x2*x8","NA",1,0.999999810483057,"NA"
"P2",1,FALSE,FALSE,FALSE,FALSE,12,0.218589031703884,0.218589031703884,0.130726258167844,-59.6468939246881,0.992241339019575,12,2.553,"x4","x4*x4","x10",1,1,1
"P3",1,FALSE,FALSE,FALSE,FALSE,3,0.646542181581732,0.646542181581732,2.0564363428984,-117.370752789218,-5.06025786665753,3,1.703,"x4","x5*x4","x8",1,0.999999915275708,0.768878235566323
"P4",1,FALSE,FALSE,FALSE,FALSE,2,0.982401464192023,0.982401464192023,0.228634158670299,-31.5762099246959,0.990213426230295,2,1.342,"x4","troot(x4)","NA",1,1,"NA"
"P5",1,FALSE,FALSE,FALSE,FALSE,3,0.660644156865018,0.660644156865018,0.696548173172197,-116.914762168226,0.912071805582997,3,1.879,"x4","p3(x8*x7)","troot(x6)*x4",1,0.999999920676053,0.999997585391214
"P6",1,FALSE,FALSE,FALSE,FALSE,2,0.983170005991141,0.983170005991141,0.219004343859312,-51.0859204589818,0.990249834071204,2,2.51400000000001,"x4","troot(1+(x2+x4))","NA",1,1,"NA"
