"Experiment","Run","F1","F2","F3","F4","Count_FP","Correlation","Correlation_FP","MAE","LMP","R2","Count_P","Time","First","Second","Third","FirstM","SecondM","ThirdM"
"P1",1,FALSE,FALSE,FALSE,FALSE,3,0.643393913444613,0.643393913444613,0.470428219452457,-61.3694255117024,0.92393780475787,3,1.715,"x4","x10*x4","x8*x2",1,1,0.973963377011542
"P2",1,FALSE,FALSE,FALSE,FALSE,3,0.527166313145083,0.527166313145083,0.331086502163712,-59.0956594858688,0.891305414125197,3,1.439,"x4","x3*x4","(x3*x4)*((x3*x4)*x2)",1,1,1
"P3",1,FALSE,FALSE,FALSE,FALSE,4,0.0288230680838026,0.0288230680838026,0.17323886388208,-87.2358058322881,0.985061521538891,4,2.137,"x4","pm05(1+(x9+(x10+(x4+x2))))","x9",1,1,0.837531983281422
"P4",1,FALSE,FALSE,FALSE,FALSE,3,0.337602586876571,0.337602586876571,0.306076695416603,-52.0360354161235,0.948019324992136,3,1.45,"x4","(x4*x8)*x4","x4*x8",1,0.999999967161705,0.999985296156961
"P5",1,FALSE,FALSE,FALSE,FALSE,2,0.984008608849547,0.984008608849547,0.257563191370086,-38.349774074753,0.962959181308635,2,1.877,"x4","x4*x4","NA",1,1,"NA"
"P6",1,FALSE,FALSE,FALSE,FALSE,5,0.293595873997131,0.293595873997131,0.315197694298979,-46.0447515714114,0.950564400653593,5,1.82300000000001,"p3(x4)","x4","x6",1,1,0.992308134997778
