"Experiment","Run","F1","F2","F3","F4","Count_FP","Correlation","Correlation_FP","MAE","RMSE","LMP","R2","Count_P","Time","First","Second","Third","FirstM","SecondM","ThirdM"
"S1",27,TRUE,FALSE,FALSE,FALSE,0,1,NA,0.032175508235026,0.0330170360597559,-94.5244319535552,0.999963166939704,1,932.064000000013,"troot((x4*x4)*x6)","NA","NA",1,"NA","NA"
"S2",27,FALSE,FALSE,FALSE,FALSE,3,0.985488592981159,0.985488592981159,0.092353246938389,0.341258583651366,-99.5125191073178,0.996065144360151,3,1040.69,"x4","x4*x10","x4*troot(x4)",1,0.999999996149839,0.986947183567155
"S3",27,FALSE,FALSE,FALSE,FALSE,3,0.985488592981159,0.985488592981159,0.0930839304234425,0.341746093101227,-99.5125191073179,0.996053893950099,3,1018.52299999999,"x4","x4*troot(x4)","x10*x4",1,0.999999820278953,0.999965984326633
"S4",27,TRUE,FALSE,FALSE,FALSE,2,0.286620857210728,-0.0700687141839079,0.0315307974715499,0.0327902383072971,-94.5244319535552,0.999963671222655,3,971.978999999992,"troot(x4*(x4*x6))","x6","x7",1,0.10742586936009,0.10485253905903
"S5",27,FALSE,FALSE,FALSE,FALSE,3,0.995239418077008,0.995239418077008,0.0435292686351804,0.0691617324823192,-100.733281436995,0.99983838064722,3,939.990000000049,"troot(x4*x4)","x4*x7","x4",0.999999999999999,0.99999826895478,0.990016083039142
"S6",27,FALSE,FALSE,FALSE,FALSE,3,0.678313582770785,0.678313582770785,0.132285883774587,0.652758570807282,-106.155875671938,0.985603172481041,3,992.82799999998,"x4","x4*troot(x4)","x4*(x8*x4)",1,1,0.994129593912101
