"Experiment","Run","F1","F2","F3","F4","Count_FP","Correlation","Correlation_FP","MAE","RMSE","LMP","R2","Count_P","Time","First","Second","Third","FirstM","SecondM","ThirdM"
"S1",6,FALSE,FALSE,FALSE,FALSE,7,0.456442102620634,0.456442102620634,0.00154261000056418,0.00243158419475613,697.519928711662,0.999999800225405,7,2418.32399999996,"x7*troot(x4*x4)","troot(x4*x4)","x9*troot(x4*x4)",1,1,1
"S2",6,FALSE,TRUE,FALSE,FALSE,3,0.571365579999365,0.428487557513593,0.00132591936895424,0.00210510548884773,695.856010035383,0.999999850269814,4,2282.86800000002,"x6*troot(x7*(x4*x4))","troot(x9*(x4*x4))","x5",1,1,0.999995758965172
"S3",6,FALSE,FALSE,FALSE,FALSE,5,0.40179574999446,0.40179574999446,0.00339153548456178,0.0090446528489135,569.807165795699,0.99999723595289,5,2361.50699999998,"troot(sin_deg(x4*x4)+((x4*x4)+x6))","x9*(x9*troot(1+(x8+(sin_deg(x4*x4)+((x4*x4)+x6)))))","x9*x7",1,1,0.999999999999479
"S4",6,FALSE,FALSE,FALSE,FALSE,6,0.350528205785741,0.350528205785741,0.00135640881118158,0.00226778577408385,692.543515786174,0.999999826233646,6,2233.04700000002,"troot(x4*x4)","x6*troot(x4*x4)","(troot(x4*x4)*x8)*sin_deg(x9)",1,0.999999999996088,0.999770807768686
"S5",6,FALSE,FALSE,FALSE,FALSE,4,0.485227390491439,0.485227390491439,0.000923238866882877,0.00161857828486083,673.551428537306,0.999999911482517,4,2230.35799999995,"troot(x4)*troot(x4)","(troot(x4)*troot(x4))*x6","x9",1,1,0.483392624826032
"S6",6,FALSE,FALSE,FALSE,FALSE,7,0.456250568400915,0.456250568400915,0.00166892701079762,0.00302511056401473,689.400277164707,0.999999690796686,7,2279.90399999998,"troot(x4*x4)","x9*troot(x4*x4)","sigmoid(x5)",1,1,0.99999999991914
