"Experiment","Run","F1","F2","F3","F4","Count_FP","Correlation","Correlation_FP","MAE","RMSE","LMP","R2","Count_P","Time","First","Second","Third","FirstM","SecondM","ThirdM"
"S1",24,FALSE,FALSE,FALSE,FALSE,4,0.715723221996778,0.715723221996778,0.0955648137154241,0.344719940553353,-99.5125191073179,0.995984917732423,4,2165.60399999999,"x4*x10","x4*troot(x4)","x4",0.999999997709681,0.999999997452231,0.999999888000507
"S2",24,FALSE,FALSE,FALSE,TRUE,0,0.999998921420326,NA,0.0446216679266352,0.0763185853126678,-94.3406692127019,0.999803201284842,1,2206.63399999996,"troot((x4*x7)*x4)","NA","NA",0.999999999994158,"NA","NA"
"S3",24,TRUE,FALSE,FALSE,FALSE,1,0.453213554521817,-0.0935728909563669,0.0334832851876567,0.039441481313897,-94.5244319535552,0.999947438461245,2,2156.62199999997,"troot(x4*(x6*x4))","x2","NA",0.999999999987788,0.304395624227045,"NA"
"S4",24,FALSE,FALSE,FALSE,FALSE,3,0.377869053809186,0.377869053809186,0.0368046147655374,0.059927061116454,-96.7669448270559,0.999878658992713,3,2238.82299999997,"x4*x2","troot(x4*x4)","x6",1,0.99999999999976,0.211469105653284
"S5",24,FALSE,FALSE,FALSE,FALSE,3,0.377869053809186,0.377869053809186,0.0367206874893633,0.0590260672713202,-101.896843541979,0.999882280249551,3,2140.89799999999,"troot(x4)*troot(x4)","x2*x4","x6",0.999999999951644,0.999999773651919,0.226423572904795
"S6",24,FALSE,FALSE,FALSE,TRUE,1,0.996429109555188,0.992859297690051,0.0438615724614826,0.0770087746699705,-94.3406692127019,0.999799625679709,2,2308.98100000003,"troot((x7*x4)*x4)","x4","NA",1,0.161455856804454,"NA"
