"Experiment","Run","F1","F2","F3","F4","Count_FP","Correlation","Correlation_FP","MAE","RMSE","LMP","R2","Count_P","Time","First","Second","Third","FirstM","SecondM","ThirdM"
"S1",21,FALSE,FALSE,FALSE,FALSE,4,0.537075438630361,0.537075438630361,0.000917709682876975,0.00158984318001578,683.955183587772,0.999999914597573,4,927.504000000015,"x6*troot(x4*x4)","troot(x4*x4)","x9",1,1,0.581584510269522
"S2",21,FALSE,FALSE,FALSE,FALSE,4,0.537075438630361,0.537075438630361,0.000959481518373277,0.00159035166196629,683.955183587773,0.999999914542936,4,1096.27499999997,"troot(x4*x4)","x6*troot(x4*x4)","x5",1,1,0.652715590960472
"S3",21,FALSE,FALSE,FALSE,TRUE,6,0.426324567074316,0.330712174683314,0.00981029703131147,0.0614919482239095,662.099432983742,0.999872239047327,7,1016.81700000004,"x7","x9*troot(x4*(x4*x7))","(x9*troot(x4*(x4*x7)))*x7",1,1,1
"S4",21,FALSE,FALSE,FALSE,FALSE,5,0.414563800477888,0.414563800477888,0.000912386206300032,0.00159058806302402,683.955183587772,0.999999914517528,5,1024.39299999998,"troot(x4*x4)","x6*troot(x4*x4)","x9",1,1,0.673307876055313
"S5",21,FALSE,FALSE,FALSE,FALSE,10,0.583782155675877,0.583782155675877,0.00473258430263705,0.00751854415436137,433.18393766448,0.999998090018569,10,1080.27399999998,"(x8*((x4*x10)*x4))*x9","x7*(x4*x10)","troot(1+((x10*troot(x2*x4))+((x4*x4)+((x10*x4)*(x2*x8)))))",1,1,1
"S6",21,FALSE,FALSE,FALSE,FALSE,6,0.334694054358938,0.334694054358938,0.000903346002694685,0.00157858565954347,673.695386157929,0.999999915802743,6,1131.87000000005,"troot(x4)*troot(x4)","x6*(troot(x4)*troot(x4))","x9",1,1,0.669103377629324
