"Experiment","Run","Correlation","MAE","RMSE","LMP","R2","Count_P","Time","First","Second","Third","FirstM","SecondM","ThirdM"
"S1",20,0.803433829080114,3.90362752039095,7.18915726978929,-973.96596092169,0.48987638877006,21,5164.909,"exp_dbl(x13)*x1","x6*x10","x10",1,0.999999999999993,0.999999961887099
"S2",20,0.886422049088148,2.93846199897624,4.72509027447351,-973.993505481479,0.779636492010991,18,4918.144,"x6*x10","x11","x9",1,0.999999999816359,0.999999077949819
"S3",20,0.869526937968312,3.05775428447488,5.11761639704219,-971.541428299276,0.7415033523779,14,5922.154,"x9*exp_dbl(x13)","x11","x9",1,0.999999999999988,0.999999999999283
"S4",20,0.894912831522356,2.85330866213735,4.49541744759903,-965.340886928853,0.800538302631947,16,3967.59,"x10*p0(x13)","x6*x10","x11",1,1,0.999999999999973
"S5",20,0.894341157563743,2.87841403063346,4.50683609664032,-965.889422763684,0.799523724675745,17,4220.26,"x6","p0(x13)*x10","x10*x6",1,1,1
"S6",20,0.860758361764794,3.21124414637448,5.52935642082134,-978.073237545855,0.698235166438923,14,3742.804,"x6*x10","troot(x13)*x9","x6",1,0.999999999999858,0.999999999999852
