"Experiment","Run","F1","F2","F3","F4","Count_FP","Correlation","Correlation_FP","MAE","LMP","R2","Count_P","Time","First","Second","Third","FirstM","SecondM","ThirdM"
"P2",13,TRUE,FALSE,FALSE,FALSE,0,1,NA,0.0321125339494122,-94.5244319535552,0.999963240247007,1,338.899000000001,"troot(x4*(x4*x6))",NA,NA,1,NA,NA
"P4",13,FALSE,FALSE,FALSE,FALSE,6,0.666280875516607,0.666280875516607,0.090684695876546,-103.889409415143,0.996365509968018,6,417.142999999996,"x4","x10*x4","x4*x4",0.99999999931507,0.999999999193508,0.999999998926812
"P5",13,FALSE,FALSE,FALSE,FALSE,4,0.490764503237467,0.490764503237467,0.0386013845477404,-106.809773752284,0.999891683784836,4,367.938999999998,"troot(x4*x4)","x6*troot(x4*x4)","x8*troot(x4*x4)",0.995348760287394,0.589516012011977,0.415134427453923
"P6",13,FALSE,FALSE,FALSE,FALSE,3,0.651563512936131,0.651563512936131,0.0365576169715889,-100.723720798733,0.99990694522599,3,369.790000000008,"troot(x4*x4)","x8*x4","x4",1,0.999999999958888,0.680457736978649
