"Experiment","Run","F1","F2","F3","F4","Count_FP","Correlation","Correlation_FP","MAE","LMP","R2","Count_P","Time","First","Second","Third","FirstM","SecondM","ThirdM"
"P2",13,FALSE,FALSE,FALSE,TRUE,1,0.453213041720608,-0.0935728909563669,0.0475821106783301,-104.514236619964,0.999772563384103,2,350.615999999998,"troot(1+((x4*x4)*x7))","x2",NA,1,0.261208503638589,NA
"P4",13,TRUE,FALSE,FALSE,FALSE,1,0.467672661882095,-0.0646546762358107,0.0316702473289431,-94.5244319535552,0.999963331684112,2,353.318999999996,"troot(x4*(x4*x6))","x7",NA,1,0.120381777034011,NA
"P5",13,FALSE,FALSE,FALSE,FALSE,4,0.460532476922086,0.460532476922086,0.110513546737005,-103.594302692051,0.9938019479039,4,377.521999999997,"x4","troot(x4)*x4","(x4*x8)*x10",1,0.999999999998391,0.999999917935118
"P6",13,FALSE,FALSE,FALSE,FALSE,4,0.723036440884047,0.723036440884047,0.0464024656943635,-100.717970320674,0.999803644473258,4,400.678,"troot(x4*x4)","x4*x6","x4",0.999999999999998,0.999708584838322,0.999562622109678
