"Experiment","Run","F1","F2","F3","F4","Count_FP","Correlation","Correlation_FP","MAE","RMSE","LMP","R2","Count_P","Time","First","Second","Third","FirstM","SecondM","ThirdM"
"S1",26,FALSE,TRUE,FALSE,FALSE,5,0.536781092481561,0.444137381486537,0.0015384984592217,0.00241035293093789,696.067924478139,0.999999803698819,6,2479.871,"troot(x4*(x4*x9))","troot(x4*x4)","x5",1,1,0.99999931275726
"S2",26,FALSE,FALSE,FALSE,FALSE,14,0.419059177161309,0.419059177161309,3.98909445835046,29.0469871745991,567.708171696443,-27.5078077790229,14,2209.053,"troot(x4)","troot(1+(((x3*x4)*x4)*troot(x4)))","sin_deg(x4)",1,1,1
"S3",26,FALSE,FALSE,FALSE,FALSE,12,0.794816488943558,0.794816488943558,28.145443288205,206.801640699734,643.316394141676,-1444.00581855242,12,1991.021,"x9*(p3(p0(x6*x4))*p0(x4*x4))","x4*x7","p0(x4)*x4",1,1,1
"S4",26,FALSE,TRUE,FALSE,FALSE,4,0.370717497576595,0.213396960108664,0.00223118110523242,0.00475830940608716,666.986831469088,0.999999234990211,5,1999.072,"troot(1+(x4*(x4*x9)))*x6","troot(1+(x4*(x4*x9)))","x7",1,1,0.999999999972823
"S5",26,FALSE,FALSE,FALSE,FALSE,11,0.563244638180051,0.563244638180051,0.00221209453736028,0.00362749616013694,648.790291544238,0.999999555393755,11,1901.371,"p0(x4)","x4*x7","troot(x4)",1,1,1
"S6",26,FALSE,TRUE,FALSE,FALSE,6,0.705571052950537,0.656499620532846,0.00141649969037845,0.00254838356192309,672.997560675239,0.999999780572414,7,2024.673,"troot(x4)*troot(x9*x4)","(x6*x7)*(troot(x4)*troot(x9*x4))","x4",1,1,1
