"Experiment","Run","F1","F2","F3","F4","Count_FP","Correlation","Correlation_FP","MAE","RMSE","LMP","R2","Count_P","Time","First","Second","Third","FirstM","SecondM","ThirdM"
"S1",10,FALSE,FALSE,FALSE,FALSE,5,0.406578713632249,0.406578713632249,0.0367253261948897,0.058874786427031,-96.7669448270559,0.999882882895894,5,2670.44,"troot(x4*x4)","x4*x2","x6",1,0.973230500231764,0.187322954999662
"S2",10,TRUE,FALSE,FALSE,FALSE,1,0.467672661882095,-0.0646546762358107,0.0318783434344272,0.0332131065524313,-94.5244319535552,0.999962728177139,2,2758.694,"troot(x6*(x4*x4))","x7","NA",0.99999996157339,0.119551735256287,"NA"
"S3",10,FALSE,FALSE,FALSE,FALSE,9,0.372505573777672,0.372505573777672,0.0508451484564709,0.120367611014385,-102.146901329513,0.999510468189841,9,3085.912,"x4","x4*p0(x4)","x7*x4",0.999999960602198,0.999999778890354,0.999313888084899
"S4",10,FALSE,FALSE,FALSE,FALSE,3,0.733983070416538,0.733983070416538,0.038881970700479,0.0592767202391208,-96.7669448270558,0.999881278337813,3,3148.18,"troot(x4*x4)","x2*x4","x4",1,0.958490631177184,0.116144211376092
"S5",10,FALSE,FALSE,FALSE,FALSE,11,0.41588262235937,0.41588262235937,0.0433061713101754,0.091170833118114,-106.955261829846,0.999719150611469,11,2810.635,"x4","x2*x4","p3(x4)",1,0.996806997338821,0.969963270991597
"S6",10,FALSE,FALSE,FALSE,TRUE,1,0.571368218870103,0.142737516319879,0.0445427264742286,0.0756372941875335,-94.3406692127019,0.999806699220978,2,2179.053,"troot(x4*(x7*x4))","x5","NA",0.999999595134933,0.108763202375487,"NA"
