"Experiment","Run","Correlation","MAE","RMSE","LMP","R2","Count_P","Time","First","Second","Third","FirstM","SecondM","ThirdM"
"S1",22,0.899510422859003,2.76196014398474,4.40112415854786,-959.372822445084,0.808818133310246,19,5428.303,"x9*p0(x13)","x6","x9*p3(x6)",1,1,0.999999999999361
"S2",22,0.863878545513734,3.17547520156363,5.30535561138179,-973.661568114426,0.722189628225723,17,4971.691,"x6","x9*x6","x9*sigmoid(x13)",1,1,1
"S3",22,0.888707721919806,3.00334780616324,4.62892974173552,-980.434615781199,0.7885144812113,15,5574.153,"x9*p0(x13*x6)","x11","x13*x9",1,0.999979361563827,0.999934013935037
"S4",22,0.807229138660288,3.78685919096365,7.37469717485779,-972.236073447436,0.463205768462299,15,4216.1,"x1*exp_dbl(x13)","p3(x6)*x10","p3(x6)",1,1,1
"S5",22,0.871038894343544,3.06482818334726,5.1837539872425,-974.258516990186,0.73477880858722,14,3823.779,"x9*p3(x6)","x9*sigmoid(x13)","p3(x6)",1,1,1
"S6",22,0.886292069765853,2.97228479845277,4.7460641874541,-976.810264336187,0.777675834045794,18,3694.838,"x6*x6","x9*(x6*x6)","p0(x13)*x9",1,1,1
