"Experiment","Run","F1","F2","F3","F4","Count_FP","Correlation","Correlation_FP","MAE","RMSE","LMP","R2","Count_P","Time","First","Second","Third","FirstM","SecondM","ThirdM"
"S1",1,FALSE,FALSE,FALSE,TRUE,1,0.996429109555188,0.992859297690051,0.0438480568536121,0.076983897135797,-94.3406692127019,0.999799755119863,2,758.892,"troot((x7*x4)*x4)","x4","NA",1,0.176603374292635,"NA"
"S2",1,TRUE,FALSE,FALSE,FALSE,0,1,NA,0.032284985949543,0.0332350919047224,-94.5244319535552,0.999962678816784,1,712.608,"troot((x4*x4)*x6)","NA","NA",1,"NA","NA"
"S3",1,FALSE,FALSE,FALSE,FALSE,2,0.604544956779782,0.604544956779782,0.0387483878492012,0.0602293630038044,-96.7669448270558,0.99987743169623,2,696.308,"troot(x4*x4)","x4*x2","NA",0.999998673016721,0.962080823496506,"NA"
"S4",1,TRUE,FALSE,FALSE,FALSE,1,0.467672661882095,-0.0646546762358107,0.0318894422596256,0.0332258163652996,-94.5244319535552,0.99996269964572,2,733.242,"troot(x4*(x4*x6))","x7","NA",1,0.120268215405209,"NA"
"S5",1,FALSE,FALSE,FALSE,TRUE,1,0.996429109555188,0.992859297690051,0.0442256520969315,0.0769235936815783,-94.3406692127019,0.999800068710858,2,654.35,"troot((x4*x4)*x7)","x4","NA",1,0.161830365362674,"NA"
"S6",1,FALSE,FALSE,FALSE,FALSE,5,0.61625332631582,0.61625332631582,0.164772235413911,0.709343263332263,-106.222360112973,0.982998997429774,5,751.468,"x4","x4*x4","x4*x2",1,1,0.999739437836519
