"Experiment","Run","F1","F2","F3","F4","Count_FP","Correlation","Correlation_FP","MAE","LMP","R2","Count_P","Time","First","Second","Third","FirstM","SecondM","ThirdM"
"P1",3,FALSE,FALSE,FALSE,FALSE,15,0.524444888178364,0.524444888178364,0.300517736093997,584.98610907617,0.843294289743339,15,NA,"x4","x4*x4","x6",1,0.999999806744417,0.999994861022108
"P2",3,FALSE,FALSE,FALSE,FALSE,7,0.424484828665895,0.424484828665895,0.00158854653141864,695.312635688231,0.999999804660899,7,NA,"troot(x4*x4)","troot(x4*x4)*x9","troot(x4*x4)*x7",1,0.999988318028271,0.999988318028271
"P3",3,FALSE,TRUE,TRUE,FALSE,5,0.601947748045292,0.442726959432545,0.00168170604416397,679.720565730869,0.999999778751339,7,NA,"troot(x4*(x9*x4))","troot(x4*(x9*x4))*x7","troot((x9*x4)*(x9*x4))",0.999999970807798,0.999999970807798,0.999999970807798
"P4",3,FALSE,FALSE,FALSE,FALSE,5,0.592525122582957,0.592525122582957,5.39502544103509e+220,700.057650136978,-Inf,5,NA,"troot(x4*x4)","troot(x4*x4)*x7","troot(x4*x4)*x9",1,0.999999898424823,0.999999898424823
"P5",3,FALSE,FALSE,FALSE,TRUE,8,0.488426254587179,0.424479671233035,2.7608020443743e+289,645.160585034541,-Inf,9,NA,"x4","troot(x4*(x7*x4))","x4*x7",1,1,1
"P6",3,TRUE,FALSE,FALSE,FALSE,3,0.782114101805464,0.709485469073952,9.41666235736101e+262,682.464833670682,-Inf,4,NA,"x4","x4*x9","troot(x4)*troot(x4*x6)",0.999844614729678,0.999844614729678,0.999844614729678
