"Experiment","Run","F1","F2","F3","F4","Count_FP","Correlation","Correlation_FP","MAE","LMP","R2","Count_P","Time","First","Second","Third","FirstM","SecondM","ThirdM"
"P1",3,FALSE,FALSE,FALSE,FALSE,10,0.682380067885348,0.682380067885348,0.0083999802625536,573.043948937064,0.999953958759216,10,404.424,"x4","troot(x4)","troot(troot(x4))",1,1,1
"P2",3,FALSE,FALSE,TRUE,FALSE,4,0.59252601085149,0.490657565639953,0.00154457822010286,660.354397060482,0.999999800659189,5,431.931999999997,"x7*(troot(x4*x9)*troot(x4*x9))","troot(x4)*troot(x4)","troot(x4*x9)*troot(x4*x9)",1,0.999999999732442,0.99988265490804
"P3",3,FALSE,FALSE,FALSE,FALSE,5,0.243634421610596,0.243634421610596,0.00193040274626995,657.358788462871,0.999999525916021,5,482.135000000002,"troot(x4*x4)","troot(x4*(x4*x8))","troot(x4*(x4*x8))*x6",1,1,1
"P4",3,FALSE,FALSE,FALSE,FALSE,10,0.745978331310676,0.745978331310676,13.708968360077,549.159137002686,-337.99063870244,10,627.253000000004,"x4*x4","troot(p3(x4)*(x4*x4))","troot(x9*(x6*x4))",1,1,1
"P5",3,FALSE,FALSE,FALSE,FALSE,10,0.362692575109671,0.362692575109671,0.446961456427495,455.172984227677,0.666877085532001,10,499.115999999995,"x3*((x4*x3)*p0(troot(x4*x3)))","x4","sin_deg(troot(x4))*sin_deg(troot(x4))",1,1,1
"P6",3,FALSE,FALSE,FALSE,FALSE,12,NA,NA,9.80505137218576e+296,604.136678918506,-Inf,12,379.46100000001,"x4*troot(troot(x4))","x4","p3(x8)*x4",1,1,1
