"Experiment","Run","Correlation","MAE","RMSE","LMP","R2","Count_P","Time","First","Second","Third","FirstM","SecondM","ThirdM"
"S1",9,0.838531045512637,3.44441622933352,5.70971545941968,-2022.75256207337,0.678227897167068,15,6383.34,"troot(x13)*x6","x6*x10","x5",1,1,1
"S2",9,0.849295688703286,3.61557065945306,5.33152159028826,-2883.38086562396,0.719442552765995,15,7323.835,"x1","x4","x6",1,1,1
"S3",9,0.885513506984923,3.06135048334847,4.68571902628859,-2369.70601528793,0.78329349750887,15,7424.855,"x1","troot(x13)*x6","x5",1,1,1
"S4",9,0.873520505205349,3.2657510264519,4.96958936982622,-2367.02296775799,0.756241108113139,15,7826.123,"x6*x10","x4","x5",1,1,1
"S5",9,0.830345270780031,3.70218486805325,5.62417096467889,-3232.39521507071,0.687797422107109,15,3402.881,"x1","x2","p0(x13*x7)",1,1,1
"S6",9,0.883084117997398,3.09563757846391,4.90649195895545,-2001.33106483261,0.762391682187546,15,3334.676,"x9*x13","x5","exp_dbl(x13)",1,1,1
