"Experiment","Run","F1","F2","F3","F4","Count_FP","Correlation","Correlation_FP","MAE","RMSE","LMP","R2","Count_P","Time","First","Second","Third","FirstM","SecondM","ThirdM"
"S2",11,FALSE,FALSE,FALSE,FALSE,4,0.732148716950225,0.732148716950225,0.00172767122451552,0.00251943682208648,680.071063515122,0.999999785528998,4,2181.395,"troot(x4)*troot(x4)","(troot(x4)*troot(x4))*x9","(troot(x4)*troot(x4))*x7",1,1,1
"S3",11,FALSE,FALSE,FALSE,FALSE,5,0.358243645301953,0.358243645301953,0.000913693779898921,0.00158332340894524,673.695386157929,0.999999915296589,5,2010.983,"troot(x4)*troot(x4)","(troot(x4)*troot(x4))*x6","x9",1,1,0.564259983126864
"S5",11,FALSE,FALSE,FALSE,TRUE,8,0.527144682577961,0.468037902722665,0.00153378821376707,0.00300478235131286,656.907545830677,0.999999694938308,9,2380.02,"troot(x4*(x7*x4))","troot(x4*(x7*x4))*x6","x4*x9",1,1,1
"S6",11,TRUE,FALSE,FALSE,FALSE,4,0.780619246912289,0.725774058640361,0.000835727523055435,0.00179778426994745,682.751532613054,0.999999890796442,5,1889.469,"troot(x4)*troot(x4*x6)","x4","x7*x4",1,0.999987672171782,0.562937073442696
