"Experiment","Run","Correlation","RMSE","MAE","LMP","R2","Count_P","Time","First","Second","Third","FirstM","SecondM","ThirdM"
"P1",13,0.89510475892721,4.49157495537501,2.84318492615036,-965.340886928853,0.800879139706196,11,NA,"x13","x10","x11",2.13776993621288,1.81475005367735,1.46941927298808
"P2",13,0.833434127807724,6.53579248639825,3.45481139803656,-971.551242360776,0.57838508474455,12,NA,"x12","x9","x11",1.43648046758088,1.10805111477363,1.02827113535087
"P3",13,0.858922140833593,5.57820321326453,3.17851336021491,-974.483130636637,0.692879985353222,12,NA,"x12","x6","x11",2.02413104715232,1.87794896553246,1.30959473098453
"P4",13,0.824523648358945,6.60699843433478,3.53315960154363,-976.058739502366,0.56914824671392,13,NA,"x6","x1","x10",1.00000462999959,0.999999591300124,0.99998375319093
"P5",13,0.834772895297087,6.65741074212668,3.52725735684665,-962.983894520628,0.562548246549422,13,NA,"x9","x6","x1",2.33409096792152,1.6860218336473,1.48094982556528
"P6",13,0.814305087968988,7.52836339211654,3.66198492940487,-966.83714937332,0.440602391715209,13,NA,"x7","x1","x10",1.49612324609972,1.24809039481103,0.999999911930765
