"Experiment","Run","F1","F2","F3","F4","Count_FP","Correlation","Correlation_FP","MAE","RMSE","LMP","R2","Count_P","Time","First","Second","Third","FirstM","SecondM","ThirdM"
"S1",35,FALSE,FALSE,FALSE,FALSE,12,0.064799776897241,0.064799776897241,0.0112143259784875,0.0398749174441298,364.001918418671,0.999946276879619,12,2442.894,"x2*x4","x4","sin_deg(1+troot(x4))",1,1,1
"S2",35,FALSE,FALSE,FALSE,FALSE,8,NA,NA,NA,NA,709.007756907668,NA,8,1843.089,"troot((x4*sin_deg(x6))*x4)","x5","x4",1,1,1
"S3",35,FALSE,FALSE,FALSE,FALSE,8,0.723337199634186,0.723337199634186,0.00202412012792182,0.00451298639697446,623.406876844851,0.999999311839589,8,3085.393,"x4*x6","p3(p0(x4))*troot(x4*x6)","troot(x4*x6)",1,1,1
"S4",35,FALSE,FALSE,FALSE,FALSE,5,0.575026404353766,0.575026404353766,0.00168462105747566,0.00260881700098982,685.451861350119,0.999999770041817,5,2312.072,"troot(x4*x4)*x7","troot(x4*x4)*x9","troot(x4*x4)",1,1,1
"S5",35,FALSE,FALSE,FALSE,FALSE,5,0.657085257273899,0.657085257273899,0.00165374941975057,0.00249587446728543,696.692541424987,0.999999789521804,5,1984.646,"troot(x4*x4)","x7*troot(x4*x4)","x9*troot(x4*x4)",1,1,1
"S6",35,FALSE,FALSE,FALSE,FALSE,8,0.719475206960562,0.719475206960562,0.00148935297837991,0.00256582453770736,618.705931412369,0.999999777558639,8,2114.26,"x5*(x2*x4)","x4","x9*troot(((sin_deg(p0(x4))*p0(x4))*x4)*x4)",1,1,1
