"Experiment","Run","Correlation","MAE","RMSE","LMP","R2","Count_P","Time","First","Second","Third","FirstM","SecondM","ThirdM"
"S1",20,0.875382079805824,3.50182049425565,4.95065162951838,-3242.17770870425,0.758095364725915,15,7529.748,"x1","x2","p0(x9)",1,1,1
"S2",20,0.751168799199653,4.26312002797205,9.46595101733419,-1827.42816424986,0.115601570987071,15,7839.756,"x1","sigmoid(x9*x6)","x5",1,1,1
"S3",20,0.841133640578884,3.48997600600907,5.80846177654069,-2151.0111931513,0.667001920874123,15,7593.544,"x1","p0(x6)","x6",1,1,1
"S4",20,0.869618934665273,3.1544739908951,4.97629804057623,-2226.17241073115,0.755582541858545,15,6655.508,"x5","x6","p0(x6)",1,1,1
"S5",20,0.846777261790212,3.53699957564853,5.46384662631779,-2574.63599269958,0.70534320775424,15,3454.562,"x5","x6","troot(x10)",1,1,1
"S6",20,0.77967701605833,3.84405775283196,8.10085179889569,-1998.76701947245,0.352289658924644,15,5544.521,"x1","x5*troot(1+exp_dbl(1+x13))","exp_dbl(1+x13)",1,1,1
