"Experiment","Run","Correlation","MAE","RMSE","LMP","R2","Count_P","Time","First","Second","Third","FirstM","SecondM","ThirdM"
"S1",28,0.885212743038269,2.94116895065159,4.68390929821691,-975.74514035996,0.783460858848472,18,4818.506,"x11","x6*x9","x1",1,1,0.999073725144804
"S2",28,0.871197330412845,3.03044121556271,5.14937897349974,-968.462137395551,0.738284666856238,18,5014.555,"p3(x6)","x6*x9","x9*sigmoid(x13)",1,1,1
"S3",28,0.726615034174929,4.12790673395254,10.9254914123738,-980.353246152174,-0.178152249483797,18,6102.698,"exp_dbl(x13)*x3","x6*x3","x11",1,1,0.999999999989986
"S4",28,0.893825184367848,2.80350327885789,4.51640518917263,-977.270718937036,0.798671502596294,11,4241.149,"p3(x6)","p3(x9)","p3((x11*(x6*x6))*x5)",1,1,1
"S5",28,0.870064570824088,3.06087681516732,5.1966378034838,-969.569082299322,0.733458797058394,18,3981.161,"sigmoid(x13)*x9","(x5*x13)*x9","x11",1,0.999999999999999,0.999999999999978
"S6",28,0.806620653003504,3.80475102791084,7.05417083204947,-974.84752954261,0.508853105374093,15,3856.223,"x10*x6","x6","x10",1,1,1
