"Experiment","Run","F1","F2","F3","F4","Count_FP","Correlation","Correlation_FP","MAE","LMP","R2","Count_P","Time","First","Second","Third","FirstM","SecondM","ThirdM"
"P2",27,TRUE,FALSE,FALSE,FALSE,5,0.600958891463448,0.600958891463448,0.00150736871920206,678.705114059835,0.999999822171055,5,NA,"x4","troot(((x6*x4)*x4)+x7)","x6*x4",0.992994699631672,0.992979463376247,0.992979463369638
"P3",27,TRUE,FALSE,FALSE,FALSE,2,0.641505520012678,0.462258280019017,0.000817132840584806,684.777371260963,0.999999910336868,3,NA,"troot(x6*(x4*x4))","troot(x4*x4)","x6",0.967261945262337,0.96011691384846,0.124144997311972
