"Experiment","Run","F1","F2","F3","F4","Count_FP","Correlation","Correlation_FP","MAE","RMSE","LMP","R2","Count_P","Time","First","Second","Third","FirstM","SecondM","ThirdM"
"S1",22,FALSE,FALSE,FALSE,FALSE,3,0.668521412733855,0.668521412733855,0.000931267629989108,0.00162072060470472,673.551428537306,0.999999911248042,3,1044.48499999999,"troot(x4)*troot(x4)","(troot(x4)*troot(x4))*x6","x9",1,1,0.476309977011222
"S2",22,TRUE,FALSE,FALSE,FALSE,2,0.995239630300659,0.992859445450989,0.000830645144383195,0.00180232045454076,687.594732385605,0.99999989024466,3,1057.46599999996,"troot(x6*(x4*x4))","x4","x9*x4",0.999999950883659,0.999644257446291,0.999608969121935
"S3",22,FALSE,TRUE,FALSE,FALSE,6,0.291825755868756,0.173796773937435,0.00225466325057025,0.00457892889851858,685.270160323673,0.999999291582248,7,947.14499999996,"troot(x4*(x9*x4))","x6*troot(x4*(x9*x4))","x7",1,1,1
"S4",22,FALSE,FALSE,FALSE,FALSE,3,0.668521412733855,0.668521412733855,0.000925986379761922,0.00161970952392704,673.551428537306,0.999999911358743,3,1067.84299999999,"troot(x4)*troot(x4)","(troot(x4)*troot(x4))*x6","x9",1,1,0.435540939064821
"S5",22,FALSE,FALSE,FALSE,FALSE,9,0.271739943228344,0.271739943228344,0.00288147274455396,0.00635888960102159,626.091749479494,0.999998633768777,9,941.77999999997,"x4*x1","x4","troot((x7*x4)*(x7*x4))",1,1,1
"S6",22,TRUE,FALSE,FALSE,FALSE,5,0.509647359889608,0.411576839517864,0.000937288970551916,0.00193003869047109,648.446316577412,0.999999874138279,6,1081.14899999998,"troot(1+(((x6*x4)*x4)+troot(exp_dbl(x6))))","sigmoid(x4)","x6*x4",1,0.999999358201824,0.99999169043021
