"Experiment","Run","F1","F2","F3","F4","Count_FP","Correlation","Correlation_FP","MAE","LMP","R2","Count_P","Time","First","Second","Third","FirstM","SecondM","ThirdM"
"P1",47,FALSE,FALSE,FALSE,FALSE,3,0.64150431355363,0.64150431355363,0.000982883271047253,673.488289482677,0.999999909043197,3,NA,"troot(x4)*troot(x4)","(troot(x4)*troot(x4))*x6","x6",0.999999999999812,0.999999999999812,0.121070814897542
"P5",47,FALSE,FALSE,FALSE,FALSE,3,0.668521412733855,0.668521412733855,0.000928450816229949,683.811225967151,0.999999911140049,3,NA,"troot(x4*x4)","troot(x4*x4)*x6","x9",1,0.999996260560996,0.508029885506357
