"Experiment","Run","F1","F2","F3","F4","Count_FP","Correlation","Correlation_FP","MAE","LMP","R2","Count_P","Time","First","Second","Third","FirstM","SecondM","ThirdM"
"P1",16,FALSE,FALSE,FALSE,FALSE,4,0.715723221996778,0.715723221996778,0.091336307186284,-99.5125191073178,0.996119040475946,4,373.761,"x4*x10","x4","x4*troot(x4)",0.999999875137327,0.999881027090372,0.942031999449889
"P2",16,FALSE,FALSE,FALSE,TRUE,2,0.303615814638486,-0.0445757387524339,0.0474978259012169,-94.3406692127019,0.999760641272541,3,339.281000000003,"troot((x4*x4)*x7)","x2","x10",1,0.167860724552913,0.133105443723427
"P3",16,FALSE,FALSE,FALSE,FALSE,2,0.604544956779782,0.604544956779782,0.0388389231320975,-96.7669448270558,0.999882910013062,2,364.675999999999,"troot(x4*x4)","x2*x4","NA",0.999999999999924,0.982602206877399,"NA"
"P4",16,FALSE,FALSE,FALSE,FALSE,3,0.991909793402541,0.991909793402541,0.0511466778569176,-102.146901329513,0.999290130842084,3,380.681000000004,"x4","p0(x4)*x4","x7*x4",1,1,1
"P5",16,FALSE,FALSE,TRUE,FALSE,0,0.999999791697638,NA,0.0368707589015903,-100.73060235727,0.999894127934224,1,374.464000000007,"troot((x9*x4)*(x9*x4))","NA","NA",1,"NA","NA"
"P6",16,FALSE,FALSE,FALSE,FALSE,3,0.404503775670354,0.404503775670354,0.0389927458288867,-96.7669448270558,0.999875547291203,3,409.978999999992,"troot(x4*x4)","x4*x2","x10",1,1,0.211753057654001
