"Experiment","Run","F1","F2","F3","F4","Count_FP","Correlation","Correlation_FP","MAE","RMSE","LMP","R2","Count_P","Time","First","Second","Third","FirstM","SecondM","ThirdM"
"S1",30,FALSE,FALSE,FALSE,FALSE,3,0.736363219253691,0.736363219253691,0.0561772015650256,0.275320879284689,-24.0166299391974,0.997438821003595,3,2501.28,"troot(x4*x4)*x9","troot(x4*x4)","x2*x4",0.836337265912474,0.163662734089895,0.102983433272527
"S2",30,TRUE,FALSE,FALSE,FALSE,0,1,NA,0.00185030381138095,0.00888744918910106,-20.5220457792714,0.999997331200808,1,2578.268,"troot((x4*x4)*x6)","NA","NA",1,"NA","NA"
"S3",30,FALSE,TRUE,FALSE,FALSE,0,0.999999647456683,NA,0.0608368435037042,0.303885352027147,-22.889285690445,0.996879809077377,1,2599.888,"troot((x4*x4)*x9)","NA","NA",0.999999999999998,"NA","NA"
"S4",30,TRUE,FALSE,FALSE,FALSE,0,1,NA,0.00185030650655786,0.00888748202905135,-20.5220457792714,0.999997331181085,1,2523.737,"troot(x4*(x6*x4))","NA","NA",1,"NA","NA"
"S5",30,FALSE,FALSE,FALSE,FALSE,1,0.99999974420151,0.99999974420151,0.064314040463841,0.317855492597445,-24.0166299391974,0.996586333604687,1,2527.371,"troot(x4*x4)*x9","NA","NA",0.940623311250382,"NA","NA"
"S6",30,FALSE,FALSE,FALSE,FALSE,3,0.736363219253691,0.736363219253691,0.0576039931749442,0.284045997214029,-24.0166299391974,0.997273917574355,3,2710.135,"x9*troot(x4*x4)","troot(x4*x4)","x4*x2",0.845385159297918,0.154620636249825,0.102832449033091
