"Experiment","Run","F1","F2","F3","F4","Count_FP","Correlation","Correlation_FP","MAE","RMSE","LMP","R2","Count_P","Time","First","Second","Third","FirstM","SecondM","ThirdM"
"S1",7,TRUE,FALSE,FALSE,FALSE,3,0.48429348673181,0.312391315642413,0.000803375947983991,0.00163330377893012,684.777371260963,0.999999909864563,4,2403.30799999996,"troot(x6*(x4*x4))","troot(x4*x4)","x1",1,1,0.154078727207541
"S2",7,FALSE,FALSE,FALSE,FALSE,5,0.657085257273899,0.657085257273899,0.00165442256822342,0.00249606912813412,696.692541425022,0.999999789488971,5,2330.88199999998,"x5","x9*troot(x4*x4)","troot(x4*x4)",1,1,1
"S3",7,FALSE,FALSE,FALSE,FALSE,4,0.502496412913266,0.502496412913266,0.000927032623981734,0.00161532129916616,673.551428537306,0.999999911838398,4,2218.36000000004,"troot(x4)*troot(x4)","x6*(troot(x4)*troot(x4))","x9",1,1,0.516952686256087
"S4",7,FALSE,TRUE,FALSE,FALSE,4,0.450857517547714,0.313571985070472,0.00152291820373485,0.00230829751578453,684.463843926107,0.999999819969866,5,2468.83199999999,"troot(x9*(x4*x4))","((x9*(troot(x4)*troot(x4)))*x7)*x6","x5",1,1,0.999940285261984
"S5",7,TRUE,FALSE,FALSE,FALSE,6,0.274503167780111,0.153587031541127,0.00118732358231643,0.00247423252911565,700.751802849772,0.999999793156127,7,2352.33400000003,"x8*x4","troot(1+((x4*x6)*x4))","x4",1,1,0.999999999999998
"S6",7,FALSE,FALSE,FALSE,FALSE,13,0.744635019050667,0.744635019050667,0.201661482445228,1.36819426243135,583.611867581985,0.936750489962659,13,2475.25900000002,"troot(troot(x4)*x4)","troot(x4)","x4*sigmoid(sin_deg(x4))",1,1,1
