"Experiment","Run","F1","F2","F3","F4","Count_FP","Correlation","Correlation_FP","MAE","LMP","R2","Count_P","Time","First","Second","Third","FirstM","SecondM","ThirdM"
"P1",11,TRUE,FALSE,FALSE,FALSE,2,0.995239780774171,0.992859671161257,NA,687.684548542456,NA,3,NA,"troot(x6*(x4*x4))","x4","x6*x4",0.963215384564685,0.915047867891705,0.903448039927397
"P2",11,TRUE,FALSE,FALSE,FALSE,2,0.995239780774171,0.992859671161257,0.000830870701237479,687.684548542454,0.999999890068744,3,NA,"x4","troot((x6*x4)*x4)","x4*x6",1,1,1
"P3",11,TRUE,FALSE,FALSE,FALSE,3,0.482521276361676,0.310028368482235,0.000839243215564347,684.777371260963,0.999999909416834,4,NA,"troot((x4*x4)*x6)","troot(x4*x4)","x6",0.999986676165349,0.999768087012021,0.249898434167424
"P4",11,FALSE,TRUE,FALSE,FALSE,3,0.491023623084247,0.321364948293435,0.00301507587193078,689.758049957918,0.99999424201131,4,NA,"troot(x4*(x4*x9))","troot((x9*x4)*x4)*x6","p3(x5)",0.993177467957964,0.993177467957964,0.993177467957813
"P5",11,FALSE,FALSE,FALSE,TRUE,5,0.46865939434919,0.362391488934962,0.00704773139825622,642.625625170257,0.999935999363226,6,NA,"troot(x4*(x4*x7))","troot((x4*x6)*(x4*x6))","troot(x4*(x4*x7))*x7",1,1,0.999999999997827
"P6",11,FALSE,FALSE,FALSE,FALSE,4,0.519519633219241,0.519519633219241,NA,683.748086912524,NA,4,NA,"troot(x4*x4)","x6*troot(x4*x4)","x5",1,0.999999998632064,0.349150827207419
