"Experiment","Run","F1","F2","F3","F4","Count_FP","Correlation","Correlation_FP","MAE","LMP","R2","Count_P","Time","First","Second","Third","FirstM","SecondM","ThirdM"
"P1",5,FALSE,TRUE,FALSE,FALSE,5,0.585015565865383,0.502018749547122,0.0577106148118608,-99.877214903911,0.998994633892198,6,NA,"troot(x4*x4)","x3*x4","troot(x4*(x4*x9))",0.76910161028512,0.769039583627444,0.222827472023029
"P2",5,TRUE,FALSE,FALSE,TRUE,1,0.997619406370126,0.992859297690051,0.0353073136751571,-94.3406692127019,0.999933856894754,3,NA,"troot((x4*x7)*x4)","troot((x4*x6)*x4)","x4",0.541912331332556,0.454248077132786,0.129084650635692
"P3",5,FALSE,FALSE,FALSE,TRUE,2,0.665759877520625,0.498640355570775,0.0437756023677309,-94.3406692127019,0.999803221769048,3,NA,"troot(x4*(x4*x7))","x10","x4",0.913563340318678,0.175034512850531,0.128595595803938
"P4",5,TRUE,FALSE,FALSE,FALSE,1,0.453213554521817,-0.0935728909563669,0.0305313955831319,-94.5244319535552,0.999967953796393,2,NA,"troot(x4*(x4*x6))","x2","NA",0.904497840063891,0.288368410644488,"NA"
"P5",5,FALSE,FALSE,FALSE,FALSE,7,0.603777365221117,0.603777365221117,0.0656994817869946,-99.5125191073178,0.998084236889455,7,NA,"x4","x10*x4","troot(x4)*x4",0.80261259735423,0.590175809193723,0.582779819996478
"P6",5,FALSE,FALSE,FALSE,FALSE,3,0.284002128515961,0.284002128515961,0.0380266297826184,-96.7669448270558,0.999887631423751,3,NA,"troot(x4*x4)","x2*x4","x3",0.999999999629085,0.976941377689602,0.121240686808435
