"Experiment","Run","F1","F2","F3","F4","Count_FP","Correlation","Correlation_FP","MAE","LMP","R2","Count_P","Time","First","Second","Third","FirstM","SecondM","ThirdM"
"P1",5,FALSE,FALSE,FALSE,FALSE,4,0.575250786586522,0.575250786586522,0.0690107668796843,-99.877214903911,0.998013486960372,4,521.940000000061,"troot(x4*x4)","x3*x4","x7",0.999999999932401,0.999999999924216,0.1594697998751
"P2",5,FALSE,FALSE,FALSE,TRUE,1,0.996429109555188,0.992859297690051,0.0438559448852196,-94.3406692127019,0.999800307451394,2,548.720000000088,"troot((x4*x7)*x4)","x4","NA",0.998598727807731,0.16268213554957,"NA"
"P3",5,FALSE,FALSE,FALSE,FALSE,4,0.473928553752312,0.473928553752312,0.202608514192751,-110.683268892041,0.965483282978773,4,512.859999999986,"x4","x4*x4","x8*(x3*x4)",1,1,0.999999999995353
"P4",5,TRUE,FALSE,FALSE,FALSE,1,0.50221070672575,0.00442141345149907,0.0313528120580033,-99.6543306684783,0.999959245617409,2,557.140000000014,"troot(x6)*troot(x4*x4)","x10","NA",0.999495054162159,0.303839860508861,"NA"
"P5",5,FALSE,FALSE,FALSE,FALSE,3,0.78855275153779,0.78855275153779,0.0690204603896078,-113.242329683649,0.997862670932728,3,535.599999999977,"troot(x4)*(troot(x4)*x9)","x4*x3","x4",1,0.999998700151755,0.15687966513237
"P6",5,FALSE,FALSE,FALSE,FALSE,5,0.56911615494084,0.56911615494084,0.0417521415123312,-100.720409257459,0.999834318765901,5,546.89000000013,"troot(x4*x4)","x9*x4","x4",1,0.999999924832094,0.999982972473825
