"Experiment","Run","F1","F2","F3","F4","Count_FP","Correlation","Correlation_FP","MAE","LMP","R2","Count_P","Time","First","Second","Third","FirstM","SecondM","ThirdM"
"P1",5,FALSE,TRUE,FALSE,FALSE,2,0.733983182178753,0.600974949539788,0.0427363760360317,-101.110142936484,0.99973720480903,3,623.020000000019,"troot(x4*(x4*x9))","x2*x4","x4",1,0.799471412890267,0.210210115409587
"P2",5,FALSE,FALSE,FALSE,FALSE,5,0.563265670115133,0.563265670115133,0.0946406647033781,-99.5125191073178,0.996061764253701,5,641.140000000014,"x4*troot(x4)","x4","x4*x10",1,1,1
"P3",5,FALSE,FALSE,FALSE,FALSE,4,0.267238121297937,0.267238121297937,0.0361696017864375,-96.7669448270558,0.99990677601754,4,588.869999999995,"troot(x4*x4)","x4*x2","x6",0.999999455558226,0.949641621698486,0.181522816664113
"P4",5,TRUE,FALSE,FALSE,FALSE,1,0.453213554521817,-0.0935728909563669,0.0314410161105579,-94.5244319535552,0.999963637453917,2,591.089999999967,"troot(x4*(x4*x6))","x2","NA",0.999999970170633,0.320701553448107,"NA"
"P5",5,FALSE,FALSE,FALSE,FALSE,4,0.722952775676917,0.722952775676917,0.0940207211894545,-99.5125191073178,0.996057171767396,4,582.420000000042,"x4","x10*x4","troot(x4)*x4",1,1,0.987468159348398
"P6",5,FALSE,FALSE,FALSE,FALSE,3,0.284002128515961,0.284002128515961,0.038205608590015,-96.7669448270558,0.999882857687629,3,635.110000000102,"troot(x4*x4)","x2*x4","x3",1,0.995587686924068,0.124289070180968
