"Experiment","Run","F1","F2","F3","F4","Count_FP","Correlation","Correlation_FP","MAE","LMP","R2","Count_P","Time","First","Second","Third","FirstM","SecondM","ThirdM"
"P1",5,FALSE,FALSE,FALSE,FALSE,4,0.575250786586522,0.575250786586522,0.0689089913954739,-105.007113618834,0.998020649363,4,596.740000000107,"troot(x4)*troot(x4)","x3*x4","x4",0.999580982543205,0.985870824341653,0.140927356264372
"P2",5,TRUE,FALSE,FALSE,FALSE,1,0.462258623933997,-0.075482752132005,0.0314543283204368,-94.5244319535552,0.999963564826424,2,617.309999999939,"troot((x4*x6)*x4)","x6","NA",0.999999999994115,0.104173488321137,"NA"
"P3",5,FALSE,FALSE,FALSE,FALSE,4,0.839629353948456,0.839629353948456,0.0620019587575183,-99.877214903911,0.998767454504966,4,553.119999999995,"troot(x4*x4)","x3*x4","x4",1,0.720277730247516,0.376329518315855
"P4",5,FALSE,FALSE,FALSE,FALSE,2,0.604544956779782,0.604544956779782,0.0389454901079309,-96.7669448270558,0.999877681756991,2,599.869999999995,"troot(x4*x4)","x2*x4","NA",1,0.999952827337848,"NA"
"P5",5,FALSE,FALSE,FALSE,FALSE,6,0.54081117400511,0.54081117400511,0.048611583456282,-99.877214903911,0.999534083532368,6,584.340000000084,"troot(x4*x4)","x4","x3*x4",1,0.518360379779,0.418635932324423
"P6",5,FALSE,FALSE,FALSE,FALSE,4,0.729343900482399,0.729343900482399,0.0370084286178997,-106.945737189711,0.999897893080466,4,605.760000000009,"x9*troot(x4*x4)","troot(x4*x4)","x6",0.999999999996156,0.999989984971261,0.158509119693265
