"Experiment","Run","F1","F2","F3","F4","Count_FP","Correlation","Correlation_FP","MAE","LMP","R2","Count_P","Time","First","Second","Third","FirstM","SecondM","ThirdM"
"P5",3,TRUE,FALSE,FALSE,FALSE,5,0.854742025195626,0.825690430234752,0.000866275292627865,683.748086912524,0.999999936427361,6,NA,"troot(x4*x4)","troot(x4*x4)*x6","x5",0.743059519354307,0.730380573659017,0.284745201715383
"P1",3,FALSE,FALSE,FALSE,TRUE,5,0.501521834910808,0.401826417608904,0.00168044633442864,677.823332019781,0.999999798639016,6,NA,"x9*troot(x4*x4)","troot(x4*x4)*troot(x7)","troot(x4*x4)",1,0.99999999999998,0.999999999913967
"P2",3,FALSE,FALSE,FALSE,FALSE,5,0.658160380878026,0.658160380878026,0.00165842789481069,696.334701605583,0.999999788901666,5,NA,"troot(x4*x4)","troot(x4*x4)*x9","x7*troot(x4*x4)",1,0.999999999880345,0.999999999877735
"P3",3,FALSE,FALSE,FALSE,FALSE,2,0.999999245436819,0.999999245436819,0.000875962547237451,680.316800777649,0.999999911675585,2,NA,"troot(x4*x4)","troot(((x6*x6)*x4)*x4)","NA",1,1,"NA"
"P4",3,FALSE,FALSE,FALSE,FALSE,6,0.334262037282524,0.334262037282524,0.000912485898402971,683.955183587774,0.999999914727879,6,NA,"troot(x4*x4)","troot(x4*x4)*x6","x9",1,0.999999967182455,0.693702155297794
"P6",3,TRUE,FALSE,FALSE,FALSE,2,0.995239647353662,0.992859471030492,0.000829662202177553,687.881431327978,0.999999889916777,3,NA,"troot(x6*(x4*x4))","x4*x7","x4",0.999998711832442,0.99999871183244,0.999998711831711
