"Experiment","Run","F1","F2","F3","F4","Count_FP","Correlation","Correlation_FP","MAE","LMP","R2","Count_P","Time","First","Second","Third","FirstM","SecondM","ThirdM"
"P5",3,FALSE,FALSE,FALSE,FALSE,4,0.516812614245192,0.516812614245192,0.000974130323351242,683.748086912524,0.999999912657704,4,581.720000000001,"troot(x4*x4)","troot(x4*x4)*x6","x5",1,1,0.389858673662257
"P1",3,FALSE,FALSE,FALSE,FALSE,10,0.718761183949336,0.718761183949336,0.0020138560841331,585.998436403974,0.99999955413821,10,601.510000000009,"x4","troot((x4*x6)*troot(((x4*x6)*troot(x4))*x4))","x4*troot(troot(x4))",1,1,1
"P2",3,FALSE,FALSE,FALSE,FALSE,3,0.635474267278842,0.635474267278842,0.00098701088728366,673.488289482678,0.999999908647613,3,608.149999999965,"troot(x4)*troot(x4)","troot(x4)*(x6*troot(x4))","x2",1,1,0.135172325868725
"P3",3,FALSE,FALSE,FALSE,FALSE,13,0.382105882877111,0.382105882877111,0.013538982256618,534.242083079139,0.999803261743578,13,758,"sigmoid(x4*x6)","x4","troot(troot(1+(x4*x6)))*troot(x4*x6)",1,1,1
"P4",3,FALSE,FALSE,FALSE,FALSE,14,0.498592893070133,0.498592893070133,0.94561009215921,622.622515095248,-0.620458549496889,14,630.539999999921,"x4*x4","troot(x4*x4)*x4","troot(x4*x4)",1,1,1
"P6",3,FALSE,FALSE,FALSE,FALSE,15,0.453229079891259,0.453229079891259,0.887401243481562,449.285837479762,-0.415867275605996,15,874.439999999944,"(sin_deg(x4)*(x4*x4))*sin_deg(x4)","troot(x4)*((x4*x3)*x3)","x4",1,1,1
