"Experiment","Run","F1","F2","F3","F4","Count_FP","Correlation","Correlation_FP","MAE","LMP","R2","Count_P","Time","First","Second","Third","FirstM","SecondM","ThirdM"
"P5",3,TRUE,FALSE,FALSE,FALSE,2,0.995239647353662,0.992859471030492,0.000814102318769163,682.751532613053,0.999999897756608,3,530.640000000014,"troot(x6)*troot(x4*x4)","x4","x4*x7",1,0.957220371123668,0.953004035288879
"P1",3,FALSE,FALSE,FALSE,FALSE,7,0.130512954225079,0.130512954225079,0.00194922490849278,616.134114084623,0.999999714422468,7,559.899999999965,"troot(((x4*x3)*x8)*x4)","troot(x4*x4)","((x4*x3)*x8)*x4",1,1,0.999999999999718
"P2",3,FALSE,FALSE,FALSE,FALSE,12,0.282818406398497,0.282818406398497,0.101002106458178,626.195247719952,0.983128954512001,12,541.320000000007,"sin_deg(x4)*x4","x4","sin_deg(x4)",1,1,1
"P3",3,FALSE,FALSE,FALSE,FALSE,13,0.367740892847516,0.367740892847516,0.11744032424695,351.426631966641,0.982403025677302,13,565.75,"troot(x4)*troot(troot(troot(exp_dbl(troot(x4*x10)))))","x7*(x2*x4)","troot(x4)",1,1,1
"P4",3,FALSE,FALSE,FALSE,FALSE,6,0.537698481541852,0.537698481541852,0.00184363102316286,666.535914549928,0.999999725222646,6,586.880000000005,"troot(x4*x4)","(exp_dbl(x7)*(x7*troot(x4*x4)))*x9","x5",1,0.999999999999473,0.999999990773245
"P6",3,TRUE,FALSE,FALSE,FALSE,2,0.995239647353662,0.992859471030492,0.000829662507676789,687.881431327978,0.999999889916546,3,605.829999999958,"troot(x6*(x4*x4))","x4*x7","x4",1,0.999999999999998,0.999999999999269
