"Experiment","Run","F1","F2","F3","F4","Count_FP","Correlation","Correlation_FP","MAE","RMSE","LMP","R2","Count_P","Time","First","Second","Third","FirstM","SecondM","ThirdM"
"S1",34,TRUE,FALSE,FALSE,FALSE,6,0.568739860498072,0.496863170581084,0.00178773361586311,0.00344167937717029,694.601329548212,0.99999959977662,7,2263.707,"troot((x6*x4)*x4)","x4","x9*x4",1,1,0.999999997641254
"S2",34,FALSE,TRUE,FALSE,FALSE,3,0.491023623084247,0.321364948293435,0.00303320136757048,0.013172795059021,689.758049957918,0.999994137032238,4,2197.712,"troot((x9*x4)*x4)","troot((x9*x4)*x4)*x6","p3(x7)",1,1,1
"S3",34,FALSE,FALSE,FALSE,FALSE,8,0.731125044839421,0.731125044839421,0.00137837696113967,0.00248035584233896,698.270873824423,0.999999792131052,8,1986.422,"troot(x4)","x6*(x7*x4)","x9*x4",1,1,1
"S4",34,TRUE,FALSE,FALSE,FALSE,2,0.995239647353662,0.992859471030492,0.000832157447100076,0.00180399506301017,687.881431327976,0.999999890040609,3,2122.177,"troot((x4*x6)*x4)","x4","x7*x4",1,0.999522778357073,0.9994305106844
"S5",34,FALSE,FALSE,FALSE,FALSE,11,0.718980405740955,0.718980405740955,0.159406877624117,1.15359871098997,618.609743254135,0.955035355920796,11,1971.647,"(troot(x4)*p0(x4))*troot(x4)","x3*(x6*x4)","x6*x4",1,1,1
"S6",34,FALSE,FALSE,FALSE,FALSE,6,0.334694050662081,0.334694050662081,0.00142769305239449,0.00187879672134075,661.846402822506,0.999999880732745,6,1956.983,"x6*troot(1+(x4*x4))","troot(1+(x4*x4))","x5",1,1,0.994578752325768
