"Experiment","Run","Correlation","MAE","RMSE","LMP","R2","Count_P","Time","First","Second","Third","FirstM","SecondM","ThirdM"
"S1",15,0.824755386715442,3.53546266194608,6.62705420768065,-979.923473567179,0.566528545703757,17,4973.92,"x1*exp_dbl(x13)","x13*x6","x6*x11",1,1,0.999999992786635
"S2",15,0.848830324290971,3.25350030897505,5.92733432290684,-965.959563234002,0.653232566477611,16,5083.646,"x1*exp_dbl(x13)","x11","p3(x6)",1,0.999999999999469,0.999999222252212
"S3",15,0.815751041558113,3.63707959253726,7.49929237891496,-959.734151744379,0.444914313391579,18,5982.885,"x11","x1*sigmoid(x13)","x6*x6",1,1,1
"S4",15,0.894878896526788,2.86086812373622,4.4960319575355,-965.340886928853,0.800483767286136,16,4545.307,"x6*x10","p0(x13)*x10","x9",1,1,0.999999999999452
"S5",15,0.828054469165491,3.44315171183437,6.68885974772009,-973.78275331472,0.558405519719201,19,4163.761,"p3(x6)","x5*x1","sigmoid(x13)*(x5*x1)",1,1,1
"S6",15,0.805261197747732,3.72221599075568,7.1265843990411,-976.876664801621,0.498717755191483,10,3671.194,"(x5*x6)*(x11*p3(x6))","x6","x1",1,1,1
