"Experiment","Run","Correlation","MAE","RMSE","LMP","R2","Count_P","Time","First","Second","Third","FirstM","SecondM","ThirdM"
"S1",1,0.871210057516861,3.03106407928835,5.14947152611462,-968.462137395551,0.738275258865005,20,4536.582,"x9*x6","sigmoid(x13)*x9","x9*x13",1,1,1
"S2",1,0.897358457987721,2.81426405268722,4.44602631883193,-969.71339943643,0.804897194121997,14,4928.44,"x6*x6","x9*p0(x13)","p3(x6*x6)*x9",1,1,1
"S3",1,0.894927445106142,2.85427638096661,4.49510833313937,-965.340886928853,0.800565732509464,20,5801.369,"x10*p0(x13)","x10*x6","x10",1,1,1
"S4",1,0.877574232960659,3.07256143704283,4.97680506353419,-971.978450085872,0.755532733115252,16,4273.891,"x9*x6","p0(x13)*x9","x9",1,1,1
"S5",1,0.858174447197726,3.17342193187347,5.4777062614775,-975.669919031546,0.70384645447331,20,4073.843,"sigmoid(x13)*x9","x6","x11",1,1,0.99999999999931
"S6",1,0.891662949335291,2.88204372660212,4.56077243148282,-967.476983094379,0.794696542931612,13,3855.297,"x11","x10*x6","p0(x13)*x10",1,1,1
