"Experiment","Run","F1","F2","F3","F4","Count_FP","Correlation","Correlation_FP","MAE","RMSE","LMP","R2","Count_P","Time","First","Second","Third","FirstM","SecondM","ThirdM"
"S1",28,FALSE,FALSE,FALSE,FALSE,13,0.439857940129396,0.439857940129396,0.121896911243904,0.779587902214164,629.411367723927,0.979465136613433,13,2392.21600000001,"x10*(x4*x6)","x10*x4","x4",1,1,1
"S2",28,FALSE,FALSE,FALSE,FALSE,6,0.470036475418473,0.470036475418473,0.00173500383601467,0.00247471499715792,689.283109320531,0.999999793075452,6,2379.85700000002,"troot(x4*x4)*x7","(troot(x4)*x9)*troot(x4)","troot(x4*x4)",1,1,1
"S3",28,FALSE,FALSE,FALSE,FALSE,6,0.543291565763375,0.543291565763375,0.00153508268109331,0.0024175556031372,697.519928711663,0.999999802523883,6,2182.69800000003,"x9*troot(x4*x4)","troot(x4*x4)","x5",1,0.999999913614241,0.999999901010557
"S4",28,FALSE,FALSE,FALSE,FALSE,14,0.388784145526052,0.388784145526052,0.0201860354829419,0.107469418604301,564.227584190727,0.999609760312958,14,2355.033,"sigmoid(troot(x4))*sin_deg(x4)","x4","x4*x6",1,1,1
"S5",28,FALSE,FALSE,FALSE,FALSE,5,0.414563800477888,0.414563800477888,0.000949701785477288,0.00160277498954344,673.695386157928,0.999999913202593,5,2241.16399999999,"(troot(x4)*troot(x4))*x6","troot(x4)*troot(x4)","x9",1,1,0.679175766772225
"S6",28,FALSE,FALSE,FALSE,FALSE,8,0.394747488356239,0.394747488356239,0.00154669872317499,0.00287681452882218,681.152982715485,0.99999972036897,8,2419.13400000002,"(exp_dbl(x7)*troot(x4*x4))*x7","x9*troot(x4*x4)","x9*(x9*troot(x4*x4))",1,1,1
