"Experiment","Run","F1","F2","F3","F4","Count_FP","Correlation","Correlation_FP","MAE","RMSE","LMP","R2","Count_P","Time","First","Second","Third","FirstM","SecondM","ThirdM"
"S1",19,FALSE,FALSE,FALSE,TRUE,1,0.45321301523198,-0.0935728909563669,0.046691690133439,0.0802718725477369,-94.3406692127019,0.99978228496376,2,2625.207,"troot(x4*(x4*x7))","x2","NA",0.919347432809168,0.25360798887816,"NA"
"S2",19,FALSE,FALSE,FALSE,TRUE,1,0.996429109555188,0.992859297690051,0.0438539119098369,0.0769966201352572,-94.3406692127019,0.999799688926123,2,2962.874,"troot(x4*(x4*x7))","x4","NA",0.999999998959623,0.161464946276648,"NA"
"S3",19,FALSE,FALSE,FALSE,TRUE,2,0.639125155659457,0.458688272779023,0.0430786682357081,0.075480523514347,-94.3406692127019,0.999807499685582,3,2582.745,"troot((x4*x7)*x4)","x4","x6",0.999999716459034,0.130989450796466,0.11132779235521
"S4",19,FALSE,FALSE,FALSE,TRUE,1,0.321457696704322,-0.357083528011682,0.0438454661355604,0.0753896737754618,-94.3406692127019,0.999807962800507,2,2765.425,"troot((x7*x4)*x4)","x3","NA",1,0.130872342722932,"NA"
"S5",19,FALSE,FALSE,FALSE,TRUE,1,0.996429109555188,0.992859297690051,0.0441624832677427,0.0767913527786814,-94.3406692127019,0.999800755531818,2,2504.666,"troot(x7*(x4*x4))","x4","NA",0.999999979328807,0.147752468029888,"NA"
"S6",19,TRUE,FALSE,FALSE,FALSE,0,1,NA,0.0314800174434596,0.033026080875873,-94.5244319535552,0.999963146756554,1,2152.325,"troot(x4*(x4*x6))","NA","NA",1,"NA","NA"
