"Experiment","Run","F1","F2","F3","F4","Count_FP","Correlation","Correlation_FP","MAE","LMP","R2","Count_P","Time","First","Second","Third","FirstM","SecondM","ThirdM"
"P1",14,FALSE,FALSE,FALSE,FALSE,13,0.446479042234547,0.446479042234547,0.269827503659442,563.030182424347,0.87031161812007,13,509.815,"x4","x4*x4","x8*x4",1,1,1
"P2",14,TRUE,FALSE,FALSE,FALSE,4,0.583161027119836,0.478951283899795,0.000842226504835623,687.684548542455,0.999999891637977,5,383.378000000001,"troot(x4*(x6*x4))","x4","x6*x4",1,0.999998622796938,0.999998616862697
"P3",14,FALSE,FALSE,FALSE,FALSE,4,0.457735012426131,0.457735012426131,0.000980195828010184,673.488289482678,0.999999909818581,4,396.004999999997,"(troot(x4)*troot(x4))*x6","troot(x4)*troot(x4)","x2",1,1,0.132267593852372
"P6",14,FALSE,TRUE,FALSE,FALSE,4,0.387649136801856,0.23456150913815,0.00295890111413777,684.115612382365,0.999994524459921,5,472.176000000007,"x6*troot((x4*x9)*x4)","troot((x4*x9)*x4)","p3(x7)",1,1,0.999999999999651
