"Experiment","Run","F1","F2","F3","F4","Count_FP","Correlation","Correlation_FP","MAE","RMSE","LMP","R2","Count_P","Time","First","Second","Third","FirstM","SecondM","ThirdM"
"S1",33,FALSE,FALSE,FALSE,FALSE,4,0.484579364876817,0.484579364876817,0.000914109688155199,0.00162105396718312,683.81122596715,0.999999911211528,4,2126.529,"troot(x4*x4)","x6*troot(x4*x4)","x9",1,1,0.513730480957253
"S2",33,FALSE,TRUE,FALSE,FALSE,7,0.122031395515256,-0.00339264047637592,0.00378642523412414,0.0159407710847193,691.661908177466,0.999991414209517,8,2229.738,"troot(x4*(x9*x4))","x8*troot(x4*(x9*x4))","x8",1,1,0.999999967234342
"S3",33,FALSE,FALSE,FALSE,FALSE,10,0.579805355515377,0.579805355515377,131.381043198502,965.371525090639,593.529242914157,-31487.4008239221,10,2539.922,"p3(p0(x4)*p0(x4))","x4","x4*x6",1,1,1
"S4",33,FALSE,FALSE,FALSE,FALSE,4,0.740120354748285,0.740120354748285,0.00169319765282927,0.00267098498148088,700.034300781735,0.999999758951447,4,2451.883,"troot(x4*x4)","x9*troot(x4*x4)","x7*troot(x4*x4)",1,1,1
"S5",33,FALSE,TRUE,FALSE,FALSE,4,0.421366401731373,0.276708090300046,0.00289908708269135,0.0131925945900143,689.758049957918,0.999994119394181,5,1812.937,"troot((x4*x9)*x4)","troot((x4*x9)*x4)*x6","p3(x7)",1,0.999999967622636,0.999999836817385
"S6",33,FALSE,FALSE,FALSE,FALSE,5,0.583639074118533,0.583639074118533,0.00167788281214293,0.0024837917986614,699.010338532581,0.999999791554745,5,2091.938,"troot(x4*x4)","x9*troot(x4*x4)","troot(x4*x4)*x7",1,1,1
