"Experiment","Run","F1","F2","F3","F4","Count_FP","Correlation","Correlation_FP","MAE","LMP","R2","Count_P","Time","First","Second","Third","FirstM","SecondM","ThirdM"
"P6",40,FALSE,TRUE,FALSE,FALSE,2,0.995239529839223,0.992859471030492,0.0637237777309724,-101.881380727833,0.998287008028818,3,388.759999999998,"troot((x9*x4)*x4)","x4","x4*x7",0.999999999973359,0.679430065028159,0.408826193714793
