"Experiment","Run","F1","F2","F3","F4","Count_FP","Correlation","Correlation_FP","MAE","LMP","R2","Count_P","Time","First","Second","Third","FirstM","SecondM","ThirdM"
"P6",40,FALSE,FALSE,FALSE,FALSE,4,0.986210431885491,0.986210431885491,0.0635219755732725,-105.608451012088,0.998941282247693,4,391.881000000001,"x4","x4*troot(x4)","x4*x4",0.999999128120931,0.999998273132408,0.999995013873525
