"Experiment","Run","F1","F2","F3","F4","Count_FP","Correlation","Correlation_FP","MAE","RMSE","LMP","R2","Count_P","Time","First","Second","Third","FirstM","SecondM","ThirdM"
"S1",27,TRUE,FALSE,FALSE,FALSE,1,0.50221070672575,0.00442141345149907,0.0314404576304647,0.0347734860688151,-94.5244319535552,0.999959143788006,2,737.058,"troot(x4*(x4*x6))","x10","NA",1,0.383608184552091,"NA"
"S3",27,FALSE,FALSE,FALSE,FALSE,3,0.381478412441251,0.381478412441251,0.0387286191363729,0.0600926328712674,-96.7669448270559,0.999877987563238,3,737.304,"troot(x4*x4)","x2*x4","x7",1,0.985739913328019,0.162190785042453
"S4",27,FALSE,FALSE,FALSE,FALSE,4,0.720539122312814,0.720539122312814,0.0511478554943964,0.144947529787532,-102.146901329513,0.99929012272619,4,765.082,"x4","x4*p0(x4)","x4*x7",0.999996487746482,0.999994119253872,0.915953499382515
"S5",27,FALSE,FALSE,FALSE,TRUE,1,0.462258084644161,-0.075482752132005,0.0432625210524474,0.0750557987080534,-94.3406692127019,0.999809659968165,2,736.427,"troot(x4*(x4*x7))","x6","NA",1,0.164520133475859,"NA"
"S6",27,FALSE,FALSE,FALSE,FALSE,4,0.505745956157171,0.505745956157171,0.0675927797798259,0.242698952095194,-99.688620267966,0.998009796717393,4,829.029,"x4","x4*p0(x4)","(x10*x4)*x2",0.999999999999963,0.999997861591483,0.999997753308531
