"Experiment","Run","F1","F2","F3","F4","Count_FP","Correlation","Correlation_FP","MAE","RMSE","LMP","R2","Count_P","Time","First","Second","Third","FirstM","SecondM","ThirdM"
"S1",1,TRUE,FALSE,FALSE,FALSE,1,0.50221070672575,0.00442141345149907,0.0313902399516313,0.0347791977568625,-94.5244319535552,0.999959130365302,2,2159.14600000001,"troot(x4*(x6*x4))","x10","NA",0.999406917124304,0.303891969314757,"NA"
"S2",1,FALSE,FALSE,FALSE,TRUE,0,0.999998921420326,NA,0.0446221722158311,0.0763182798838542,-94.3406692127019,0.999803202860025,1,2221.78399999999,"troot((x4*x7)*x4)","NA","NA",1,"NA","NA"
"S3",1,FALSE,FALSE,FALSE,FALSE,4,0.531616614779402,0.531616614779402,0.0366557551516161,0.0587137110880475,-96.7669448270559,0.999883522859874,4,2288.64499999996,"troot(x4*x4)","x4*x2","x6",1,0.96240581509656,0.233890863969156
"S4",1,FALSE,FALSE,FALSE,FALSE,3,0.371839007534399,0.371839007534399,0.0389756337573155,0.0601067826608952,-96.7669448270558,0.99987793009684,3,2257.99199999997,"x2*x4","troot(x4*x4)","x2",0.995054343154815,0.987139178791208,0.180815386951998
"S5",1,FALSE,TRUE,FALSE,FALSE,2,0.733983182178753,0.600974949539788,0.0423452749484045,0.0843253380828493,-106.240041651407,0.99975974202186,3,2200.98100000003,"troot(x9)*troot(x4*x4)","x2*x4","x4",1,0.852084084755382,0.160949409468173
"S6",1,TRUE,FALSE,FALSE,FALSE,0,1,NA,0.0320552423689859,0.0331325611037375,-94.5244319535552,0.999962908734505,1,2286.62400000001,"troot(x6*(x4*x4))","NA","NA",0.999999993603595,"NA","NA"
