"Experiment","Run","F1","F2","F3","F4","Count_FP","Correlation","Correlation_FP","MAE","LMP","R2","Count_P","Time","First","Second","Third","FirstM","SecondM","ThirdM"
"P1",34,TRUE,FALSE,FALSE,FALSE,3,0.437847731639021,0.250463669416278,1.42047481887671e+269,646.539963078515,-Inf,4,470.857,"troot(x4*x4)","troot(1+(x4+(1+((x4*x6)*x4))))","sigmoid(troot(x4*x4))",1,0.999999999998903,0.999075597326517
"P2",34,FALSE,FALSE,FALSE,FALSE,7,0.223374029960984,0.223374029960984,0.00345241953090214,595.289313652919,0.999997211559567,7,386.307999999997,"troot(x4*x4)","x7","x7*((x4*x2)*x2)",1,0.999998821220198,0.999993073426953
"P3",34,FALSE,FALSE,FALSE,FALSE,6,0.133247834729134,0.133247834729134,1.20138332100549e+148,616.307633826675,-2.63341067814029e+296,6,387.756999999998,"(troot(x4)*x4)*x8","x7","(x4*x8)*x3",1,1,1
"P4",34,TRUE,FALSE,FALSE,FALSE,2,0.714245609496639,0.571368414244959,0.000824839430192207,684.777371260962,0.999999911803359,3,375.911999999997,"troot((x4*x6)*x4)","troot(x4*x4)","x5",1,0.99987252393144,0.329101766646558
"P5",34,FALSE,FALSE,FALSE,FALSE,9,0.285592671490062,0.285592671490062,0.00279466761447702,465.258667823322,0.999999257899211,9,364.638000000006,"p0(x4*x10)","(troot(1+(x3+(x4+x10)))*troot(1+(x3+(x4+x10))))*x6","x10",1,1,1
"P6",34,FALSE,FALSE,TRUE,FALSE,7,NA,0.694062369917285,2.00559831573566e+302,656.054027912243,-Inf,8,400.789000000004,"troot(1+(sigmoid(x8)+((x9*x4)*(x9*x4))))","x4","x7*x4",1,1,1
