"Experiment","Run","F1","F2","F3","F4","Count_FP","Correlation","Correlation_FP","MAE","RMSE","LMP","R2","Count_P","Time","First","Second","Third","FirstM","SecondM","ThirdM"
"S1",5,FALSE,FALSE,FALSE,FALSE,2,0.604544956779782,0.604544956779782,0.0389864774266065,0.0612845266417654,-96.7669448270559,0.999873099507431,2,2671.555,"x4*x2","troot(x4*x4)","NA",0.999958563098488,0.999853330860896,"NA"
"S2",5,FALSE,FALSE,FALSE,FALSE,5,0.55964764235026,0.55964764235026,0.0958892638830398,0.343907842225825,-99.5125191073178,0.996003813075964,5,2783.559,"x4","x4*troot(x4)","x10*x4",1,0.999999999999884,0.999999206718868
"S3",5,FALSE,FALSE,FALSE,TRUE,1,0.996429109555188,0.992859297690051,0.0438241669944446,0.0769302544076016,-94.3406692127019,0.999800034085716,2,3037.612,"troot(x4*(x4*x7))","x4","NA",0.999277382657248,0.159956157790878,"NA"
"S4",5,FALSE,FALSE,FALSE,FALSE,3,0.788552607527299,0.788552607527299,0.0694025076924488,0.242903423492969,-99.877214903911,0.998006441852737,3,2774.383,"x4*x3","troot(x4*x4)","x4",0.99999582739552,0.999995483031663,0.155637368217093
"S5",5,FALSE,FALSE,FALSE,FALSE,2,0.604544956779782,0.604544956779782,0.0389882090316212,0.0613072229005043,-96.7669448270558,0.99987300549676,2,2723.976,"troot(x4*x4)","x2*x4","NA",1,0.99355928233935,"NA"
"S6",5,FALSE,FALSE,FALSE,FALSE,3,0.985488592981159,0.985488592981159,0.0930896270657964,0.341772889351407,-99.5125191073179,0.996053275098896,3,2300.963,"x4","x10*x4","x4*troot(x4)",1,0.999999999998006,0.999999999215258
