"Experiment","Run","F1","F2","F3","F4","Count_FP","Correlation","Correlation_FP","MAE","LMP","R2","Count_P","Time","First","Second","Third","FirstM","SecondM","ThirdM"
"P2",29,TRUE,FALSE,FALSE,FALSE,6,0.268886601805629,0.147034368773233,0.00113325487206753,694.480253195254,0.999999801072503,7,NA,"troot(x6*(x4*x4))","exp_dbl(sin_deg(x8*x4))","x8*x4",0.999999806297333,0.999999806289222,0.999999802059597
"P4",29,FALSE,FALSE,TRUE,FALSE,6,0.867401505327461,0.845301790932432,0.17491493736298,688.540318546495,0.945494951022347,7,NA,"x4","x5*x4","x9*x4",1,0.999999950601842,0.999999950601842
"P5",29,FALSE,FALSE,FALSE,FALSE,5,0.585957347664757,0.585957347664757,0.00155314126312017,679.546310360751,0.99999978275199,5,NA,"troot(x4)*troot(x4)","(troot(x4)*troot(x4))*x7","(troot(x4)*troot(x4))*x9",1,0.995041763827605,0.995041763827605
"P6",29,FALSE,TRUE,FALSE,FALSE,2,0.655915039991468,0.483872736258861,0.00142595647672302,685.279185782357,0.999999854927721,3,NA,"troot((x9*x4)*x4)","((troot((x9*x4)*x4)*x7)*x6)*x6","x8*x5",1,0.999999836535346,0.999998676311318
