"Experiment","Run","F1","F2","F3","F4","Count_FP","Correlation","Correlation_FP","MAE","LMP","R2","Count_P","Time","First","Second","Third","FirstM","SecondM","ThirdM"
"P2",29,TRUE,FALSE,FALSE,FALSE,6,0.268886601805629,0.147034368773233,0.00113325493857453,694.480253195254,0.999999801072468,7,370.163,"troot(x6*(x4*x4))","exp_dbl(sin_deg(x8*x4))","x8*x4",1,0.999999999991889,0.999999995762263
"P4",29,FALSE,FALSE,FALSE,FALSE,10,0.679333662513334,0.679333662513334,0.00441249058632891,562.481037329133,0.999990875173322,10,480.476999999999,"x4","troot(x4*x6)*troot(x4*x6)","x4*(x8*x4)",1,1,1
"P5",29,FALSE,FALSE,FALSE,FALSE,5,0.598430758097566,0.598430758097566,0.000919444507012829,673.551428537306,0.999999912939156,5,367.024000000005,"(troot(x4)*troot(x4))*x6","troot(x4)*troot(x4)","x9",1,1,0.544030731718853
"P6",29,FALSE,FALSE,FALSE,FALSE,5,0.202401128731009,0.202401128731009,0.000923675864735059,645.775550861881,0.999999900019832,5,343.137000000002,"troot(x4*x6)*troot(x4*x6)","p0(x6)*(troot(x4*x6)*troot(x4*x6))","x6",1,0.92687638742593,0.707042703946865
