"Experiment","Run","F1","F2","F3","F4","Count_FP","Correlation","Correlation_FP","MAE","RMSE","LMP","R2","Count_P","Time","First","Second","Third","FirstM","SecondM","ThirdM"
"S1",28,TRUE,FALSE,FALSE,FALSE,1,0.462258623933997,-0.075482752132005,0.0311282980177872,0.0330387214448331,-94.5244319535552,0.999963118540362,2,2651.669,"troot((x4*x6)*x4)","x6","NA",0.999999993784295,0.10004282934703,"NA"
"S2",28,FALSE,FALSE,FALSE,FALSE,3,0.377869053809186,0.377869053809186,0.0367465054239984,0.06031035470427,-96.7669448270559,0.999877101834204,3,2722.561,"troot(x4*x4)","x2*x4","x6",1,0.997186822156082,0.230678504906143
"S3",28,FALSE,FALSE,FALSE,FALSE,3,0.985488592981159,0.985488592981159,0.0933054610296083,0.34274284342971,-99.5125191073179,0.996030841639828,3,2745.88,"x4","x4*troot(x4)","x4*x10",0.999999999999743,0.99674522744644,0.989928002479028
"S4",28,FALSE,FALSE,FALSE,FALSE,2,0.604544956779782,0.604544956779782,0.0389871660471054,0.0612885644383621,-96.7669448270558,0.99987308278493,2,2809.726,"troot(x4*x4)","x2*x4","NA",0.999999715721495,0.999999715721284,"NA"
"S5",28,FALSE,FALSE,FALSE,FALSE,3,0.651563512936131,0.651563512936131,0.0365745692908508,0.052168764458177,-100.723720798733,0.999908043435365,3,2471.191,"troot(x4*x4)","x4*x8","x4",1,0.999619792371222,0.670733448191218
"S6",28,TRUE,FALSE,FALSE,FALSE,2,0.303616174165044,-0.0445757387524339,5.25271459384568e+293,Inf,-99.6543306684783,-Inf,3,2298.375,"troot(x4*x4)*troot(x6)","x2","x10",1,0.296228893398227,0.242597521329081
