"Experiment","Run","F1","F2","F3","F4","Count_FP","Correlation","Correlation_FP","MAE","LMP","R2","Count_P","Time","First","Second","Third","FirstM","SecondM","ThirdM"
"P1",8,FALSE,FALSE,FALSE,FALSE,10,0.546845349242598,0.546845349242598,0.00350874521245232,636.060125177466,0.999996961009459,10,NA,"x4","x4*x10","x4*x4",1,1,1
"P2",8,FALSE,FALSE,FALSE,FALSE,5,0.657085257273899,0.657085257273899,0.00165406543918461,696.692541425039,0.999999789623562,5,NA,"troot(x4*x4)","x5","x9*troot(x4*x4)",1,0.999995272869943,0.999994515621121
"P3",8,FALSE,FALSE,FALSE,FALSE,13,0.54927150481271,0.54927150481271,NA,592.387107133274,NA,13,NA,"x4","x4*p0(x4)","x2*(x4*x4)",1,0.99999999999985,0.999999996704719
"P4",8,TRUE,FALSE,FALSE,FALSE,1,0.999999656085019,0.999999312170039,0.000808633597412306,684.777371260963,0.999999909948791,2,NA,"troot(x4*(x6*x4))","troot(x4*x4)","NA",1,0.99999999993947,"NA"
"P5",8,FALSE,FALSE,FALSE,FALSE,5,0.414331498166861,0.414331498166861,NA,654.212853059608,NA,5,NA,"troot(((x4*x6)*x4)*x6)","x6*troot(((x4*x6)*x4)*x6)","x6",0.999623957411868,0.999623957411868,0.998084271626807
"P6",8,FALSE,FALSE,FALSE,FALSE,7,0.212588106875551,0.212588106875551,NA,686.806437259465,NA,7,NA,"troot(x4*(x7*(x4*x9)))","x7*troot(x4*x4)","p3(x7)",0.999999999999992,0.999999999999992,0.998537211539242
