"Experiment","Run","F1","F2","F3","F4","Count_FP","Correlation","Correlation_FP","MAE","LMP","R2","Count_P","Time","First","Second","Third","FirstM","SecondM","ThirdM"
"P1",8,FALSE,FALSE,FALSE,FALSE,12,0.494896475879639,0.494896475879639,1.09767540735463,446.437510905701,-0.824776190794186,12,497.383,"p0((x3*x4)*(x4*x4))","x4","x3*x4",1,1,1
"P2",8,FALSE,FALSE,FALSE,FALSE,4,0.742223839579643,0.742223839579643,0.00149843705019299,659.567221211153,0.999999798209895,4,368.674999999999,"troot(x4)*troot(x4)","troot(x4*(p3(x7)*x4))","troot(x4)*(troot(x4)*x9)",1,1,1
"P3",8,FALSE,FALSE,FALSE,FALSE,11,NA,NA,NA,521.027556605995,NA,11,488.735999999997,"x4*p0(x4)","(x4*p0(x4))*(x4*x9)","x4",1,1,1
"P4",8,FALSE,FALSE,FALSE,FALSE,12,0.900978027239994,0.900978027239994,0.280999562244459,572.968379879278,0.875920403535561,12,556.626999999993,"troot(x7*x4)","x4*troot(x9*(x10*x4))","(x7*x9)*(x9*(x10*x4))",1,1,1
"P5",8,FALSE,TRUE,FALSE,FALSE,5,0.818976518121109,0.782771892253994,0.00130810619805807,646.327421018238,0.999999897456662,6,377.911000000007,"troot((x4*x9)*x4)","x9*troot((x4*x9)*x4)","x4",1,1,1
"P6",8,FALSE,FALSE,FALSE,FALSE,3,0.64511361010291,0.64511361010291,0.00108671169275943,654.321015282943,0.999999890058106,3,372.688999999998,"(troot(x4)*troot(1+x4))*x6","troot(x4)*troot(1+x4)","x7",1,1,0.170722425650823
